tree
version=v4
num_class=1
num_tree_per_iteration=1
label_index=0
max_feature_idx=35
objective=binary sigmoid:1
feature_names=log_n_addr log_tx_sent log_tx_recv log_counterparties avg_n_in avg_n_out log_sent log_recv log_lifetime_h consolidation_share fan_out_share coinjoin_share peel_share peel_len_max out_service_share in_service_share taint_max taint_in_frac ppr_log seed_hops n_risk_paths top_ip_share n_origin_ips mean_origin_p unobservable_share log_shared_ip_clusters country_count tx_anom_max tx_anom_mean actor_anom log_fee_rate log_gap_h night_share victim_exposure service_score is_cashout
feature_infos=[0.69314718055994529:4.9558270576012609] [0.69314718055994529:4.1743872698956368] [0:5.472270673671475] [0:5.472270673671475] [1:15] [1:16] [0.092591031724243933:11.607554770204789] [0:11.512204576542594] [0:4.5690643302274756] [0:1] [0:1] [0:1] [0:1] [0:5] [0:1] [0:1] [0:0.94999999999999996] [0:0.95000000000000007] [0:3.1763806922432702] [0:9] [0:3] [0:1] [0:38] [0:0.99000368431022323] [0:1] [0:6.0038870671065387] [0:14] [0:1] [0:1] [0:1] [0.69314718055994529:5.347208842707829] [0:4.4992616396549323] [0:1] [0:1] [0:1] [0:1]
tree_sizes=1682 1720 1709 1719 1700 1720 1718 1709 1711 1716 1725 1733 1716 1738 1728 1734 1724 1722 1740 1711 1716 1729 1731 1724 1716 1732 1724 1729 1732 1735 1732 1725 1729 1720 1725 1732 1721 1729 1735 1735 1734 1724 1729 1725 1724 1729 1725 1729 1721 1725 1736 1723 1718 1717 1722 1736 1731 1732 1736 1737 1737 1735 1743 1733 1728 1731 1734 1723 1725 1717 1736 1732 1745 1739 1730 1724 1745 1732 1735 1739 1736 1747 1740 1737 1727 1742 1727 1738 1731 1732 1740 1729 1744 1743 1732 1736 1735 1735 1733 1735 1756 1739 1737 1744 1734 1741 1752 1740 1729 1746 1743 1750 1734 1741 1736 1741 1747 1771 1739 1755 1729 1731 1740 1738 1733 1749 1744 1730 1761 1746 1756 1742 1753 1748 1730 1749 1748 1730 1755 1752 1744 1763 1745 1748 1747 1750 1761 1761 1771 1752 1754 1761 1774 1735 1753 1750 1762 1767 1761 1750 1762 1759 1767 1754 1750 1763 1757 1752 1752 1749 1763 1760 1756 1767 1757 1765 1775 1767 1762 1772 1768 1757 1756 1757 1766 1768 1770 1763 1764 1774 1752 1763 1773 1771 1773 1777 1762 1774 1759 1767 1775 1766 1761 1761 1761 1772 1766 1774 1768 1763 1781 1769 1764 1769 1771 1770 1780 1772 1770 1779 1774 1778 1764 1784 1774 1767 1773 1775 1771 1778 1776 1765 1781 1771 1776 1782 1781 1771 1773 1776 1778 1763 1759 1772 1780 1773 1783 1763 1769 1767 1777 1772 1787 1780 1763 1778 1773 1779 1779 1773 1791 1764 1790 1793 1782 1771 1788 1778 1785 1781 1779 1772 1798 1758 1783 1777 1795 1779 1783 1782 1787 1791 1778 1787 1770 1783 1782 1781 1793 1799 1785 1803 1801 1784 1794 1785 1799 1788 1792 1779 1790 1779 1800 1784 1795 1800 1795 1794 1798 1801 1791 1804 1775 1789 1792 1795 1799 1801 1790 1805 1799 1790 1800 1802 1784 1786 1806

Tree=0
num_leaves=15
num_cat=0
split_feature=16 12 5 7 7 7 14 14 3 3 7 5 7 7
split_gain=65691.8 17366.1 12739.7 12974.7 3118.63 1382.64 2400.64 2518.74 952.602 671.248 1445.28 877.84 391.808 38.3121
threshold=1.0000000180025095e-35 0.87500000000000011 1.7500000000000002 5.3234555491048932 2.0927872154753495 3.3630845931548374 0.047870854918830016 0.28916283568923556 1.4978661367769956 1.4978661367769956 3.7442327417766639 3.5833333333333335 3.6785812731335512 3.1919587132661058
decision_type=2 2 2 2 2 2 2 2 2 2 2 2 2 2
left_child=1 2 3 4 -1 13 9 8 12 -7 11 -11 -8 -4
right_child=-2 -3 5 -5 -6 6 7 -9 -10 10 -12 -13 -14 -15
leaf_value=-4.2657247268390517 -0.96032630620900816 -1.4876583937391601 -4.2895907163927083 -4.2862624950207184 -1.2713196731028749 -4.2898622163105964 -3.9981046866276415 -4.2802623856193902 -4.2616257064631329 -4.2641432048148706 -4.283315864300973 -2.3931455628308038 -2.103010959638298 -4.1731503794605196
leaf_weight=0.95115983113646674 16.779760152101517 5.2605113591998807 218.61758716683835 8.2946732332929951 7.4337822208181024 26.310759446583688 0.59217116795480196 3.4269729210063815 0.68539458420127619 0.83925867453217451 5.0355520471930504 1.2218631021678446 3.0219097277149558 6.4576843408867708
leaf_count=68 158 68 15622 593 84 1881 35 245 49 60 360 14 62 447
internal_value=-3.91011 -4.09264 -4.15061 -2.85089 -1.57744 -4.23694 -3.97399 -3.23521 -2.55201 -4.16912 -3.77072 -2.91367 -2.29359 -4.28596
internal_weight=304.929 288.149 282.889 16.6796 8.38494 266.209 41.1339 7.72645 4.29948 33.4074 7.09667 2.06112 3.61408 225.075
internal_count=19746 19588 19520 745 152 18775 2706 391 146 2315 434 74 97 16069
is_linear=0
shrinkage=1


Tree=1
num_leaves=15
num_cat=0
split_feature=14 3 2 29 32 19 0 27 27 14 27 14 27 27
split_gain=1527.85 1096.65 328.595 319.676 180.448 126.629 106.818 91.9826 68.2397 64.5302 258.451 36.156 31.0109 27.158
threshold=1.0000000180025095e-35 1.4978661367769956 1.0000000180025095e-35 0.25820768859100324 1.0000000180025095e-35 7.5000000000000009 0.89587973461402759 0.82039099244797919 0.8388413307628364 0.29647069744014076 0.82431827782036649 0.26733895799946933 0.49752420639784295 0.98771797943566986
decision_type=2 2 2 2 2 2 2 2 2 2 2 2 2 2
left_child=1 5 -2 11 7 -1 9 -3 -9 -5 -11 -4 -8 -10
right_child=2 4 3 6 -6 -7 12 8 13 10 -12 -13 -14 -15
leaf_value=0.15709136864708495 -0.047457781660098231 -0.04163684305101114 0.080290871418794818 0.22874160920999539 -0.051801048676822031 -0.050658357153674574 0.17891907169032423 0.35195141962235632 0.1693459222353223 -0.046609304568054698 0.1988599651643248 -0.047090521627365933 -0.044357930035410005 -0.030245796961635731
leaf_weight=6.6744937896728507 14.70307241566479 4.5973906004801384 8.2152092605829239 182.36163992714137 9.6669645812362415 189.40636359341443 1.014521850273012 5.2291250089183441 95.098372464999557 11.4216281613335 116.9520188709721 13.089890211820602 5.8377069849520922 1.450524809770285
leaf_count=4 1102 341 230 536 471 13877 10 33 700 851 134 978 354 99
internal_value=0.110053 0.0292741 0.181073 0.191098 0.150428 -0.0428255 0.203638 0.169117 0.17895 0.207931 0.176829 0.00342509 0.00727562 0.166068
internal_weight=665.719 312.123 353.596 338.893 116.042 196.081 317.588 106.375 101.778 310.735 128.374 21.3051 6.85223 96.5489
internal_count=19720 15525 4195 3093 1644 13881 1885 1173 832 1521 985 1208 364 799
is_linear=0
shrinkage=0.05


Tree=2
num_leaves=15
num_cat=0
split_feature=6 2 6 29 3 5 1 6 5 0 6 27 25 25
split_gain=1064.16 513.516 464.575 385.69 160.661 137.251 121.355 79.9436 162.027 78.4485 76.135 53.0278 31.3711 30.7866
threshold=2.241878346843778 1.0000000180025095e-35 5.2724682103148881 0.25820768859100324 0.89587973461402759 1.7500000000000002 0.89587973461402759 3.1701730668757713 1.7500000000000002 1.8688348091416842 2.8788307172725802 0.09099527851974358 0.89587973461402759 1.8688348091416842
decision_type=2 2 2 2 2 2 2 2 2 2 2 2 2 2
left_child=5 -2 3 13 -5 -1 7 8 -6 12 -10 -9 -8 -3
right_child=1 2 -4 4 6 -7 9 11 10 -11 -12 -13 -14 -15
leaf_value=0.1431158474637732 -0.049418328080067055 0.042501913662752043 -0.051558593076772102 -0.045717850939664614 0.17011760572996609 -0.050340908964568921 0.15364500839931433 0.50989589842069949 -0.047584921252941677 0.15307094575951968 0.10544440318637052 0.18372274990002579 -0.047793325135027272 -0.048642354269459967
leaf_weight=9.0183052700012905 37.667495525442064 15.917076038196681 29.376723241992295 8.6580763133242709 82.481174349784851 111.69337190035731 1.2577705783769513 0.57704667840152879 14.413001163862647 10.584533751010893 16.419991333037615 332.99029608629644 12.93664363119751 19.516199457459152
leaf_count=7 2942 681 1821 654 54 8601 27 18 1074 10 415 1142 881 1447
internal_value=0.100053 0.128002 0.14033 0.151338 0.163059 -0.0348307 0.16698 0.172972 0.133886 0.0564054 0.0346626 0.185809 -0.0210066 -0.00765641
internal_weight=703.508 582.796 545.129 515.752 480.319 120.712 471.66 446.882 113.314 24.7789 30.833 333.567 14.1944 35.4333
internal_count=19774 11166 8224 6403 4275 8608 3621 2703 1543 918 1489 1160 908 2128
is_linear=0
shrinkage=0.05


Tree=3
num_leaves=15
num_cat=0
split_feature=7 14 3 6 16 7 29 16 16 22 14 27 7 27
split_gain=1311.75 416.747 515.413 261.229 97.1217 82.6543 77.9725 63.7541 55.3697 62.9139 49.2656 111.647 46.9513 45.4975
threshold=2.0501146807920381 1.0000000180025095e-35 1.4978661367769956 5.2724682103148881 0.036506651930943761 3.1536255296799243 0.25820768859100324 0.077075245101965825 1.0000000180025095e-35 1.5000000000000002 0.28916283568923556 0.82431827782036649 2.9421514417660002 0.82039099244797919
decision_type=2 2 2 2 2 2 2 2 2 2 2 2 2 2
left_child=-1 2 4 5 -2 -4 7 -3 9 10 12 -12 -8 -7
right_child=1 6 3 -5 -6 13 8 -9 -10 -11 11 -13 -14 -15
leaf_value=-0.050365936298165881 -0.050318966741720789 -0.045717190055863846 -0.045687748407882256 -0.052500828961821733 0.1280694393265549 -0.036023809525716641 -0.032165967225459766 0.14491591920394598 0.13735512854625873 -0.039000228562862352 -0.043922851105399556 0.16736171040367626 0.2143804184197137 0.16884753717905748
leaf_weight=135.27873910125345 74.413750261999667 8.8916726550087315 4.5168960727751246 17.027747036889195 7.5296447277069083 2.4532683258876196 1.7228692993521679 7.0289134979248038 186.73723602294922 2.9045381098985663 6.4569856915622941 69.516117574647069 93.370267598889768 104.46533563081175
leaf_count=10949 5714 676 244 858 4 182 107 4 97 168 467 115 211 108
internal_value=0.0897009 0.122009 0.0651932 0.127331 -0.0325807 0.155032 0.153493 0.0420374 0.158283 0.179833 0.183753 0.149067 0.209625 0.163856
internal_weight=722.314 587.035 210.407 128.463 81.9434 111.436 376.629 15.9206 360.708 173.971 171.066 75.9731 95.0931 106.919
internal_count=19904 8955 7110 1392 5718 534 1845 680 1165 1068 900 582 318 290
is_linear=0
shrinkage=0.05


Tree=4
num_leaves=15
num_cat=0
split_feature=7 6 29 5 3 1 28 0 6 25 5 6 6 27
split_gain=1152.81 309.259 278.62 106.314 97.8699 73.1506 55.6806 46.7804 44.0251 26.6336 23.1549 24.7366 23.7252 16.2973
threshold=2.2442411583132738 5.2724682103148881 0.25820768859100324 1.7500000000000002 0.89587973461402759 0.89587973461402759 0.36186703212573451 1.8688348091416842 3.4076999143293958 0.89587973461402759 3.5833333333333335 3.6307030998193888 4.0231389717980077 0.89325488160381317
decision_type=2 2 2 2 2 2 2 2 2 2 2 2 2 2
left_child=3 2 -2 13 -4 6 8 9 -6 -7 12 -12 -8 -1
right_child=1 -3 4 -5 5 7 10 -9 -10 -11 11 -13 -14 -15
leaf_value=0.12746466634411904 -0.025135764544154476 -0.050980432422314592 -0.044718340671439594 -0.050343316388040252 0.0025796859505435141 0.13228232729435208 0.12575078984839888 0.11302243420100616 0.11630122335212974 -0.047279313172497117 0.22025587228355117 0.089813396508602025 0.15146551136181932 -0.033614877327880467
leaf_weight=9.5201603174209577 29.836437677033246 26.148627213202417 7.3905664924532166 139.21005649771541 13.771594875492154 1.4900777321308876 249.61815180443227 12.578600332140921 21.474700964055955 11.452506218105553 20.566609233617786 6.8037416851148 223.86695852596313 1.4181348541751493
leaf_count=5 2101 1798 621 11826 736 21 1378 12 221 844 15 43 208 72
internal_value=0.0858343 0.115686 0.123036 -0.0383661 0.130836 0.133221 0.137177 0.0480874 0.0731645 -0.0186015 0.141527 0.192139 0.138202 0.105515
internal_weight=775.147 624.999 598.85 150.148 569.014 561.623 536.102 25.5212 35.2463 12.9426 500.855 27.3704 473.485 10.9383
internal_count=19901 7998 6200 11903 4099 3478 2601 877 957 865 1644 58 1586 77
is_linear=0
shrinkage=0.05


Tree=5
num_leaves=15
num_cat=0
split_feature=3 29 2 26 28 15 19 0 2 3 29 27 25 23
split_gain=523.18 336.129 207.532 122.833 67.0494 51.4857 48.295 35.4244 80.1581 38.5361 37.489 35.57 35.3756 32.3981
threshold=0.89587973461402759 0.25820768859100324 1.0000000180025095e-35 1.5000000000000002 0.28819328626491741 1.0000000180025095e-35 7.5000000000000009 0.89587973461402759 1.4978661367769956 1.7005986908310777 0.32969023729893304 0.38562485961776977 2.249904835165133 0.62000804389958808
decision_type=2 2 2 2 2 2 2 2 2 2 2 2 2 2
left_child=-1 6 -3 4 12 7 -2 9 -9 10 11 -6 -4 -14
right_child=1 2 3 -5 5 -7 -8 8 -10 -11 -12 -13 13 -15
leaf_value=-0.04992035999198443 0.11986451563636041 -0.048381963266094591 -0.046230148485809058 -0.029970502574429569 0.11146490549126734 -0.041891228258670012 -0.049763657926521564 -0.021663836027599997 0.1043064286785888 -0.039165742479141757 0.12520229565789853 -0.044373883121575593 0.10657749000722186 -0.041876311344209362
leaf_weight=70.391276706010103 3.6738250255584708 21.674904156476259 8.8888281267136353 15.55112389475107 6.3522434355691058 4.7783622387796632 44.319160358980298 14.185617079958318 94.96082079783082 3.2719096262007943 458.68997766729444 6.4859364368021488 13.763871002011003 4.2859549755230537
leaf_count=6340 2 1963 645 902 110 386 3765 939 683 227 2578 476 426 305
internal_value=0.0794479 0.0924933 0.101874 0.107102 0.110607 0.114142 -0.0345972 0.115489 0.0878862 0.121636 0.122832 0.0352168 0.0320337 0.0709791
internal_weight=771.274 700.883 652.89 631.215 615.664 588.725 47.993 583.947 109.146 474.8 471.528 12.8382 26.9387 18.0498
internal_count=19747 13407 9640 7677 6775 5399 3767 5013 1622 3391 3164 586 1376 731
is_linear=0
shrinkage=0.05


Tree=6
num_leaves=15
num_cat=0
split_feature=6 14 3 6 13 28 29 16 22 27 17 3 3 16
split_gain=596.664 330.877 513.979 180.769 80.5358 59.3683 47.2369 42.7016 36.0534 35.936 43.7008 23.6745 22.7672 25.0009
threshold=2.0555714654913531 1.0000000180025095e-35 1.4978661367769956 5.2724682103148881 4.5000000000000009 0.82004012759363809 0.25820768859100324 0.077075245101965825 1.5000000000000002 0.85954351421942488 0.75645878311547887 1.4978661367769956 0.89587973461402759 1.0000000180025095e-35
decision_type=2 2 2 2 2 2 2 2 2 2 2 2 2 2
left_child=-1 2 4 5 -2 -4 7 -3 11 10 -7 12 -8 -14
right_child=1 6 3 -5 -6 9 8 -9 -10 -11 -12 -13 13 -15
leaf_value=-0.050088555395394231 -0.050383498396203756 -0.045375744834219127 -0.041949067066995055 -0.051039888948169722 0.10530099134520839 0.24283317781214353 -0.033518733073026601 0.11995843425850444 -0.039285597328042654 0.11502211906603495 0.094853070847416954 -0.034731930933978465 0.13498150778591858 0.10901131481170084
leaf_weight=81.109178896993399 98.325565198436379 8.4379273466765863 4.7957665892317882 16.092110338620842 8.1339516639709455 14.270023255608976 1.9697872437536705 5.7244713306426993 3.1094835177063933 107.96803674008697 10.379307508468628 2.0380014469847074 229.86869347188622 227.39265918731689
leaf_count=7378 8305 727 370 905 4 59 188 3 204 154 5 117 1322 110
internal_value=0.0781398 0.0922716 0.0466082 0.104887 -0.0376193 0.123385 0.116929 0.0249567 0.119674 0.129633 0.186649 0.120829 0.121593 0.122333
internal_weight=819.615 738.506 259.965 153.505 106.46 137.413 478.541 14.1624 464.379 132.617 24.6493 461.269 459.231 457.261
internal_count=19851 12473 9802 1493 8309 588 2671 730 1941 218 64 1737 1620 1432
is_linear=0
shrinkage=0.05


Tree=7
num_leaves=15
num_cat=0
split_feature=7 14 3 6 16 7 3 28 22 14 28 16 7 27
split_gain=749.332 229.311 279.502 146.611 89.3288 51.193 30.2999 28.7505 19.828 15.344 119.869 23.6142 51.0321 38.5441
threshold=2.0501146807920381 1.0000000180025095e-35 1.4978661367769956 5.2724682103148881 0.036506651930943761 3.1536255296799243 1.4978661367769956 0.82004012759363809 1.5000000000000002 0.29647069744014076 0.824547970038222 1.0000000180025095e-35 2.9421514417660002 0.094151127406170668
decision_type=2 2 2 2 2 2 2 2 2 2 2 2 2 2
left_child=-1 2 4 5 -2 -4 8 -7 9 11 -11 12 -3 -14
right_child=1 6 3 -5 -6 7 -8 -9 -10 10 -12 -13 13 -15
leaf_value=-0.050180326140279112 -0.050190492980703265 -0.039863230118509632 -0.047568780219157551 -0.051461131380404673 0.10195716297556533 -0.03696244569317253 -0.038317502290626221 0.11668491623339868 -0.034301234853796533 -0.046988015389254706 0.11090784967820869 0.10349823564083549 0.37860661832516218 0.13824694250036751
leaf_weight=112.58967325277627 66.895247146487236 3.5225990852341047 4.6501228325068942 15.935315169394014 10.29326558113098 2.6913605080917469 2.9332996727898708 119.13771474547684 1.8923479309305538 12.457284256815909 158.91125328931957 120.26285529136658 1.0546557242050756 121.61977039650083
leaf_count=10747 5675 230 237 876 5 209 196 86 109 921 126 58 11 193
internal_value=0.0684509 0.089293 0.04753 0.0888441 -0.0288568 0.106786 0.110829 0.113017 0.11196 0.112702 0.0992239 0.121636 0.13797 0.143358
internal_weight=754.847 642.257 219.603 142.415 77.1885 126.479 422.654 121.829 419.721 417.828 171.369 246.46 126.197 122.674
internal_count=19679 8932 7088 1408 5680 532 1844 295 1648 1539 1047 492 434 204
is_linear=0
shrinkage=0.05


Tree=8
num_leaves=15
num_cat=0
split_feature=7 6 28 3 5 8 3 16 7 27 30 28 5 23
split_gain=724.975 197.4 110.943 71.9275 47.0908 36.1755 33.1258 21.0973 37.436 44.2948 19.3328 39.9764 20.9026 13.9608
threshold=2.2442411583132738 5.2724682103148881 0.31932752040909712 1.2424533248940004 1.7500000000000002 3.1682203977184575 0.89587973461402759 0.077075245101965825 3.1717757263905457 0.09099527851974358 2.9041650753091091 0.58855857892429853 3.5833333333333335 0.47733982948708442
decision_type=2 2 2 2 2 2 2 2 2 2 2 2 2 2
left_child=4 2 3 -2 -1 6 -4 8 -5 13 12 -12 -8 -10
right_child=1 -3 5 7 -6 -7 10 -9 9 -11 11 -13 -14 -15
leaf_value=0.07356799259628731 -0.048390493190724269 -0.050687852042620621 -0.039830671090520672 -0.045650815918522512 -0.050175111539424944 -0.046935027433893217 0.10422499044831442 0.10382866679283101 -0.012605111216363919 0.02810626158477092 -0.0017514312488649331 0.092187113763333467 0.15825466834311944 0.30128103954774788
leaf_weight=7.3536144541576496 19.912773854099214 23.968549969606102 3.6511183623224488 8.7387396702542919 117.7811359828338 3.6135862721130243 437.24536954332143 18.507220268249512 0.32206625118851562 8.508040380664168 12.607635693624614 107.24910668097436 21.969156917184591 1.4982370836660264
leaf_count=77 1824 1765 366 729 11779 227 1493 9 15 234 510 672 34 12
internal_value=0.067797 0.0884747 0.0937261 0.0268793 -0.0423777 0.100223 0.101215 0.0669894 0.0278397 0.0885604 0.102171 0.0823731 0.107148 0.260967
internal_weight=792.926 667.792 643.823 57.4871 125.135 586.336 582.722 37.5743 19.0671 10.3283 579.071 119.857 459.215 1.8203
internal_count=19746 7890 6125 2823 11856 3302 3075 999 990 261 2709 1182 1527 27
is_linear=0
shrinkage=0.05


Tree=9
num_leaves=15
num_cat=0
split_feature=7 6 29 3 19 22 7 5 7 0 27 30 27 5
split_gain=608.328 168.948 152.317 52.7427 49.8482 38.1498 29.6059 129.006 28.3203 22.5816 19.2556 15.5649 14.9181 8.18551
threshold=2.0501146807920381 5.2724682103148881 0.25820768859100324 0.89587973461402759 7.5000000000000009 1.5000000000000002 3.1717757263905457 1.7500000000000002 2.8826989324710106 1.8688348091416842 0.09099527851974358 2.374575816842496 0.18228723026689383 3.5833333333333335
decision_type=2 2 2 2 2 2 2 2 2 2 2 2 2 2
left_child=-1 2 4 -4 -2 6 7 -5 -9 -7 -8 -10 -12 -14
right_child=1 -3 3 5 -6 9 10 8 11 -11 12 -13 13 -15
leaf_value=-0.050084571933019198 0.099352416350619602 -0.050567777009801633 -0.044096643222999166 0.099078264489538284 -0.048934930081355049 -0.045302962780638195 0.23914046486319671 -0.048361279142279751 0.0628803284761731 0.070308895033730015 -0.033981441518359093 -0.040893795408307461 0.097930992829501962 0.13302952990010206
leaf_weight=103.07984118070453 6.1384162902832022 23.278984920121729 6.6575776943936935 119.59671440720558 26.891975352540612 7.6221024319529516 2.0198334921151391 19.309652684256434 13.185141209512951 7.3197916597127914 1.6344930380582798 4.0737312426790586 405.75657199230045 25.363408509641886
leaf_count=10854 3 1789 699 63 2647 628 16 1464 166 8 70 258 1201 22
internal_value=0.0625997 0.080015 0.0847946 0.0904283 -0.0192673 0.0919767 0.0939701 0.0741309 -0.00792468 0.0121911 0.10091 0.0374876 0.0997146 0.100299
internal_weight=771.928 668.848 645.569 612.539 33.0304 605.881 590.94 156.165 36.5685 14.9419 434.774 17.2589 432.754 431.12
internal_count=19888 9034 7245 4595 2650 3896 3260 1951 1888 636 1309 424 1293 1223
is_linear=0
shrinkage=0.05


Tree=10
num_leaves=15
num_cat=0
split_feature=6 14 3 6 5 16 6 27 3 29 14 27 22 5
split_gain=350.935 181.887 278.767 110.802 69.5666 61.8169 34.3977 27.2358 22.3009 17.803 32.3015 15.4845 14.8406 9.05664
threshold=2.241878346843778 1.0000000180025095e-35 1.4978661367769956 5.2724682103148881 1.7500000000000002 0.036506651930943761 3.1701730668757713 0.98771797943566986 1.4978661367769956 0.29384750074222027 0.19808314489709036 0.084672118404747795 1.5000000000000002 3.5833333333333335
decision_type=2 2 2 2 2 2 2 2 2 2 2 2 2 2
left_child=4 2 5 6 -1 -2 -4 13 9 10 -3 -11 -13 -8
right_child=1 8 3 -5 -6 -7 7 -9 -10 11 -12 12 -14 -15
leaf_value=0.080566825583255244 -0.050216639940230248 0.087553954245624191 -0.047588972502489731 -0.050596043280038187 -0.049939099671139381 0.086686259573232213 0.089449116044867993 -0.047595563205186237 -0.038121520677212514 -0.033597804770381899 -0.04472708764382019 0.094797453064578471 -0.033685963103705745 0.12530000281451201
leaf_weight=10.80259613227099 76.894047898240387 11.450373408384623 3.6793944640085092 14.443720435723661 78.456780131906271 8.3074507713317853 86.754564153961837 2.6285143224522463 2.8439615396782747 1.9260144950821985 6.550398143939673 417.75043554231524 1.8019935330376018 34.815578460693359
leaf_count=8 7373 102 184 922 8626 4 261 86 185 152 573 1244 110 19
internal_value=0.0593973 0.0717979 0.0352513 0.0778701 -0.033427 -0.0360173 0.0926602 0.0971621 0.0904749 0.0913917 0.0395969 0.0935048 0.0941668 0.100655
internal_weight=759.106 669.846 227.523 142.322 89.2594 85.2015 127.878 124.199 442.323 439.479 18.0008 421.478 419.552 121.57
internal_count=19849 11215 8849 1472 8634 7377 550 366 2366 2181 675 1506 1354 280
is_linear=0
shrinkage=0.05


Tree=11
num_leaves=15
num_cat=0
split_feature=7 6 29 16 3 8 14 28 7 25 3 23 3 30
split_gain=512.793 141.738 125.706 44.7926 44.1958 28.7644 21.6341 114.261 42.8894 21.2188 19.1655 10.6768 8.48843 7.59365
threshold=2.0501146807920381 5.2724682103148881 0.25820768859100324 0.077075245101965825 0.89587973461402759 2.7593566796750051 1.0000000180025095e-35 0.82004012759363809 3.0061949956787655 1.2424533248940004 1.4978661367769956 0.87410958735136723 1.2424533248940004 2.108642428898011
decision_type=2 2 2 2 2 2 2 2 2 2 2 2 2 2
left_child=-1 2 3 -2 -4 6 7 9 -9 12 -8 -11 -6 -7
right_child=1 -3 4 -5 5 13 10 8 -10 11 -12 -13 -14 -15
leaf_value=-0.04999972227715032 -0.048794939305763368 -0.050390311272232605 -0.043563159716012399 0.092103565064242748 -0.035432112941402992 0.045614105395767615 0.092651536254053035 -0.046929650007255318 0.095825118791950534 -0.048832446404081346 -0.036465972442767287 0.048763112090451539 0.059231056066708504 -0.04599559614617129
leaf_weight=94.237252351827919 25.154625677503649 21.494965942576528 6.2423509350046507 6.2200739383697501 2.275495516136286 2.747603364288806 434.75535552296788 4.9118414968252173 131.56977732200176 20.942871818318967 2.4054215690121046 2.3975593280047169 10.335476015694439 4.7922590551897883
leaf_count=10836 2698 1785 731 3 171 40 911 291 145 1579 150 29 152 370
internal_value=0.0588571 0.0740781 0.0782349 -0.0188795 0.0831451 0.0844952 0.0856949 0.0696268 0.0903835 -0.00948527 0.0918595 -0.0372158 0.040802 -0.0111799
internal_weight=770.483 676.246 654.751 31.3747 623.376 617.134 609.594 172.433 136.482 35.9514 437.161 23.3404 12.611 7.53986
internal_count=19891 9055 7270 2701 4569 3838 3428 2367 436 1931 1061 1608 323 410
is_linear=0
shrinkage=0.05


Tree=12
num_leaves=15
num_cat=0
split_feature=7 6 29 3 1 16 28 6 0 25 30 5 7 3
split_gain=458.644 124.533 114.917 40.4417 33.5387 29.1245 20.781 20.2575 17.2947 16.803 12.4442 27.7717 29.2053 10.3658
threshold=2.0501146807920381 5.2724682103148881 0.25820768859100324 0.89587973461402759 0.89587973461402759 0.077075245101965825 0.28819328626491741 2.8788307172725802 2.0126758453675748 0.89587973461402759 3.306159024072342 1.7500000000000002 4.1184654580375586 1.2424533248940004
decision_type=2 2 2 2 2 2 2 2 2 2 2 2 2 2
left_child=-1 2 5 -4 6 -2 7 -5 9 -6 -8 -12 -13 -9
right_child=1 -3 3 4 8 -7 10 13 -10 -11 11 12 -14 -15
leaf_value=-0.049924768669385083 -0.048522211111911781 -0.049932065136588127 -0.043513154274360089 -0.043038448770059898 0.083569727931685184 0.083102575686645919 0.086657867088443474 -0.034184554589558137 0.066126739345577501 -0.046910261792940749 0.08515071255050477 -0.04790598180394065 0.072895365049998412 0.071238288834998276
leaf_weight=89.091275189537555 22.795250004157428 20.177121812477708 6.1197772873565546 5.5509331971406963 2.1850136434659388 4.1596410274505606 515.00983065273613 2.063927072100344 9.4647426158189756 10.383890891447662 32.497544050216675 9.9152132049202937 8.2515722066163999 17.630529696121812
leaf_count=10790 2583 1792 736 527 27 2 1545 152 9 881 16 527 14 182
internal_value=0.056187 0.0704308 0.0742614 0.0786601 0.0799488 -0.0259639 0.0822082 0.0358359 0.0184143 -0.01974 0.0842109 0.0581413 0.00790392 0.0590722
internal_weight=755.296 666.205 646.028 619.073 612.953 26.9549 590.92 25.2454 22.0336 12.5689 565.674 50.6643 18.1668 19.6945
internal_count=19783 8993 7201 4616 3880 2585 2963 861 917 908 2102 557 541 334
is_linear=0
shrinkage=0.05


Tree=13
num_leaves=15
num_cat=0
split_feature=7 6 29 16 3 27 25 27 28 14 14 7 12 7
split_gain=414.608 113.845 104.88 41.4903 29.8766 20.8582 19.8268 15.7673 13.483 84.1201 45.7917 11.4332 9.11276 7.39223
threshold=2.0501146807920381 5.2724682103148881 0.29384750074222027 0.082738958770738752 0.89587973461402759 0.084672118404747795 3.4498615536424366 0.98771797943566986 0.60816382114038237 1.0000000180025095e-35 0.28011267207424173 3.7087654965137542 0.87500000000000011 2.8826989324710106
decision_type=2 2 2 2 2 2 2 2 2 2 2 2 2 2
left_child=-1 2 3 11 -4 -6 7 8 9 12 13 -2 -7 -11
right_child=1 -3 4 -5 5 6 -8 -9 -10 10 -12 -13 -14 -15
leaf_value=-0.049864131398121209 -0.048987837201893841 -0.049859271158113234 -0.041771002451808842 0.083385947423430917 -0.039551935324003785 -0.047713203523667813 -0.040280676701034961 -0.044873984689985408 0.083403380458272308 -0.026349589321510537 -0.044713838915713962 0.040749839320196407 0.041036026655631719 0.085828225134404357
leaf_weight=84.540296483319253 26.099524672608826 19.480812603607774 4.7744494020007542 8.1967465877532941 3.2653497001156202 15.919031864963474 2.9872009274549773 1.998228178359567 439.43576024612412 1.0667646294459689 6.6084515284746876 3.3143695620819917 2.6874913126230231 130.51338912174106
leaf_count=10759 2894 1785 607 4 256 1291 239 47 1212 59 344 47 5 187
internal_value=0.0539899 0.0672209 0.0708184 -0.00996766 0.0758136 0.0768098 0.0775064 0.0781608 0.0786476 0.064875 0.07826 -0.0378688 -0.0334553 0.0847269
internal_weight=750.888 666.348 646.867 37.6106 609.256 604.482 601.216 598.229 596.231 156.795 138.189 29.4139 18.6065 131.58
internal_count=19736 8977 7192 2945 4247 3640 3384 3145 3098 1886 590 2941 1296 246
is_linear=0
shrinkage=0.05


Tree=14
num_leaves=15
num_cat=0
split_feature=7 6 29 16 3 31 5 25 6 5 6 30 29 29
split_gain=390.995 109.412 77.3125 46.5242 33.3223 19.9253 22.8724 15.5746 14.2902 83.8346 24.1322 15.8197 12.3988 14.8126
threshold=2.0501146807920381 5.2724682103148881 0.25820768859100324 0.077075245101965825 0.89587973461402759 1.0000000180025095e-35 1.7500000000000002 0.89587973461402759 3.1701730668757713 1.7500000000000002 2.8788307172725802 2.3301463483101075 0.34144929990966583 0.33738955921583991
decision_type=2 2 2 2 2 2 2 2 2 2 2 2 2 2
left_child=-1 2 3 -2 -4 8 -7 -8 9 -6 -11 12 13 -12
right_child=1 -3 4 -5 5 6 7 -9 -10 10 11 -13 -14 -15
leaf_value=-0.04984646117385081 -0.048381937790142687 -0.049966058997043983 -0.042800148081366458 0.084748837647187159 0.080160071873216221 0.071928263889631958 0.078814001681773257 -0.046757704901831433 0.080437040762115775 -0.04826425874869876 -0.016936397666885282 -0.04056975458224503 0.039156420536811676 0.26823740294301801
leaf_weight=81.407209818251431 21.341029799077663 19.207403484731913 5.577064109966158 8.3017070293426496 120.21720327436924 13.467804625630379 2.222009734250606 10.002135217655448 448.24928059242666 17.870868091937158 0.49912920501083036 3.8350919736549249 8.4923163363710028 0.46247235685586929
leaf_count=10845 2632 1799 742 4 66 11 21 891 1085 1411 34 221 122 2
internal_value=0.0532352 0.0656355 0.0690675 -0.00954854 0.0727705 0.0738679 0.0292279 -0.0196984 0.0757288 0.0613506 -0.0114541 0.0379611 0.0706515 0.187041
internal_weight=761.153 679.746 660.538 29.6427 630.895 625.318 25.6919 12.2241 599.626 151.377 31.1599 13.289 9.45392 0.961602
internal_count=19886 9041 7242 2636 4606 3864 923 912 2941 1856 1790 379 158 36
is_linear=0
shrinkage=0.05


Tree=15
num_leaves=15
num_cat=0
split_feature=7 6 29 16 3 28 14 14 3 27 30 29 30 27
split_gain=369.686 98.1357 78.9888 33.8478 31.9593 21.9955 89.0383 48.2369 12.5946 11.9773 10.9862 10.6662 8.05417 7.74524
threshold=2.0501146807920381 5.2724682103148881 0.25820768859100324 0.077075245101965825 0.89587973461402759 0.53337659528444747 0.038240272691040418 0.28011267207424173 2.524928003624769 0.09099527851974358 3.8493925426719753 0.32155435608877436 3.0186935687598404 0.18228723026689383
decision_type=2 2 2 2 2 2 2 2 2 2 2 2 2 2
left_child=-1 2 3 -2 -4 6 -6 9 10 -8 11 -7 13 -11
right_child=1 -3 4 -5 5 8 7 -9 -10 12 -12 -13 -14 -15
leaf_value=-0.049782437430938777 -0.048145205027198559 -0.049458236740214483 -0.042758903349236099 0.077799377371999878 -0.048576368352466225 -0.032083369959822514 0.17375669180032782 -0.045901912974327747 -0.047037736622117431 -0.030976811348648027 0.0022709351262100047 0.078623914354939914 0.0063767051713497329 0.079512912528386132
leaf_weight=78.220619950443506 20.073247575666759 17.702070377301425 5.4889947795309117 6.1736028194427481 17.904271021019667 1.6879324088804413 2.8322245720773926 7.7056574919261029 1.425171487033366 1.1254001948982466 4.8733336315490297 495.38477967400104 4.3151580784469834 90.156889759004116
leaf_count=10972 2632 1782 749 3 1460 119 26 446 10 24 138 1436 38 156
internal_value=0.0526436 0.0645365 0.0676683 -0.0167533 0.0711902 0.0722535 0.0524967 0.0698413 0.0770082 0.0792729 0.0774533 0.0781843 0.0747039 0.0778298
internal_weight=755.069 676.849 659.147 26.2469 632.9 627.411 124.04 106.135 503.371 98.4297 501.946 497.073 95.5974 91.2823
internal_count=19991 9019 7237 2635 4602 3853 2150 690 1703 244 1693 1555 218 180
is_linear=0
shrinkage=0.05


Tree=16
num_leaves=15
num_cat=0
split_feature=7 6 29 16 8 3 7 14 16 5 14 30 30 29
split_gain=325.175 88.7645 59.4115 40.2447 32.9389 27.4334 15.2631 62.73 35.5931 12.0752 32.4258 15.7708 9.01313 12.5109
threshold=2.0501146807920381 5.2724682103148881 0.25820768859100324 0.077075245101965825 2.8146337265085291 0.89587973461402759 3.1717757263905457 0.059731716970009806 0.036506651930943761 1.7500000000000002 0.1434161484371356 1.7314670419391309 2.8980255883368193 0.37320134575569364
decision_type=2 2 2 2 2 2 2 2 2 2 2 2 2 2
left_child=-1 2 3 -2 5 -4 7 8 -7 -9 11 -11 -8 -14
right_child=1 -3 4 -5 -6 6 12 9 -10 10 -12 -13 13 -15
leaf_value=-0.049729518373409963 -0.047990995555877429 -0.049324230253958386 -0.042008644618979483 0.078610581932875415 -0.050127459100132658 -0.051724003296710952 0.077368962520306561 0.076985428206737927 0.069800881043365667 0.23452906506119919 -0.045289966666278304 0.053370982649817038 -0.013322726146700492 0.062258719102741611
leaf_weight=73.597167337313294 18.916057147551331 17.141676912549883 4.98268701089546 8.1753478050231916 5.2693925830535582 18.741723128594462 368.43330207746476 95.002806782722473 7.7027428150176993 0.631332172080877 7.555744045879691 9.1776397712528688 5.5501262731850138 76.173170412424952
leaf_count=10836 2594 1795 721 4 396 1468 1000 50 4 2 430 57 115 364
internal_value=0.0493154 0.0607036 0.0637888 -0.00834818 0.0670586 0.0681808 0.0691826 0.053754 -0.0150727 0.0699417 0.0293114 0.0856497 0.0738105 0.0570267
internal_weight=717.051 643.454 626.312 27.0914 599.221 593.951 588.969 138.812 26.4445 112.368 17.3647 9.80897 450.157 81.7233
internal_count=19836 9000 7205 2598 4607 4211 3490 2011 1472 539 489 59 1479 479
is_linear=0
shrinkage=0.05


Tree=17
num_leaves=15
num_cat=0
split_feature=7 6 28 13 14 14 27 14 29 0 2 30 30 5
split_gain=307.294 79.8307 75.2739 87.2067 57.0307 37.1459 16.1087 15.282 14.748 11.3867 70.4618 13.6246 11.1412 7.57639
threshold=2.0927872154753495 5.2724682103148881 0.53337659528444747 4.5000000000000009 0.1162330617881263 0.27808882026540188 0.98771797943566986 0.11903714941306653 0.32155435608877436 0.89587973461402759 1.4978661367769956 3.306159024072342 2.308958201278855 1.7500000000000002
decision_type=2 2 2 2 2 2 2 2 2 2 2 2 2 2
left_child=-1 2 3 4 -2 7 8 -6 -4 11 -11 -10 -9 -13
right_child=1 -3 6 -5 5 -7 -8 12 9 10 -12 13 -14 -15
leaf_value=-0.049700931040868444 -0.050707236624181834 -0.048995708743510759 -0.036690464077334763 0.077416099447567374 0.20191192065533448 -0.046562408081281835 -0.048711294221653857 -0.017167647743636258 0.080008900157384932 -0.049190237895988607 0.071399489180839479 0.070850847564371239 0.059680806275602384 0.026394850695323172
leaf_weight=72.101365329232067 35.987081781029701 16.059547543525696 2.5727759208530179 53.089271187782288 0.83601503260433574 10.548937438521532 2.1571509432978919 5.1420980598777524 328.15358830103651 13.124846177641301 96.152603142894804 18.341050505638123 28.851984883658588 22.914169603493065
leaf_count=11096 3816 1776 249 28 4 913 45 85 370 835 75 10 166 423
internal_value=0.0475871 0.0587132 0.0615874 0.0282084 -0.00444844 0.0325387 0.0707939 0.0571268 0.0714295 0.0720859 0.0566013 0.0765013 0.047898 0.0473679
internal_weight=706.032 633.931 617.872 134.455 81.3661 45.379 483.416 34.8301 481.259 478.686 109.277 369.409 33.9941 41.2552
internal_count=19891 8795 7019 5012 4984 1168 2007 255 1962 1713 910 803 251 433
is_linear=0
shrinkage=0.05


Tree=18
num_leaves=15
num_cat=0
split_feature=6 14 6 6 29 2 16 22 2 0 6 5 14 13
split_gain=181.562 87.258 107.48 63.7307 44.2838 28.184 18.2056 16.3997 16.7577 14.9605 11.3972 22.6026 49.4489 13.0314
threshold=2.0555714654913531 1.0000000180025095e-35 3.1362555127956444 5.2724682103148881 0.60694071870184574 1.0000000180025095e-35 0.064322563946741421 1.5000000000000002 1.0000000180025095e-35 0.89587973461402759 3.9890246936720053 1.7500000000000002 0.26733895799946933 4.5000000000000009
decision_type=2 2 2 2 2 2 2 2 2 2 2 2 2 2
left_child=-1 2 -2 4 6 -3 -4 8 -6 10 11 -7 13 -13
right_child=1 5 3 -5 7 9 -8 -9 -10 -11 -12 12 -14 -15
leaf_value=-0.049446608783022511 -0.045299532853775963 -0.042306769427772811 -0.047796410260521428 -0.048698241184369384 -0.038107988938338319 0.073856680257863294 0.06413985672401204 -0.011778790441882292 0.069466413490305079 -0.0032924427803771635 0.078781895260692777 0.030440330539884965 -0.047856762918485132 0.075095191636402492
leaf_weight=45.611509971320629 40.683268867898732 5.2422412103041998 13.494456717744471 16.010220943484455 3.1264651166275135 127.73791337013245 3.9043915271759024 6.7078751497901967 131.65093911858276 7.1292845625430337 188.65182406269014 31.319850873202085 12.881728086154906 39.042280554771423
leaf_count=7414 5007 714 1306 1930 534 70 2 399 638 320 141 392 1003 21
internal_value=0.046058 0.0530667 0.0271123 0.0441183 0.0537172 0.0665486 -0.0205565 0.062931 0.0667087 0.0680518 0.0693296 0.0605459 0.0394863 0.0559234
internal_weight=673.194 627.583 215.578 174.894 158.884 412.005 17.3988 141.485 134.777 406.763 399.634 210.982 83.2439 70.3621
internal_count=19891 12477 9816 4809 2879 2661 1308 1571 1172 1947 1627 1486 1416 413
is_linear=0
shrinkage=0.05


Tree=19
num_leaves=15
num_cat=0
split_feature=7 6 29 16 3 14 27 13 7 3 27 30 3 7
split_gain=261.64 72.1294 54.1168 27.4764 22.9592 14.5538 78.7432 42.528 36.1117 14.7227 12.8385 7.622 6.21149 4.57837
threshold=2.0501146807920381 5.2724682103148881 0.25820768859100324 0.082738958770738752 0.89587973461402759 1.0000000180025095e-35 0.82039099244797919 4.5000000000000009 3.0061949956787655 1.4978661367769956 0.98244843891995137 3.4149324032555914 1.4978661367769956 4.4186017428302957
decision_type=2 2 2 2 2 2 2 2 2 2 2 2 2 2
left_child=-1 2 3 -2 -4 6 7 -6 -8 13 12 -12 -10 -7
right_child=1 -3 4 -5 5 9 8 -9 10 -11 11 -13 -14 -15
leaf_value=-0.049569482120705985 -0.047670317359814966 -0.04873154592600476 -0.041531733948198014 0.06980523586630015 -0.049224735904384316 0.06551909601460397 -0.050918697678929786 0.069818737193712802 0.0096095823034643701 -0.037590802094162455 -0.0633899618925962 0.049023202538502127 0.0779046343189079 0.080234070259578918
leaf_weight=63.300435396376997 16.917123676743362 15.139246699865906 4.6390745160169891 5.9243605136871329 25.663196397945285 303.84177039284259 5.4794631148688486 9.4745041131973249 3.734350874554365 2.6635478651151052 2.1754806106910101 1.9038878288120029 119.67642234265804 98.458699955139309
leaf_count=10747 2635 1818 733 3 2120 900 319 5 100 184 19 2 105 68
internal_value=0.0466376 0.0565931 0.0593248 -0.015551 0.062307 0.0632185 0.0501262 -0.0160822 0.0676115 0.0685165 0.0730625 -0.011603 0.0759319 0.0693104
internal_weight=678.992 615.691 600.552 22.8415 577.71 573.071 168.107 35.1377 132.97 404.964 127.49 4.07937 123.411 402.3
internal_count=19758 9011 7193 2638 4555 3822 2670 2125 545 1152 226 21 205 968
is_linear=0
shrinkage=0.05


Tree=20
num_leaves=15
num_cat=0
split_feature=7 7 28 14 14 13 27 29 25 0 2 27 7 12
split_gain=240.343 54.6617 53.1786 79.1012 46.017 19.6092 13.9566 12.6873 9.97662 9.16031 56.0503 3.19183 6.9097 4.67246
threshold=2.0501146807920381 5.3234555491048932 0.53337659528444747 0.071506822866003059 0.27808882026540188 4.5000000000000009 0.98771797943566986 0.32155435608877436 3.1132683346437333 0.89587973461402759 1.4978661367769956 0.09099527851974358 3.1919587132661058 0.87500000000000011
decision_type=2 2 2 2 2 2 2 2 2 2 2 2 2 2
left_child=-1 2 3 5 8 -2 7 -4 11 -9 -11 12 -5 -13
right_child=1 -3 6 4 -6 -7 -8 9 -10 10 -12 13 -14 -15
leaf_value=-0.04952021781207077 -0.049627089019907922 -0.047198130944960802 -0.036136224978814205 0.045779396228160879 -0.046422602809894707 0.060643760648510563 -0.045503646929473757 0.070612865221721194 -0.040873541880533361 -0.04854900235637493 0.065256463702177137 0.04273310849647094 0.14931962996917161 0.07065844503936991
leaf_weight=60.515217153355479 30.388012750539929 12.218365158420054 2.4532003835774949 4.8092756839469057 10.111742245964704 3.7634410858154288 2.1827730066142967 336.09208019124344 1.6489250236190844 11.543635193258522 90.116284776479006 31.37432352360338 3.1945849321782589 48.647772550582886
leaf_count=10788 3859 1739 265 67 940 2 51 832 46 827 89 207 9 28
internal_value=0.0447514 0.0545121 0.0567465 0.0288343 0.0511939 -0.0360959 0.0651131 0.0657635 0.0625917 0.0664156 0.0519867 0.0649672 0.0990996 0.0603723
internal_weight=649.06 588.544 576.326 133.938 99.7866 34.1515 442.388 440.205 89.6749 437.752 101.66 88.026 8.00386 80.0221
internal_count=19749 8961 7222 5158 1297 3861 2064 2013 357 1748 916 311 76 235
is_linear=0
shrinkage=0.05


Tree=21
num_leaves=15
num_cat=0
split_feature=6 2 6 29 8 28 3 13 29 23 16 30 30 6
split_gain=146.642 70.7362 63.1707 52.8289 26.8796 22.0637 50.3022 20.0615 24.6033 19.2575 18.0605 14.9691 14.5753 13.3549
threshold=2.0555714654913531 1.0000000180025095e-35 5.2724682103148881 0.25820768859100324 2.8146337265085291 0.58855857892429853 1.2424533248940004 4.5000000000000009 0.59522452082315269 0.69197858751321228 0.082738958770738752 2.2085860340546035 2.9685942810165353 4.5033188460601865
decision_type=2 2 2 2 2 2 2 2 2 2 2 2 2 2
left_child=-1 -2 3 10 5 6 -5 8 9 11 -3 -8 -13 -10
right_child=1 2 -4 4 -6 -7 7 -9 13 -11 -12 12 -14 -15
leaf_value=-0.049257993737213977 -0.047572145969219125 -0.04748501541074325 -0.048547789901723711 -0.047481598005692779 -0.04963739215251621 0.06521394945490111 -0.018020751542525176 0.069798339498998926 -0.056518244764897564 -0.051264352467914553 0.06256740508670898 0.080015809111872657 -0.014044343205180068 0.055963036630310992
leaf_weight=39.135378961917013 17.401952751912177 15.893754862714561 14.299686565995215 13.546894549392162 5.015791574958711 406.67184274317697 5.4407366844825438 67.4535151720047 10.03065375657752 3.8408021023496977 3.8585615158081046 30.642619625199586 4.4215778466314068 2.5920568760484448
leaf_count=7336 3234 2686 1857 1439 439 1588 179 40 507 189 2 241 91 32
internal_value=0.0435874 0.0497039 0.0526804 0.0553032 0.0581917 0.0592739 0.0414219 0.051403 0.0287938 0.0461243 -0.0240076 0.0563716 0.0680943 -0.0310078
internal_weight=640.246 601.11 583.708 569.409 549.656 544.641 137.969 124.422 56.9684 44.3457 19.7523 40.5049 35.0642 12.6227
internal_count=19860 12524 9290 7433 4745 4306 2718 1279 1239 700 2688 511 332 539
is_linear=0
shrinkage=0.05


Tree=22
num_leaves=15
num_cat=0
split_feature=7 6 28 14 14 30 29 27 16 5 7 5 28 14
split_gain=206.249 55.1017 49.0909 32.1578 20.4523 15.5095 25.2413 22.7547 11.9126 16.2749 21.099 15.0363 11.0933 30.6576
threshold=2.0501146807920381 5.2724682103148881 0.34002782209688187 0.071506822866003059 0.27101739770380834 3.0772468791704974 0.40091127994353809 0.9731042786738352 1.0000000180025095e-35 1.7500000000000002 4.4186017428302957 3.5833333333333335 0.53337659528444747 0.038240272691040418
decision_type=2 2 2 2 2 2 2 2 2 2 2 2 2 2
left_child=-1 2 3 -2 -5 7 -7 12 9 -8 11 -11 13 -4
right_child=1 -3 5 4 -6 6 8 -9 -10 10 -12 -13 -14 -15
leaf_value=-0.049401513255270403 -0.047886058253932551 -0.048108371735635681 -0.045237900720378581 0.051989874208962332 -0.044159875725294923 -0.045949376851481552 0.064201756062283344 -0.067516022114585267 0.064995180949732265 -0.055243819002217344 0.068668746377255938 0.063281824847720478 0.066983389984160036 0.055663460586208705
leaf_weight=55.297380428761244 16.936500667128712 12.928721772506831 7.841224091127514 28.271304867230356 6.0090744150802484 7.384664316661655 14.175299882888792 2.5826206672936669 40.082991242408752 13.119710038416089 6.1624316652305415 2.4209072124212971 347.07623393787071 59.274679167661816
leaf_count=10866 2645 1780 878 252 706 617 9 39 26 684 21 15 1034 304
internal_value=0.0420879 0.0511252 0.0535351 0.00676761 0.0343616 0.0583015 0.0377907 0.0623029 0.0464229 0.0244743 -0.00315862 -0.0340704 0.063273 0.043384
internal_weight=619.564 564.266 551.338 51.2169 34.2804 500.121 83.346 416.775 75.9613 35.8783 21.703 15.5406 414.192 67.1159
internal_count=19876 9010 7230 3603 958 3627 1372 2255 755 729 720 699 2216 1182
is_linear=0
shrinkage=0.05


Tree=23
num_leaves=15
num_cat=0
split_feature=7 14 3 16 6 7 0 27 27 16 29 30 7 27
split_gain=188.991 53.6306 100.61 40.4971 32.8508 23.7833 13.4329 12.0787 10.3186 15.631 12.2547 11.2144 9.75244 6.09044
threshold=2.0501146807920381 1.0000000180025095e-35 1.4978661367769956 0.036506651930943761 5.2724682103148881 3.1536255296799243 0.89587973461402759 0.82039099244797919 0.28752038980169214 0.077075245101965825 0.55560933634505771 2.6630943217977836 4.5314614791380778 0.98244843891995137
decision_type=2 2 2 2 2 2 2 2 2 2 2 2 2 2
left_child=-1 2 3 -2 5 -4 8 -7 9 10 -3 -12 -8 -9
right_child=1 6 4 -5 -6 7 12 13 -10 -11 11 -13 -14 -15
leaf_value=-0.04934566621520068 -0.050169052957828308 -0.048066369516379492 -0.051289200043517516 0.063327495613028847 -0.045983209227447676 -0.035883318440566268 -0.044068978842319272 0.068999269254791926 0.063471188586089231 0.067987386277082409 -0.040337810157770604 0.082813585333938261 0.063415328673483165 0.011541883940243287
leaf_weight=52.271589082665741 44.378186605405062 7.483014592900874 4.0020742868073276 8.6126198768615705 7.3131091683171681 2.3931609163992098 4.9666910385712972 96.303496303968132 347.26242128480226 12.183415651321409 2.1496203853748739 4.0793552463874221 2.2736649475991726 5.3084160275757304
leaf_count=10769 5777 718 240 5 875 186 275 98 775 7 72 16 23 15
internal_value=0.0408003 0.049462 0.0257412 -0.0308911 0.0518062 0.0587885 0.0598625 0.0634724 0.0611688 0.0290811 -0.00775945 0.0406131 -0.00671639 0.0661393
internal_weight=600.981 548.709 168.311 52.9908 115.32 108.007 380.398 104.005 373.158 25.8954 13.712 6.22898 7.24036 101.612
internal_count=19851 9082 7196 5782 1414 539 1886 299 1588 813 806 88 298 113
is_linear=0
shrinkage=0.05


Tree=24
num_leaves=15
num_cat=0
split_feature=7 14 3 18 7 7 3 28 29 22 7 2 23 27
split_gain=180.198 44.3877 97.6648 39.3886 26.9542 27.5894 13.4763 13.1601 8.70932 8.698 5.44036 7.67035 5.21323 5.15547
threshold=2.0501146807920381 1.0000000180025095e-35 1.4978661367769956 2.5541265051333784 5.3234555491048932 3.1536255296799243 1.4978661367769956 0.82004012759363809 0.25820768859100324 1.5000000000000002 4.4186017428302957 0.89587973461402759 0.70238710727946119 0.98244843891995137
decision_type=2 2 2 2 2 2 2 2 2 2 2 2 2 2
left_child=-1 2 3 -2 5 -4 8 -7 12 10 11 -10 -3 -9
right_child=1 6 4 -5 -6 7 -8 13 9 -11 -12 -13 -14 -15
leaf_value=-0.049281698270458772 -0.050028432043810467 -0.037770842393693625 -0.053040125535975174 0.062907249749744612 -0.044023553763672015 -0.036424792565409078 -0.038316075803169841 0.070575419347024784 0.058243819153399427 -0.034323632460063487 0.07364659136349154 -0.032696184021236301 0.036540282794067923 0.015563214377170682
leaf_weight=49.895402247551829 41.751064954791218 3.0048704594373694 4.4921278813853851 8.5255818367004377 6.0000623087398699 2.5301216850057235 2.8824477610178283 92.604080621153116 258.3182930634357 1.7788610337302078 88.8987109772861 1.7458773017860938 4.7925745351240039 5.1439642664045087
leaf_count=10810 5740 503 239 5 863 204 199 75 737 97 60 84 178 16
internal_value=0.0407714 0.0494491 0.0273635 -0.0300242 0.0534463 0.0593917 0.0591877 0.0649023 0.0600759 0.061236 0.0618198 0.0575104 0.00686506 0.0678673
internal_weight=572.364 522.469 161.047 50.2766 110.77 104.77 361.422 100.278 358.539 350.742 348.963 260.064 7.79744 97.748
internal_count=19810 9000 7142 5745 1397 534 1858 295 1659 978 881 821 681 91
is_linear=0
shrinkage=0.05


Tree=25
num_leaves=15
num_cat=0
split_feature=7 6 28 13 16 7 23 23 8 25 23 27 0 2
split_gain=165.055 43.5174 31.1839 55.3568 34.4751 16.6047 15.9293 33.2666 14.3623 8.46614 9.50855 8.31296 5.92575 44.1739
threshold=2.0501146807920381 5.2724682103148881 0.53337659528444747 4.5000000000000009 0.077075245101965825 4.4186017428302957 0.48502956425772725 0.47733982948708442 2.8146337265085291 2.6735537653587347 0.34083864606854386 0.98771797943566986 0.89587973461402759 1.4978661367769956
decision_type=2 2 2 2 2 2 2 2 2 2 2 2 2 2
left_child=-1 2 3 4 5 6 7 9 11 -2 -11 12 -4 -14
right_child=1 -3 8 -5 -6 -7 -8 -9 -10 10 -12 -13 13 -15
leaf_value=-0.049231893575323184 -0.051692071559960896 -0.047281813056884385 0.061155436471266755 0.066039153255905175 0.067654818249662407 0.067703482203593027 -0.04664518851803548 0.12919354471526048 -0.046279930975629741 0.051541580971505421 -0.043010560642739538 -0.039775160165451254 -0.048474130516799691 0.060040959413237588
leaf_weight=47.887183624319732 9.5252524795942062 11.188695221673695 300.73378072446212 52.674246072769165 13.790654420852659 4.2983761169016352 33.131731038447469 3.5405963351950041 2.6704396405257276 5.399318296927957 3.60121911438182 1.5380222531966854 10.354757193941621 58.496009597554803
leaf_count=10896 1012 1818 1080 34 8 28 3507 49 183 98 396 48 691 48
internal_value=0.0387741 0.0471023 0.0493056 0.0274601 -0.000783849 -0.0175033 -0.0252252 0.00756398 0.0565742 -0.0211076 0.0131923 0.0574367 0.0579475 0.0432606
internal_weight=558.83 510.943 499.754 125.961 73.2871 59.4965 55.1981 22.0664 373.793 18.5258 9.00054 371.123 369.585 68.8508
internal_count=19896 9000 7182 5132 5098 5090 5062 1555 2050 1506 494 1867 1819 739
is_linear=0
shrinkage=0.05


Tree=26
num_leaves=15
num_cat=0
split_feature=7 7 28 14 14 19 30 30 29 3 23 16 30 30
split_gain=158.744 35.1933 26.541 62.1435 43.2975 14.8381 12.8662 12.0406 14.2491 9.69747 7.51482 6.34632 5.52711 5.59287
threshold=2.0501146807920381 5.3234555491048932 0.58370185314148093 0.038240272691040418 0.27808882026540188 7.5000000000000009 2.9685942810165353 3.5029877005381955 0.56345361167436769 2.524928003624769 0.83263022926919039 1.0000000180025095e-35 1.6703303154069353 1.6925026597870694
decision_type=2 2 2 2 2 2 2 2 2 2 2 2 2 2
left_child=-1 2 3 5 6 -2 12 9 -9 -4 11 -8 -5 -14
right_child=1 -3 7 4 -6 -7 10 8 -10 -11 -12 -13 13 -15
leaf_value=-0.049166950947092745 0.053099065056648256 -0.045791815342941744 0.059948383395682751 -0.033128004531634496 -0.04706445201072923 -0.048630080068308053 -0.061387552163126982 -0.047599522025470423 0.040503684593932401 -0.046432978263335464 0.049841977240935767 0.038668177682949251 0.14908739414064756 0.059686782750955729
leaf_weight=45.37376728001982 3.3252388238906887 9.1667929701507074 331.27990276226774 0.96052884310483833 10.471964959055184 24.570291520562023 4.2749427501112205 4.8804841772653189 21.330793853849173 1.4706937745213498 3.4595245094969869 1.474203824996948 1.2810680419206608 98.919131592847407
leaf_count=10816 2 1733 1269 11 1000 4065 91 277 224 11 6 1 2 331
internal_value=0.0397047 0.0475863 0.049359 0.0312506 0.0467262 -0.0350857 0.0559679 0.0567546 0.0229527 0.0593405 -0.000575134 -0.0338032 0.0610703 0.0622917
internal_weight=562.239 516.866 507.699 148.737 120.841 27.8955 110.369 358.962 26.2113 332.751 9.20867 5.74915 101.161 100.2
internal_count=19839 9023 7290 5509 1442 4067 442 1781 501 1280 98 92 344 333
is_linear=0
shrinkage=0.05


Tree=27
num_leaves=15
num_cat=0
split_feature=7 6 28 12 18 14 14 23 30 30 5 18 25 0
split_gain=143.596 39.4479 35.7481 49.8885 32.1821 16.2995 20.2353 20.2552 20.2998 11.9975 15.8824 14.2457 10.157 8.79512
threshold=2.0501146807920381 5.2724682103148881 0.58855857892429853 0.87500000000000011 2.1070023807705716 0.056920056398945658 0.23226975964619209 0.68341035338708578 2.8010175275920282 3.4411679435429128 1.7500000000000002 2.0428572558591904 3.0677824455408698 0.89587973461402759
decision_type=2 2 2 2 2 2 2 2 2 2 2 2 2 2
left_child=-1 2 3 4 5 -2 7 8 12 13 -11 -12 -7 -4
right_child=1 -3 9 -5 -6 6 -8 -9 -10 10 11 -13 -14 -15
leaf_value=-0.049099526786236691 -0.048907686945008251 -0.047334636218339943 0.063621388167701007 0.061412305196806294 0.064352432341620747 0.072511461174880901 -0.049336387030577557 -0.066770316274776115 -0.056998887070342397 0.060074932200250467 -0.036515806349825472 0.05389004938022305 -0.045956033130693442 0.04234410697748222
leaf_weight=43.39477041666396 23.376551924739033 10.540003999602048 236.64252671040595 53.039664834737778 14.128080248832701 18.958485823590319 11.805473303887991 4.0219961162656537 3.4120760504156342 16.593457221984863 12.090729094576092 5.5433485507965079 1.3212071801535774 72.565080916043371
leaf_count=10890 4075 1767 431 49 9 109 1068 86 78 12 579 4 25 693
internal_value=0.0372075 0.0450304 0.0471818 0.0245835 -0.00123944 -0.0167497 0.00301008 0.0262502 0.0441063 0.0556439 0.0264432 -0.00672945 0.0629965 0.0587806
internal_weight=527.433 484.039 473.499 130.064 77.0239 62.8958 39.5192 27.7138 23.6918 343.435 34.2275 17.6341 20.2797 309.208
internal_count=19875 8985 7218 5499 5450 5441 1366 298 212 1719 595 583 134 1124
is_linear=0
shrinkage=0.05


Tree=28
num_leaves=15
num_cat=0
split_feature=7 6 29 16 16 30 13 28 14 14 7 29 30 4
split_gain=133.572 36.7252 28.5224 14.7197 13.9476 20.5458 16.1876 41.9011 46.1984 30.7396 12.7583 31.4076 20.0195 11.4527
threshold=2.0501146807920381 5.2724682103148881 0.25820768859100324 0.077075245101965825 1.0000000180025095e-35 3.6662856354251754 4.5000000000000009 0.82004012759363809 0.047870854918830016 0.28916283568923556 4.4186017428302957 0.62262677342918804 2.8923127545612006 1.4166666666666667
decision_type=2 2 2 2 2 2 2 2 2 2 2 2 2 2
left_child=-1 2 3 -2 5 6 7 8 -4 10 11 12 -10 -9
right_child=1 -3 4 -5 -6 -7 -8 13 9 -11 -12 -13 -14 -15
leaf_value=-0.049044437339335695 -0.04646250886473028 -0.047006095685346527 -0.048831984524798804 0.058573563327230432 0.060035649285431585 -0.046256933268012473 0.064470492462526383 0.070212224577176838 0.062759605474835292 -0.046893252090599143 0.073669592110585755 -0.067950040223430527 -0.058182747173224615 0.034782532367304213
leaf_weight=41.282716488232836 11.743280745344235 10.075432913145049 23.314643778372556 3.5800111293792716 167.18856845796108 5.8031023172661653 67.239084005355835 64.222623231355101 25.063868886791173 9.8298892835155112 23.003393610939384 6.4088924368843427 3.1398960975930086 40.52078301878646
leaf_count=10830 2624 1765 2846 2 140 302 45 49 106 563 21 119 48 336
internal_value=0.0362564 0.0439826 0.0461145 -0.0198377 0.0484739 0.0410799 0.043177 0.0355627 0.0105121 0.0314398 0.0453762 0.0250319 0.047764 0.0569645
internal_weight=502.416 461.133 451.058 15.3233 435.735 268.546 262.743 195.504 90.7606 67.4459 57.6161 34.6127 28.2038 104.743
internal_count=19796 8966 7201 2626 4575 4435 4133 4088 3703 857 294 273 154 385
is_linear=0
shrinkage=0.05


Tree=29
num_leaves=15
num_cat=0
split_feature=6 28 6 17 2 8 29 3 29 6 5 6 14 2
split_gain=85.6786 41.7355 39.1548 33.0136 22.3268 12.6523 11.923 8.91509 8.07744 7.15715 13.7329 40.0026 23.4253 17.5414
threshold=2.0555714654913531 0.29842660850486119 5.2724682103148881 0.088910990310099983 1.0000000180025095e-35 2.6053081092089174 0.25820768859100324 0.89587973461402759 0.5914265478164733 4.4288206438694759 1.7500000000000002 2.9384588441731685 0.2721087720154029 0.89587973461402759
decision_type=2 2 2 2 2 2 2 2 2 2 2 2 2 2
left_child=-1 3 4 8 -3 6 -6 -8 -2 10 -9 -12 13 -13
right_child=1 2 -4 -5 5 -7 7 9 -10 -11 11 12 -14 -15
leaf_value=-0.048678514910511346 -0.05027700331463112 -0.042881635555401643 -0.046904037477828155 0.061689337504893749 -0.038009966108889744 -0.018179495875567744 -0.035122656625021807 0.0591456928248216 0.0056770704240685999 0.063800697853481164 -0.0470799827929358 0.051727128922833113 -0.045154368789347935 -0.042388062666342485
leaf_weight=26.650194842135534 20.778825429733846 5.8522601386066517 10.229502732399849 11.823455095291136 3.0620719573926172 6.2487851018086067 2.2927483345847568 150.21623457968235 8.8966869679279608 111.17695973394439 12.092169656883923 143.03005532361567 6.2152112848125389 4.4122751592658451
leaf_count=7382 3938 1596 1943 8 654 463 457 124 865 215 1026 703 218 295
internal_value=0.0373363 0.0420434 0.0464145 -0.00582883 0.0486621 0.0499779 0.0510023 0.0517238 -0.0338638 0.0522709 0.0480255 0.0376532 0.0445827 0.0486441
internal_weight=522.977 496.327 454.828 41.499 444.599 438.747 432.498 429.436 29.6755 427.143 315.966 165.75 153.658 147.442
internal_count=19887 12505 7694 4811 5751 4155 3692 3038 4803 2581 2366 2242 1216 998
is_linear=0
shrinkage=0.05


Tree=30
num_leaves=15
num_cat=0
split_feature=6 2 6 29 8 16 3 28 3 30 25 6 27 30
split_gain=79.2059 37.7273 32.2754 25.4724 19.0094 13.2828 12.1931 9.92706 23.2105 15.0456 14.8943 10.1976 8.56355 8.60732
threshold=2.0555714654913531 1.0000000180025095e-35 5.2724682103148881 0.25820768859100324 2.7593566796750051 0.077075245101965825 0.89587973461402759 0.58370185314148093 1.2424533248940004 3.0471363738590771 3.1132683346437333 2.8788307172725802 0.98771797943566986 3.8493925426719753
decision_type=2 2 2 2 2 2 2 2 2 2 2 2 2 2
left_child=-1 -2 3 5 6 -3 -5 8 -8 10 11 -10 13 -9
right_child=1 2 -4 4 -6 -7 7 12 9 -11 -12 -13 -14 -15
leaf_value=-0.048615451255444593 -0.046179503000975092 -0.046146509329561991 -0.046295039422402512 -0.038732693127124046 -0.048804200280731735 0.055872598193539992 -0.0451083980719005 0.05487518394261337 -0.036846183511304656 -0.049458200481273057 -0.046680026672123891 0.052998483852425872 -0.041295767177886633 -0.016183608164257811
leaf_weight=25.636758441105485 11.485751075437291 10.905084776226429 9.2010413773823512 3.3207670848350963 4.3695982729550442 3.4243760108947745 7.6415174184367052 307.83327785902657 2.6125880475156 3.5724452191498122 3.4355148961767545 82.330935549456626 1.6959061627276231 3.9127830541692665
leaf_count=7400 3258 2668 1866 751 454 2 886 1214 326 178 208 517 68 121
internal_value=0.0355351 0.0403649 0.0427011 0.0446851 0.04692 -0.0197122 0.0480391 0.0488286 0.034399 0.0414206 0.0456064 0.0498386 0.0532895 0.0539344
internal_weight=481.378 455.742 444.256 435.055 420.725 14.3295 416.356 413.035 99.593 91.9515 88.379 84.9435 313.442 311.746
internal_count=19917 12517 9259 7393 4723 2670 4269 3518 2115 1229 1051 843 1403 1335
is_linear=0
shrinkage=0.05


Tree=31
num_leaves=15
num_cat=0
split_feature=6 14 3 17 6 6 0 2 27 27 27 14 30 30
split_gain=73.8589 41.2396 82.932 28.5348 22.3059 22.1184 19.0569 11.4704 11.272 8.70513 5.64697 26.6869 6.66723 6.31613
threshold=2.0555714654913531 1.0000000180025095e-35 1.4978661367769956 0.044839761218278464 5.2724682103148881 3.1701730668757713 0.89587973461402759 1.0000000180025095e-35 0.98771797943566986 0.82039099244797919 0.5857100485949881 0.27808882026540188 3.0471363738590771 3.3177900677670569
decision_type=2 2 2 2 2 2 2 2 2 2 2 2 2 2
left_child=-1 2 3 -2 5 -4 7 -3 9 -7 11 12 -9 -12
right_child=1 6 4 -5 -6 8 -8 10 -10 -11 13 -13 -14 -15
leaf_value=-0.048514955600899815 -0.049945146170917318 -0.037432187094545509 -0.057721524971806409 0.054819975817657442 -0.044530098876946894 -0.033284764999507235 -0.04335141780216694 0.05171924583124158 -0.045039859656302264 0.061644134105982545 0.060891484659359008 -0.045308054635398221 -0.015186369036194476 0.030117261934535029
leaf_weight=24.460100677097216 42.766328051220626 2.9310828172601751 3.7056322104763231 6.7827547788619986 5.8384674051776519 1.8970143299084146 4.688678885344415 88.831754380371422 1.9890303125139315 80.850371720734984 173.32946579670534 7.3732027381192884 3.4674199577420941 21.798258852679282
leaf_count=7398 8339 737 216 5 919 177 327 322 82 107 181 871 65 145
internal_value=0.0346629 0.0393203 0.0171177 -0.0348031 0.0444835 0.0507918 0.0497886 0.0513956 0.0561552 0.0590964 0.0524023 0.0417077 0.04907 0.0576247
internal_weight=470.71 446.249 143.83 49.5491 94.2805 88.442 302.42 297.731 84.7364 82.7474 294.8 99.6724 92.2992 195.128
internal_count=19891 12493 9845 8344 1501 582 2648 2321 366 284 1584 1258 387 326
is_linear=0
shrinkage=0.05


Tree=32
num_leaves=15
num_cat=0
split_feature=7 6 28 3 13 29 7 27 25 23 16 6 29 7
split_gain=105.678 29.0465 20.1725 42.9454 18.8593 18.0395 12.4724 10.8415 6.80982 6.80136 10.6612 15.2776 5.50461 5.38365
threshold=2.0501146807920381 5.2724682103148881 0.60816382114038237 1.2424533248940004 4.5000000000000009 0.59522452082315269 4.5314614791380778 0.98771797943566986 3.1567740231385479 0.62000804389958808 0.082738958770738752 4.297484225837592 0.32155435608877436 2.8826989324710106
decision_type=2 2 2 2 2 2 2 2 2 2 2 2 2 2
left_child=-1 2 3 -2 5 8 -7 12 9 13 11 -11 -4 -5
right_child=1 -3 7 4 -6 6 -8 -9 -10 10 -12 -13 -14 -15
leaf_value=-0.048777430158345167 -0.047689097195884371 -0.046094095144709059 -0.030041114330746705 -0.00085704328747474631 0.06000737629322226 -0.050877862688064261 0.049292192325902782 -0.045971223909959759 -0.043414480093441649 -0.06096415908526355 0.055174614427193881 0.055102343131017209 0.05218832931894312 0.056705346491502912
leaf_weight=34.453092040261254 16.072937644086778 8.5475382017903012 1.4496965785510827 4.6363249104470006 51.368873417377472 11.736468307441099 3.2354146731086066 2.1475890441797665 1.9719130115117867 6.9798787669278699 6.7268511056900016 3.4703222513198853 279.83202400896698 30.187960631912574
leaf_count=10862 3298 1787 175 473 43 722 36 53 148 579 5 2 1366 319
internal_value=0.0344498 0.0412417 0.0431252 0.0270035 0.0372927 0.0197527 -0.0275003 0.0507608 0.0331222 0.0367888 0.0102417 -0.0209744 0.0516596 0.0492318
internal_weight=462.817 428.364 419.816 136.387 120.314 68.9451 14.9719 283.429 53.9733 52.0013 17.1771 10.4502 281.282 34.8243
internal_count=19868 9006 7219 5625 2327 2284 758 1594 1526 1378 586 581 1541 792
is_linear=0
shrinkage=0.05


Tree=33
num_leaves=15
num_cat=0
split_feature=7 14 3 16 7 32 0 7 7 3 30 5 16 28
split_gain=100.3 28.1416 62.8179 24.9653 20.4015 18.7019 10.4684 10.3771 6.76496 5.64333 5.45514 10.89 9.83808 6.39154
threshold=2.0501146807920381 1.0000000180025095e-35 1.4978661367769956 0.036506651930943761 3.1536255296799243 1.0000000180025095e-35 0.89587973461402759 5.3234555491048932 4.5314614791380778 1.4978661367769956 3.306159024072342 1.7500000000000002 0.038446036121673098 0.53337659528444747
decision_type=2 2 2 2 2 2 2 2 2 2 2 2 2 2
left_child=-1 2 3 -2 -4 7 9 -6 -8 10 13 -12 -13 -3
right_child=1 6 4 -5 5 -7 8 -9 -10 -11 11 12 -14 -15
leaf_value=-0.048687377428795038 -0.049500333561637778 0.04065969238825589 -0.056138901184605128 0.053196507126738873 0.056321697651518232 -0.048026377971268935 -0.043438611984138648 -0.035927189812209964 0.04888259460181929 -0.030939072139999454 0.055467389221921196 -0.052123829755864985 0.045446009162001866 0.059144659049055873
leaf_weight=32.6691827501636 31.964516647160053 77.519780785311013 4.1015307775232932 6.3499476909637442 85.760586603777483 4.0480072835925958 4.4470643003005526 2.5158652719110242 2.151707929559052 1.460773536004125 11.500647306442261 5.6708628609776497 3.2773512601852417 185.11766182072461
leaf_count=10861 5742 1112 231 5 226 343 275 614 21 83 10 164 3 215
internal_value=0.0346708 0.0411642 0.0220317 -0.03156 0.0434315 0.0484091 0.0499128 0.0533196 -0.0108635 0.0513554 0.0518874 0.0251788 -0.0154121 0.0538636
internal_weight=458.555 425.886 134.74 38.3145 96.426 92.3245 291.146 88.2765 6.59877 284.547 283.086 20.4489 8.94821 262.637
internal_count=19905 9044 7161 5747 1414 1183 1883 840 296 1587 1504 177 167 1327
is_linear=0
shrinkage=0.05


Tree=34
num_leaves=15
num_cat=0
split_feature=7 14 28 7 7 5 16 27 7 0 5 14 30 16
split_gain=95.7484 24.3631 52.641 21.734 20.9021 14.1613 14.1034 9.95266 8.07544 12.8828 7.96386 33.442 13.4066 12.0778
threshold=2.2442411583132738 1.0000000180025095e-35 0.82004012759363809 5.3234555491048932 3.0061949956787655 1.7500000000000002 0.044024523456437405 0.98244843891995137 4.4186017428302957 0.89587973461402759 1.7500000000000002 0.27808882026540188 2.9685942810165353 1.0000000180025095e-35
decision_type=2 2 2 2 2 2 2 2 2 2 2 2 2 2
left_child=5 2 6 4 -4 -1 -2 -6 9 10 -3 12 -12 -14
right_child=1 8 3 -5 7 -7 -8 -9 -10 -11 11 -13 13 -15
leaf_value=0.033252873342474176 -0.048960265834678648 0.058306196441600816 -0.051591768290489615 -0.043736797072186223 0.056258797707915559 -0.048864764711006439 0.047506202740860544 -0.026235397448286187 0.064520330399709655 -0.041262663697264133 0.051767478750366608 -0.047300650509626299 -0.04225859257688127 0.049570777725992866
leaf_weight=5.39609550544992 25.095814946806062 79.938405811786652 4.3109848173335186 6.328238428104668 80.845898531377316 36.100986934732646 3.6140996217727652 3.2727902571205041 73.945943054743111 3.6000571474432936 91.80781380739063 9.9618001338094455 7.3244836321100575 5.2864014506340027
leaf_count=80 4232 75 245 1660 155 11904 3 20 88 241 291 810 113 5
internal_value=0.0339171 0.041506 0.0228129 0.0407062 0.0471706 -0.0376553 -0.0356265 0.0527787 0.0498807 0.0441143 0.0458992 0.036798 0.0451938 -0.00295052
internal_weight=436.83 395.333 123.468 94.7579 88.4297 41.4971 28.7099 84.1187 271.865 197.919 194.319 114.38 104.419 12.6109
internal_count=19922 7938 6315 2080 420 11984 4235 175 1623 1535 1294 1219 409 118
is_linear=0
shrinkage=0.05


Tree=35
num_leaves=15
num_cat=0
split_feature=7 6 29 16 30 5 7 28 3 27 7 0 6 27
split_gain=87.4106 23.9503 24.8302 12.5096 18.5057 25.2386 18.7851 12.7924 20.5334 12.4425 11.3357 10.1793 22.2464 9.55361
threshold=2.0501146807920381 5.2724682103148881 0.25820768859100324 1.0000000180025095e-35 3.069904172084724 1.7500000000000002 4.4186017428302957 0.61359785073982087 1.2424533248940004 0.9731042786738352 2.9421514417660002 0.89587973461402759 3.3638997243535007 0.60250169033130507
decision_type=2 2 2 2 2 2 2 2 2 2 2 2 2 2
left_child=-1 2 -2 4 7 -6 -7 8 -4 11 -10 -9 -13 -12
right_child=1 -3 3 -5 5 6 -8 9 10 -11 13 12 -14 -15
leaf_value=-0.048528212523492334 -0.032853580249373938 -0.045313817154941954 -0.045398363892487269 0.056537871921270015 0.054219642225092325 -0.054770890897828522 0.048899860379709302 0.061570388041103874 -0.040808853712732816 -0.060463603606829175 0.043276786116904054 -0.044114125530416867 0.049397365927200725 -0.044997804123715332
leaf_weight=29.75530610862188 10.360244589857755 7.4181988963391623 8.2594377584755403 121.52356219291687 13.529870197176932 16.816253241617236 4.9325271230190983 97.605266254860908 3.9307998674921683 1.6597838564775873 62.949356839759275 7.3856539726257315 26.966118969488889 2.4361096334177992
leaf_count=10898 2615 1773 1372 132 12 1134 28 163 492 37 563 296 165 247
internal_value=0.0328797 0.039268 0.0410415 0.0432052 0.0364296 0.00281411 -0.0301428 0.0420052 0.0253427 0.0514191 0.0342977 0.0532705 0.0286132 0.0393596
internal_weight=415.528 385.773 378.355 367.995 246.471 35.2787 21.7488 211.193 77.5757 133.617 69.3163 131.957 34.3518 65.3855
internal_count=19927 9029 7256 4641 4509 1174 1162 3335 2674 661 1302 624 461 810
is_linear=0
shrinkage=0.05


Tree=36
num_leaves=15
num_cat=0
split_feature=7 29 6 17 7 28 13 29 14 14 4 7 23 6
split_gain=82.1662 24.489 25.917 16.5797 11.0103 20.0081 56.6389 18.8312 18.1962 12.1242 8.0485 22.65 7.80199 9.71195
threshold=2.0501146807920381 0.29384750074222027 5.2724682103148881 0.088910990310099983 4.4186017428302957 0.82004012759363809 4.5000000000000009 0.6187574228028504 0.056920056398945658 0.28310369502245908 1.4166666666666667 3.1717757263905457 0.48502956425772725 3.920285016091412
decision_type=2 2 2 2 2 2 2 2 2 2 2 2 2 2
left_child=-1 3 4 -2 5 6 7 8 -3 12 -7 -12 -10 -14
right_child=1 2 -4 -5 -6 10 -8 -9 9 -11 11 -13 13 -15
leaf_value=-0.048449630464750773 -0.049180991945848809 -0.048378534980916127 -0.045627176905997879 0.054678372465496422 0.059578538921678137 0.057673491402533722 0.05840684669097751 -0.049313862426274974 0.063895988860560471 -0.042789065195704294 -0.053758864991301225 0.045301359275803199 -0.047863519984294306 0.033122111381622264
leaf_weight=28.377970986301079 12.194082958158107 9.9648308274336141 7.6251268798951051 4.489716410636901 82.204703332856297 108.58253972558305 57.965734779834747 19.235896158032119 13.436231585219504 4.8126534793991587 5.9155338965356341 37.647563306614757 3.9802263001911369 13.828160379081963
leaf_count=10874 2955 1442 1808 3 212 263 54 1516 45 284 301 65 77 19
internal_value=0.0324191 0.0385394 0.0412475 -0.0197203 0.0432221 0.0381414 0.0228789 -0.00908425 0.00842169 0.025001 0.0502726 0.0309452 0.036446 0.0134392
internal_weight=410.261 381.883 365.199 16.6838 357.574 275.369 123.224 65.258 46.0221 36.0573 152.146 43.5631 31.2446 17.8084
internal_count=19918 9044 6086 2958 4278 4066 3437 3383 1867 425 629 366 141 96
is_linear=0
shrinkage=0.05


Tree=37
num_leaves=15
num_cat=0
split_feature=7 6 16 29 7 27 13 27 14 16 25 30 27 29
split_gain=76.7405 21.9619 15.3118 20.6675 15.1958 21.3944 47.9421 22.6709 13.9616 10.3409 9.2306 8.89413 11.6732 7.54421
threshold=2.2442411583132738 5.2724682103148881 1.0000000180025095e-35 0.29384750074222027 4.4186017428302957 0.82039099244797919 4.5000000000000009 0.3694223390840064 0.1162330617881263 0.064322563946741421 2.602003343538398 3.6891453408524542 0.9731042786738352 0.42864856525763656
decision_type=2 2 2 2 2 2 2 2 2 2 2 2 2 2
left_child=9 2 3 -2 5 6 7 8 -5 -1 -10 12 -7 -9
right_child=1 -3 -4 4 -6 11 -8 13 10 -11 -12 -13 -14 -15
leaf_value=-0.045726639584537383 -0.029228641552858477 -0.044858164190895583 0.056008023597685676 -0.045767595928561437 0.06114657318757756 0.052947682769039134 0.057800662071940651 -0.012763339668303592 -0.011372428080957554 0.042789864891861908 0.064972819212483754 -0.018605255889293723 -0.058309182115936622 -0.063398052546284486
leaf_weight=32.609338953625411 11.901706416625528 6.908174476819112 110.90657168626785 5.1565688923001316 48.92488218890503 82.901457187021151 33.360630631446838 12.60039637074806 5.3469196348451105 2.8756214380264273 11.810779658146201 4.489335438469424 1.638809342868625 19.005706839030609
leaf_count=11834 2413 1786 129 860 162 368 30 385 156 3 99 158 41 1377
internal_value=0.0317459 0.0387623 0.0405458 0.0331094 0.0365181 0.0293775 0.011583 -0.0175437 0.0205197 -0.0375773 0.041865 0.0465002 0.0501345 -0.0442221
internal_weight=390.437 354.952 348.044 237.137 225.235 176.311 87.281 53.9204 22.3143 35.485 17.1577 89.0296 84.5403 31.6061
internal_count=19801 7964 6178 6049 3636 3474 2907 2877 1115 11837 255 567 409 1762
is_linear=0
shrinkage=0.05


Tree=38
num_leaves=15
num_cat=0
split_feature=7 16 29 13 28 14 30 30 0 2 30 28 27 14
split_gain=72.4094 22.6177 30.8133 15.59 22.8805 18.9528 16.3333 15.8199 20.6916 20.0316 8.27967 8.0531 7.76252 7.03535
threshold=2.0501146807920381 1.0000000180025095e-35 0.29384750074222027 4.5000000000000009 0.53337659528444747 0.15562789528499019 2.2602776356749144 3.4411679435429128 0.89587973461402759 1.4978661367769956 1.7118144397363062 0.87877816004820508 0.78129250347981716 0.27101739770380834
decision_type=2 2 2 2 2 2 2 2 2 2 2 2 2 2
left_child=-1 2 -2 4 5 -4 -7 8 10 -10 12 -9 -6 -8
right_child=1 -3 3 -5 7 6 13 11 9 -11 -12 -13 -14 -15
leaf_value=-0.048253956832902484 -0.049634707616180065 0.054888220707479556 -0.056004485536200466 0.057690522499610958 -0.051154847866336922 -0.056931861943061324 0.051565687009901856 -0.049797184633243861 -0.048343790173352996 0.029879092454762491 0.056715381997520548 0.022499210830746297 0.041028224844904156 -0.034306919259845144
leaf_weight=25.562417905079201 11.200372407911344 123.62251536175609 13.097465323284267 47.555292444303632 3.0405090844724318 4.7485246083233532 15.303714033681901 7.1347818085923773 10.255607034079729 29.163268820149824 84.334882333176211 6.4871016128454357 4.2529838581103832 2.0802259936463079
leaf_count=10777 2890 159 1853 48 121 202 58 449 1084 760 800 211 52 239
internal_value=0.0317394 0.037501 0.0283031 0.0323414 0.0253586 -0.010537 0.0176274 0.0341123 0.0394233 0.00883529 0.052345 -0.0161836 0.00106457 0.0399827
internal_weight=387.84 362.277 238.655 227.454 179.899 35.2299 22.1325 144.669 131.047 39.4189 91.6284 13.6219 7.29349 17.3839
internal_count=19703 8926 8767 5877 5829 2352 499 3477 2817 1844 973 660 173 297
is_linear=0
shrinkage=0.05


Tree=39
num_leaves=15
num_cat=0
split_feature=7 16 30 5 29 6 13 27 28 3 29 13 29 6
split_gain=66.9715 22.0679 18.5423 19.5361 14.9152 13.7136 10.0845 9.84373 11.179 15.076 8.77078 15.0951 11.6523 11.7054
threshold=2.0501146807920381 1.0000000180025095e-35 2.8923127545612006 1.7500000000000002 0.25820768859100324 5.2724682103148881 4.5000000000000009 0.96556199512184226 0.61943791155752825 1.2424533248940004 0.34144929990966583 4.5000000000000009 0.6187574228028504 3.4710683599890517
decision_type=2 2 2 2 2 2 2 2 2 2 2 2 2 2
left_child=-1 2 4 -4 -2 7 -5 8 9 -6 -11 12 13 -12
right_child=1 -3 3 6 5 -7 -8 -9 -10 10 11 -13 -14 -15
leaf_value=-0.048170180137865566 -0.042337345119471605 0.054245966916289537 0.041634233671788978 -0.034235455303599172 -0.044076323341245782 -0.042098171205783151 0.047103428358110072 -0.062302963252328938 0.050540326676489049 0.066367154365417888 -0.045141615009609525 0.0554586784741464 -0.0571689956862853 0.037801040978553926
leaf_weight=24.435140755726025 5.3457621345296493 112.85748723521829 16.604846380883828 27.632915674475957 6.5323739238083354 4.5568994239438316 3.5073825120925894 1.5073556113056827 104.99494298291393 13.020687488373367 4.9294917383231285 16.741078495979309 6.5498337484896174 14.479800732340662
leaf_count=10753 1830 155 218 2622 1270 1265 3 32 526 129 373 16 546 82
internal_value=0.0303886 0.0361717 0.0269631 -0.000717681 0.0343234 0.0369173 -0.0238936 0.0392864 0.0405668 0.0232127 0.0317393 0.019903 -0.00423347 0.0155559
internal_weight=363.696 339.261 226.403 47.7451 178.658 173.312 31.1403 168.756 167.248 62.2533 55.7209 42.7002 25.9591 19.4093
internal_count=19820 9067 8912 2843 6069 4239 2625 2974 2942 2416 1146 1017 1001 455
is_linear=0
shrinkage=0.05


Tree=40
num_leaves=15
num_cat=0
split_feature=7 18 29 6 30 0 0 28 13 29 7 23 27 30
split_gain=62.5124 22.4378 22.0941 16.4045 14.9091 12.3586 17.685 16.3676 18.5781 12.6499 11.1193 7.96365 7.06012 6.94278
threshold=2.0501146807920381 1.0000000180025095e-35 0.32969023729893304 5.2724682103148881 3.4411679435429128 0.89587973461402759 1.4978661367769956 0.61359785073982087 4.5000000000000009 0.34144929990966583 3.1919587132661058 0.34083864606854386 0.49329925435954708 2.9409127601852609
decision_type=2 2 2 2 2 2 2 2 2 2 2 2 2 2
left_child=-1 2 -2 4 5 7 12 8 9 13 -8 -11 -7 -4
right_child=1 -3 3 -5 -6 6 10 -9 -10 11 -12 -13 -14 -15
leaf_value=-0.048064918186192837 -0.028677110273447493 0.05411270921632369 0.076681258330355634 -0.044271008130896489 -0.027235572417802008 0.036152175486578703 -0.060475718805808536 0.055344651186853139 0.055809213391216521 0.024488728838330337 0.048017004930390211 -0.031700503790425855 -0.04940522684457057 -0.040745543576956603
leaf_weight=23.280565820867196 16.348474226891994 106.69094283133745 5.4951248492579898 6.2661578357219687 9.0568829253315908 2.2232688434887669 1.8041163748130227 92.767820467241108 22.142837703227997 7.966059572761881 19.812732419464737 21.177022465504706 11.403475231025366 0.89341518678702403
leaf_count=10801 3274 150 47 1769 441 80 12 237 22 293 38 1424 1165 19
internal_value=0.0296255 0.0353377 0.0259163 0.0304764 0.0330954 0.0361682 0.00920206 0.042383 0.0209467 -0.0017122 0.0366888 -0.0160387 -0.0339288 0.0569674
internal_weight=347.329 324.048 217.357 201.009 194.743 185.686 35.2436 150.442 57.6745 35.5316 21.6168 29.1431 13.6267 6.38854
internal_count=19772 8971 8821 5547 3778 3337 1295 2042 1805 1783 50 1717 1245 66
is_linear=0
shrinkage=0.05


Tree=41
num_leaves=15
num_cat=0
split_feature=7 18 14 3 7 5 13 29 7 7 30 30 7 32
split_gain=59.0209 20.0611 20.2695 45.0772 12.697 18.7307 36.7306 13.8719 15.475 11.8363 11.5282 8.39264 7.81504 5.23008
threshold=2.0501146807920381 1.0000000180025095e-35 1.0000000180025095e-35 1.4978661367769956 4.4186017428302957 1.7500000000000002 4.5000000000000009 0.6187574228028504 3.4630510996668664 3.1919587132661058 2.839658921357886 1.9071755012240892 5.3234555491048932 0.24795081967213117
decision_type=2 2 2 2 2 2 2 2 2 2 2 2 2 2
left_child=-1 2 3 -2 5 -4 7 8 -7 -5 11 -10 13 -11
right_child=1 -3 4 9 -6 6 -8 -9 10 12 -12 -13 -14 -15
leaf_value=-0.047967210910839289 -0.049091963662579868 0.053249526087500769 0.055536522636028075 -0.048549188456085975 0.064196378421599282 -0.048342082998766328 0.055833891886283717 -0.061261847096212178 -0.055684085118041564 0.048526666033109907 -0.057718791723406659 0.044298400667685339 -0.03579301560702966 -0.032266943405412966
leaf_weight=22.242641875403933 24.82815549755469 100.83319472521544 40.414280652999878 3.3038823374081394 32.310103535652161 10.040632343851028 29.634967982769012 10.909935995470731 1.4765980187803567 40.124554006848484 2.9697320135310283 20.31999442121014 2.4926239820197216 1.4436030858196307
leaf_count=10816 5763 151 46 253 56 1024 31 436 15 195 47 86 840 85
internal_value=0.0292889 0.0347727 0.0261121 0.00430197 0.0366451 0.0284717 0.0134185 -0.014683 0.00121985 0.032727 0.0224093 0.0353796 0.0397636 0.0450287
internal_weight=343.345 321.102 220.269 72.1928 148.076 115.766 75.3519 45.7169 34.807 47.3647 24.7663 21.7966 44.0608 41.5682
internal_count=19844 9028 8877 7136 1741 1685 1639 1608 1172 1373 148 101 1120 280
is_linear=0
shrinkage=0.05


Tree=42
num_leaves=15
num_cat=0
split_feature=7 16 14 28 6 7 7 5 13 29 30 6 30 14
split_gain=55.8038 19.8887 21.2915 32.6553 14.4573 17.6667 11.529 16.8649 28.0894 18.9008 17.1248 13.865 9.55846 7.10499
threshold=2.0501146807920381 1.0000000180025095e-35 1.0000000180025095e-35 0.82004012759363809 5.2724682103148881 3.1919587132661058 4.4186017428302957 1.7500000000000002 4.5000000000000009 0.59522452082315269 2.885335451430616 3.1881110137345856 1.9071755012240892 0.27388500249655207
decision_type=2 2 2 2 2 2 2 2 2 2 2 2 2 2
left_child=-1 2 3 -2 5 -5 7 -4 9 10 11 -9 -13 -14
right_child=1 -3 6 4 -6 -7 -8 8 -10 -11 -12 12 13 -15
leaf_value=-0.047866821028381988 -0.048453362538327209 0.052988640426501338 0.05512256072033609 -0.048719327501994633 -0.043725517564069796 0.048139303507402163 0.063858270367897735 -0.043623185853907363 0.055180214217924878 -0.062552392076627494 -0.057649961533994577 -0.05437606445018861 0.057961969014867921 -0.033055817103665501
leaf_weight=21.261078917887062 20.833813458215445 97.534048080444336 38.025527596473694 4.5818570407573125 5.6936303970869622 35.652724026702344 29.727686309954152 5.0671633016318109 25.706762254238129 11.234351460589094 6.7294717703480265 1.6013119081035281 21.123764652293179 1.734020941890775
leaf_count=10829 4900 154 45 365 1701 93 53 643 28 473 399 23 40 111
internal_value=0.0288835 0.0343682 0.0254127 0.00209392 0.0255669 0.0361952 0.0363652 0.0285132 0.0141332 -0.00876567 0.00913255 0.0257432 0.0412628 0.0499611
internal_weight=326.507 305.246 207.712 66.762 45.9282 40.2346 140.95 111.222 73.1968 47.4901 36.2557 29.5263 24.4591 22.8578
internal_count=19857 9028 8874 7059 2159 458 1815 1762 1717 1689 1216 817 174 151
is_linear=0
shrinkage=0.05


Tree=43
num_leaves=15
num_cat=0
split_feature=7 18 13 28 6 6 27 30 25 4 7 30 25 7
split_gain=52.9823 19.2788 17.4213 26.4053 26.5957 16.4191 11.2708 19.3003 10.4493 8.66098 22.9628 8.67606 7.43628 6.95231
threshold=2.0501146807920381 1.0000000180025095e-35 4.5000000000000009 0.82004012759363809 3.9890246936720053 5.2724682103148881 0.32316875326443079 2.2666638780985315 2.249904835165133 1.4166666666666667 3.3895424254263582 3.6891453408524542 2.6735537653587347 4.4186017428302957
decision_type=2 2 2 2 2 2 2 2 2 2 2 2 2 2
left_child=-1 2 3 4 6 9 7 8 -2 11 -11 -5 -10 -6
right_child=1 -3 -4 5 13 -7 -8 -9 12 10 -12 -13 -14 -15
leaf_value=-0.047763601745145157 -0.03801416780291958 0.052727891245541586 0.055322145255470648 0.059480994127438916 0.00613901336467479 -0.043154812574994476 -0.053961087197226025 -0.049522223917642841 0.10942712569558499 -0.056276694538383021 0.042664750248324133 -0.015469544338210503 0.011664440006591538 0.050377979417835617
leaf_weight=20.34257822833024 2.2634753737365845 94.218334354460239 38.080284534255043 49.374624786898494 18.333683790639043 5.2988175192149347 21.982596243731678 9.8444719390245137 4.1065066703595221 6.7482564668171134 23.780211547389627 3.7850894990842781 3.5709705201443285 16.823685038718395
leaf_count=10883 435 149 49 60 398 1668 2598 2448 180 329 41 163 294 229
internal_value=0.0286725 0.0340288 0.0251772 0.0179683 -0.00349754 0.0363573 -0.030143 -0.00235706 0.0446076 0.0418418 0.0197027 0.0539573 0.0705399 0.0281163
internal_weight=318.554 298.211 203.993 165.912 76.9254 88.987 41.768 19.7854 9.94095 83.6882 30.5285 53.1597 7.67748 35.1574
internal_count=19924 9041 8892 8843 6582 2261 5955 3357 909 593 370 223 474 627
is_linear=0
shrinkage=0.05


Tree=44
num_leaves=15
num_cat=0
split_feature=6 14 3 16 6 6 32 3 6 5 14 30 16 28
split_gain=35.0484 23.0709 39.6949 18.5459 14.1638 10.5654 7.33564 6.15667 5.02959 8.02354 28.5758 7.93668 10.9922 4.76675
threshold=2.0555714654913531 1.0000000180025095e-35 1.4978661367769956 0.036506651930943761 5.2724682103148881 3.1701730668757713 0.19453044375644998 1.4978661367769956 4.4288206438694759 1.7500000000000002 0.27808882026540188 3.0772468791704974 1.0000000180025095e-35 0.82004012759363809
decision_type=2 2 2 2 2 2 2 2 2 2 2 2 2 2
left_child=-1 2 3 -2 5 -4 13 8 9 -3 11 -11 -13 -7
right_child=1 7 4 -5 -6 6 -8 -9 -10 10 -12 12 -14 -15
leaf_value=-0.046925923680066622 -0.049338549657770417 0.054341147179911876 -0.047381691665982564 0.047602542480216517 -0.04289200056790457 -0.028646419185056865 -0.039596838301196376 -0.03382371887064424 0.05882362458804849 0.043986769953664323 -0.046761700152275799 -0.056856390506135591 0.045081719566511545 0.052197938675958191
leaf_weight=13.227174888947046 26.051511515164751 56.402042508125305 2.3717539960052809 5.1955085396766654 4.5278125338954842 1.2877067100489501 1.6794396261684585 1.8805843826849002 48.4148719527293 79.687372117186897 10.017328795394858 4.2414868483319861 4.3500959277153015 54.46464793686755
leaf_count=7368 8309 80 199 6 924 130 109 202 101 564 1541 161 6 123
internal_value=0.0302575 0.0337985 0.0133248 -0.0322436 0.0356131 0.0421645 0.04661 0.0432333 0.044109 0.0391556 0.0299827 0.0391174 -0.005924 0.0498588
internal_weight=313.799 300.572 95.5784 31.247 64.3314 59.8035 57.4318 204.994 203.113 154.698 98.2963 88.279 8.59158 55.7524
internal_count=19823 12455 9800 8315 1485 561 362 2655 2453 2352 2272 731 167 253
is_linear=0
shrinkage=0.05


Tree=45
num_leaves=15
num_cat=0
split_feature=14 3 17 6 6 6 32 0 28 14 30 30 29 25
split_gain=34.8782 49.354 15.9073 11.9297 12.5015 8.47696 7.70892 5.57873 5.99903 14.769 6.95423 5.80306 5.54352 5.32462
threshold=1.0000000180025095e-35 1.4978661367769956 0.044839761218278464 5.2724682103148881 3.1701730668757713 2.0555714654913531 0.19453044375644998 0.89587973461402759 0.57862895139114834 0.27808882026540188 3.0471363738590771 3.3271257466900668 0.48379879609631232 3.1567740231385479
decision_type=2 2 2 2 2 2 2 2 2 2 2 2 2 2
left_child=1 2 -1 4 -3 -2 -6 8 9 10 13 -10 -13 -7
right_child=5 3 -4 -5 6 7 -8 -9 11 -11 -12 12 -14 -15
leaf_value=-0.049556964686812914 -0.036664083700084969 -0.050150640059883358 0.045672260254532387 -0.041904434502005955 0.048784767453809177 0.042856343412140896 -0.044410257158966952 -0.009031185797967899 0.054266478501167975 -0.042710208193750737 -0.042953564082543111 -0.043085710941407722 0.031927197335235392 -0.041919164310065114
leaf_weight=34.659188125166111 2.7302021925570434 2.8646458777366197 4.207031548023223 4.08718821639195 50.981361424783245 63.447765107499436 1.5712810970144335 4.8327408753102636 111.33919076935854 5.389848487218841 1.7986823573010031 2.1319375270977607 11.88130069139879 1.1489295788342122
leaf_count=13922 1564 370 5 910 249 506 110 316 244 1238 97 86 130 49
internal_value=0.029425 0.00488447 -0.0383619 0.0332986 0.0394895 0.0411371 0.0452211 0.0423642 0.0436634 0.0313084 0.0378617 0.0504349 0.0184052 0.0407325
internal_weight=303.071 98.3707 38.8662 59.5045 55.4173 204.701 52.5526 201.97 197.138 71.7852 66.3954 125.352 14.0132 64.5967
internal_count=19796 15566 13927 1639 729 4230 359 2666 2350 1890 652 460 216 555
is_linear=0
shrinkage=0.05


Tree=46
num_leaves=15
num_cat=0
split_feature=6 16 14 3 6 6 6 5 13 29 14 25 6 29
split_gain=28.8379 20.771 16.8024 40.3363 10.3764 9.78832 9.12715 15.9144 28.0349 15.6569 12.7387 6.50913 5.17704 5.13372
threshold=2.0555714654913531 1.0000000180025095e-35 1.0000000180025095e-35 1.4978661367769956 3.2109335079208243 5.2724682103148881 4.4288206438694759 1.7500000000000002 4.5000000000000009 0.35330032829664554 0.22448775294267295 2.249904835165133 4.0857123850075974 0.6187574228028504
decision_type=2 2 2 2 2 2 2 2 2 2 2 2 2 2
left_child=-1 2 3 -2 -5 -6 7 -4 9 10 11 12 -9 -11
right_child=1 -3 6 4 5 -7 -8 8 -10 13 -12 -13 -14 -15
leaf_value=-0.046186071596484399 -0.049124392954841389 0.05184448817691191 0.05364919294528428 -0.051233165745289848 0.042964690041311433 -0.039263317803815985 0.059338688427744847 -0.046962346717316257 0.053774739294767962 -0.017655348194429897 -0.04446219486196009 0.081062821548341366 0.043742588147447997 -0.06333500029084245
leaf_weight=11.789963546674697 24.021543062292039 82.998388111591339 32.054247438907623 2.8280058369273311 39.440315673826262 3.2024774263845748 25.342998340609483 1.862230553990228 23.030855298042297 16.859036165173169 3.8164310229476532 6.533642987255007 2.4988871812820435 9.8690242556622234
leaf_count=7339 8406 151 45 210 325 923 94 102 29 756 727 96 2 695
internal_value=0.0276916 0.0310225 0.0217688 0.00208836 0.0296182 0.0360312 0.0328829 0.0253995 0.010749 -0.0138672 0.0264259 0.0529083 0.00347564 -0.0361979
internal_weight=286.148 274.358 191.36 69.4923 45.4708 42.6428 121.867 96.5244 64.4701 41.4393 14.7112 10.8948 4.36112 26.7281
internal_count=19900 12561 12410 9864 1458 1248 2546 2452 2407 2378 927 200 104 1451
is_linear=0
shrinkage=0.05


Tree=47
num_leaves=15
num_cat=0
split_feature=7 16 13 28 30 0 0 23 14 30 5 30 14 27
split_gain=41.7656 20.1388 17.4652 29.2064 12.498 16.8111 10.3143 9.02656 8.5227 7.7879 6.83869 6.5578 6.43968 5.33193
threshold=2.0501146807920381 1.0000000180025095e-35 4.5000000000000009 0.62408795300147479 3.4411679435429128 0.89587973461402759 1.4978661367769956 0.6802189868331423 0.058516247000031857 2.885335451430616 1.7500000000000002 1.7118144397363062 0.27101739770380834 0.91655220324983122
decision_type=2 2 2 2 2 2 2 2 2 2 2 2 2 2
left_child=-1 2 3 7 5 11 -7 8 -2 12 -6 -5 -10 -13
right_child=1 -3 -4 4 10 6 -8 -9 9 -11 -12 13 -14 -15
leaf_value=-0.047312841117243223 -0.046404259476350143 0.05188920202882949 0.053917406072333543 -0.0061246214204278698 0.0359307383342998 -0.04735391007851536 0.020685467337666495 -0.059071641573423241 0.026212957860753838 -0.053264597961797978 -0.048354825711014515 0.057113795853625332 -0.039894447504206752 -0.029287555648630604
leaf_weight=16.997853913111612 8.9168804899090883 83.527667954564095 33.74518280941993 4.5954522788524619 2.6616243096068501 6.6701886112568927 19.356170292710885 9.2021106708561984 23.372888386016719 3.6644880264066151 6.6370106830727291 55.219702812260948 3.4248726692749178 1.2674461631104339
leaf_count=10859 3015 158 50 114 70 835 733 1709 207 271 595 402 522 325
internal_value=0.026723 0.0316829 0.0220037 0.0142576 0.0300837 0.0359567 0.002141 -0.0171221 -0.00609919 0.0067988 -0.0230828 0.0500985 0.0166329 0.0546994
internal_weight=279.26 262.262 178.734 144.989 96.4076 87.109 26.0264 48.5812 39.3791 30.4622 9.29863 61.0826 26.7978 56.4871
internal_count=19865 9006 8848 8798 3074 2409 1568 5724 4015 1000 665 841 729 727
is_linear=0
shrinkage=0.05


Tree=48
num_leaves=15
num_cat=0
split_feature=7 6 16 7 5 13 5 29 30 7 23 28 4 25
split_gain=39.7628 14.4233 12.4709 12.8724 15.0436 24.1291 22.4384 15.4965 13.3788 11.1253 9.12864 8.02412 5.68118 5.50248
threshold=2.0501146807920381 5.2724682103148881 1.0000000180025095e-35 4.4186017428302957 1.7500000000000002 4.5000000000000009 3.5833333333333335 0.6187574228028504 2.839658921357886 2.9421514417660002 0.61862383613355332 0.5462682864368259 1.5833333333333337 3.1132683346437333
decision_type=2 2 2 2 2 2 2 2 2 2 2 2 2 2
left_child=-1 2 3 4 -2 6 7 8 9 -6 13 -12 -8 -11
right_child=1 -3 -4 -5 5 -7 12 -9 -10 10 11 -13 -14 -15
leaf_value=-0.047165142527567247 0.043570428293604739 -0.043489346817549082 0.051701050105460902 0.054942031918043067 -0.043584572367311447 0.053078649153011581 0.064018303551406572 -0.05669028916522259 -0.051368920715519351 0.04786874801062245 -0.064177170603112232 0.031721818067515284 -0.030916331239299728 -0.041806381439255386
leaf_weight=16.113822335144505 43.438467040657997 5.3704856110271058 69.393404796719551 31.154744361992925 6.1875006457557893 21.938781201839447 11.218808770179747 17.35531156801153 9.5655722501687688 20.425008999183781 3.747165258973836 3.1928343197796494 1.2052174566779275 1.1051602972438548
leaf_count=10800 71 1755 129 160 2173 30 9 1844 1704 510 443 27 49 66
internal_value=0.0269004 0.0319376 0.0337994 0.026256 0.0194983 0.00826231 -0.00555448 -0.0180677 -0.00199195 0.0126946 0.0259898 -0.0216191 0.053192 0.0416144
internal_weight=261.412 245.298 239.928 170.535 139.38 95.9414 74.0026 61.5786 44.2232 34.6577 28.4702 6.94 12.424 21.5302
internal_count=19770 8970 7215 7086 6926 6855 6825 6767 4923 3219 1046 470 58 576
is_linear=0
shrinkage=0.05


Tree=49
num_leaves=15
num_cat=0
split_feature=7 16 29 12 5 5 7 29 27 6 6 30 14 14
split_gain=36.992 17.4213 19.1582 10.5247 14.2084 14.5677 25.5519 18.3655 10.0478 8.39634 7.44578 6.1896 4.6576 7.83253
threshold=2.0501146807920381 1.0000000180025095e-35 0.33348402652200126 0.87500000000000011 1.7500000000000002 3.5833333333333335 4.4186017428302957 0.35330032829664554 0.70520450683630642 3.699446240432394 5.2724682103148881 2.8923127545612006 0.16530076646749856 0.19411523636542327
decision_type=2 2 2 2 2 2 2 2 2 2 2 2 2 2
left_child=-1 2 -2 4 10 6 7 11 -8 -7 -4 -6 -9 -14
right_child=1 -3 3 -5 5 9 8 12 -10 -11 -12 -13 13 -15
leaf_value=-0.047038568549759491 -0.037217500085167596 0.051076280944189902 0.04425970893889096 0.051761373440516192 0.0583034721201297 0.062387032059339237 0.065213710748359008 -0.055864998844387476 -0.036843949359037953 -0.034962099468702372 -0.036164457011909283 -0.038942586280787506 0.035074140395111975 -0.037497731624730184
leaf_weight=15.437433017883448 11.933384220930746 73.042534455657005 47.822340257465839 31.843681374564767 6.8183712272439134 12.942211627960203 12.853323262766933 19.509171978221275 2.2405196030158541 1.9653173222905014 2.3320357517804942 1.3194595765089614 4.1780967134982374 13.033025316079145
leaf_count=10847 3287 151 79 56 83 11 53 2704 723 543 621 69 22 633
internal_value=0.0259147 0.0307462 0.0216996 0.0263893 0.019567 0.00560709 -0.0055911 -0.0245283 0.0487163 0.0481621 0.0398863 0.0399999 -0.0395101 -0.0189219
internal_weight=257.271 241.833 168.791 156.858 125.014 74.8595 59.952 44.8581 15.0938 14.9075 50.1544 8.13783 36.7203 17.2111
internal_count=19882 9035 8884 5597 5541 4841 4287 3511 776 554 700 152 3359 655
is_linear=0
shrinkage=0.05


Tree=50
num_leaves=15
num_cat=0
split_feature=6 14 3 32 0 28 14 6 6 6 16 30 12 30
split_gain=23.7892 15.828 34.6753 10.5012 9.14295 7.27351 11.4483 7.40104 6.96889 7.31959 6.87817 6.81428 5.95004 4.5528
threshold=2.0555714654913531 1.0000000180025095e-35 1.4978661367769956 1.0000000180025095e-35 0.89587973461402759 0.57862895139114834 0.22448775294267295 3.9890246936720053 5.2724682103148881 3.1701730668757713 0.036506651930943761 2.885335451430616 0.87500000000000011 3.3271257466900668
decision_type=2 2 2 2 2 2 2 2 2 2 2 2 2 2
left_child=-1 2 10 8 5 6 11 -8 9 -4 -2 -3 -13 -7
right_child=1 4 3 -5 -6 13 7 -9 -10 -11 -12 12 -14 -15
leaf_value=-0.045463848868889933 -0.048588591115164372 0.043439360496260099 -0.042044245332548774 -0.048032729299028527 -0.039412535846537151 0.052418611046144474 -0.049996743017773002 0.028810773642805085 -0.035515374972041193 0.047724491951802395 0.036253765205563393 -0.053818212342693877 0.038346479679414652 0.016476581252915578
leaf_weight=9.8461929032346216 20.213270626380112 39.787132932222448 1.6484547666041169 2.8594121832866213 2.8621226073009884 93.871311112889089 6.5064022617880237 4.0995001888368279 2.2259233549702904 44.505149437929504 1.9634278416633595 2.9964244547300032 2.1899350583553314 10.984437507460823
leaf_count=7406 8370 383 167 430 313 254 1280 55 656 234 3 138 3 219
internal_value=0.0275204 0.0307347 0.0112493 0.0336992 0.0393732 0.0410141 0.0256389 -0.0196775 0.0394048 0.0436946 -0.0398369 0.0365212 -0.0149939 0.0488446
internal_weight=246.559 236.713 73.4156 51.2389 163.297 160.435 55.5794 10.6059 48.3795 46.1536 22.1767 44.9735 5.18636 104.856
internal_count=19911 12505 9860 1487 2645 2332 1859 1335 1057 401 8373 524 141 473
is_linear=0
shrinkage=0.05


Tree=51
num_leaves=15
num_cat=0
split_feature=7 16 14 7 28 6 13 5 14 7 29 30 27 30
split_gain=31.8681 17.5728 16.9116 16.504 11.671 9.875 7.28741 14.3395 12.9513 8.11097 16.0887 9.40678 6.75048 5.87414
threshold=2.0501146807920381 1.0000000180025095e-35 1.0000000180025095e-35 3.3630845931548374 0.82004012759363809 5.2724682103148881 4.5000000000000009 1.7500000000000002 0.27101739770380834 4.4186017428302957 0.62262677342918804 2.8923127545612006 0.9731042786738352 3.3918004488310562
decision_type=2 2 2 2 2 2 2 2 2 2 2 2 2 2
left_child=-1 2 3 -2 -5 12 7 -4 9 10 11 -9 -6 -14
right_child=1 -3 6 4 5 -7 -8 8 -10 -11 -12 -13 13 -15
leaf_value=-0.046772967316530058 -0.048582649985374919 0.050394875093695474 0.052176586796350392 -0.043743440911566074 0.04738655425328523 -0.040432051880244679 0.052536233298443362 0.031380623891528223 -0.046399730795148891 0.051368039748056031 -0.066356153919861827 -0.051841772413919088 -0.085014224230445246 0.027949191878203335
leaf_weight=14.145903780241495 14.172716364846563 63.994268506765366 25.652916967868805 6.3066843554843208 22.457316372077919 3.8519179897848508 27.109754383563995 24.348422108683739 8.4420411780010891 12.020309908082707 5.5257473366800687 3.0008767324034116 1.1218044459819787 1.7399852126836775
leaf_count=10875 4128 143 44 1194 65 1674 44 215 1208 25 123 104 9 3
internal_value=0.0237343 0.0284645 0.0191898 -0.00484034 0.0134867 0.0268995 0.0303751 0.0222076 0.00709885 0.0179504 0.00457603 0.0207426 0.03829 -0.0268796
internal_weight=233.891 219.745 155.75 49.6504 35.4777 29.171 106.1 78.9903 53.3374 44.8954 32.875 27.3493 25.3191 2.86179
internal_count=19854 8979 8836 7073 2945 1751 1763 1719 1675 467 442 319 77 12
is_linear=0
shrinkage=0.05


Tree=52
num_leaves=15
num_cat=0
split_feature=7 14 28 7 6 27 19 30 18 7 5 14 13 29
split_gain=32.5177 15.6624 17.7956 11.9296 13.6516 7.84114 7.76541 6.63003 5.7629 4.52321 7.26585 18.4421 7.2352 13.8323
threshold=2.0501146807920381 1.0000000180025095e-35 0.82004012759363809 3.3630845931548374 5.2724682103148881 0.98244843891995137 7.5000000000000009 3.4149324032555914 2.5541265051333784 4.4186017428302957 1.7500000000000002 0.27808882026540188 4.5000000000000009 0.35330032829664554
decision_type=2 2 2 2 2 2 2 2 2 2 2 2 2 2
left_child=-1 2 6 8 5 -5 -2 -7 -4 10 -3 12 13 -12
right_child=1 9 3 4 -6 7 -8 -9 -10 -11 11 -13 -14 -15
leaf_value=-0.046623918539285547 0.038438202707445614 0.052211283576712786 -0.058451545200298362 0.049460885713647817 -0.042127942834138066 -0.076649902321950639 -0.047208298872267594 0.035904180537906276 0.033487928725308966 0.056856547055681064 0.048793303062995751 -0.045272271015503518 0.052261974246512681 -0.0068098588715957272
leaf_weight=13.50141821510624 2.4238432049751291 40.020702064037323 4.942650079377926 38.386680759955198 4.4820800569141275 1.6609775051474565 14.006136410869658 1.72397243976593 1.6369961798191068 32.851432417519391 20.243187016341835 7.4367779345484442 29.307373464107513 23.17328586243093
leaf_count=10854 4 80 378 103 1691 11 4982 2 3 90 238 1163 53 252
internal_value=0.0263487 0.0309698 0.0110318 0.0251134 0.0340923 0.0430645 -0.0330929 -0.0242105 -0.034177 0.0398636 0.0347877 0.0255528 0.0333112 0.0196303
internal_weight=235.798 222.296 69.2633 52.8334 46.2537 41.7716 16.43 3.38495 6.57965 153.033 120.181 80.1606 72.7238 43.4165
internal_count=19904 9050 7174 2188 1807 116 4986 13 381 1876 1786 1706 543 490
is_linear=0
shrinkage=0.05


Tree=53
num_leaves=15
num_cat=0
split_feature=7 16 13 5 7 29 6 30 30 5 29 0 4 23
split_gain=28.9608 16.493 14.965 14.7308 25.6543 8.96962 10.1832 9.99837 7.98078 5.92645 5.60896 6.7006 7.6709 5.22133
threshold=2.0501146807920381 1.0000000180025095e-35 4.5000000000000009 1.7500000000000002 3.3630845931548374 0.76379584099976716 4.4288206438694759 2.885335451430616 1.9071755012240892 3.5833333333333335 0.9157139376854343 2.3502401828962087 4.2500000000000009 0.6802189868331423
decision_type=2 2 2 2 2 2 2 2 2 2 2 2 2 2
left_child=-1 2 3 10 -5 6 7 8 -6 -9 -2 12 -12 -10
right_child=1 -3 -4 4 5 -7 -8 9 13 -11 11 -13 -14 -15
leaf_value=-0.046449883763846143 0.049305575660016483 0.049850456262504089 0.052148795060686495 -0.048909663453107703 -0.05301342831885178 -0.026573022289307031 0.065102434217758229 -0.056113408160892497 0.038905634010771829 0.037629974400104252 0.015655987843400086 0.036927932701622215 -0.081074059301907753 -0.016055207336409704
leaf_weight=12.82814683660399 25.950210966053419 63.057314142584801 27.317028897930868 19.831508003873751 2.2323888901155433 9.8822457946371269 10.561207706807179 6.3257632248569271 26.326729236054238 1.4257792234420774 4.4858477776870158 9.5575547887710837 2.4157029783818871 4.5610089659458017
leaf_count=10814 114 153 53 5437 79 1752 92 284 365 1 25 122 435 152
internal_value=0.0240722 0.0284975 0.0193035 0.0116813 -0.000884326 0.0151844 0.0235614 0.0115288 0.0235204 -0.0365412 0.0351912 0.0113883 -0.0241773 0.0305409
internal_weight=226.758 213.93 150.873 123.556 81.1466 61.3151 51.4329 40.8717 33.1201 7.75154 42.4093 16.4591 6.90155 30.8877
internal_count=19878 9064 8911 8858 8162 2725 973 881 596 285 696 582 460 517
is_linear=0
shrinkage=0.05


Tree=54
num_leaves=15
num_cat=0
split_feature=7 6 16 28 14 14 30 30 29 12 30 25 7 0
split_gain=29.8558 12.3429 9.29549 9.09415 12.5289 9.74642 7.08147 6.7464 5.56221 7.22676 6.0385 4.76714 6.26554 4.48008
threshold=2.2442411583132738 5.2724682103148881 1.0000000180025095e-35 0.62959993348062637 1.0000000180025095e-35 0.27101739770380834 3.6891453408524542 2.8923127545612006 0.34551586170386062 0.87500000000000011 2.2316701037974789 3.0201273556387074 4.321497902261858 0.89587973461402759
decision_type=2 2 2 2 2 2 2 2 2 2 2 2 2 2
left_child=-1 2 3 4 -2 7 13 8 -6 10 -10 12 -12 -5
right_child=1 -3 -4 6 5 -7 -8 -9 9 -11 11 -13 -14 -15
leaf_value=-0.038173272246784407 -0.044759823761970602 -0.042751960176155568 0.050000617744263946 0.046655328341879437 0.05672826263062633 -0.042842517296623972 -0.03677342913431135 -0.032698167697965824 -0.044963952558982417 0.049049702941690504 -0.057684366534898092 0.053885488913787874 0.026829443302668322 0.01943445462906819
leaf_weight=16.23861913732253 7.9796727841021484 4.7474822965450576 55.685243055224419 55.028504046029411 14.5765124685131 4.7216433023568234 2.4683130704797795 3.5428390996530643 4.8467442758847055 10.011742889881136 2.7114870431832951 4.0973644850309938 4.4140435736626387 23.660669867647812
leaf_count=11856 3569 1761 134 400 110 892 226 98 68 18 49 26 8 569
internal_value=0.0253435 0.0307051 0.0327153 0.025434 0.00986308 0.0194907 0.0360984 0.0269498 0.0328075 0.0178375 -0.00334265 0.0168401 -0.00847194 0.038817
internal_weight=214.731 198.492 193.745 138.06 56.902 48.9224 81.1575 44.2007 40.6579 26.0814 16.0696 11.2229 7.12553 78.6892
internal_count=19784 7928 6167 6033 4838 1269 1195 377 279 169 151 83 57 969
is_linear=0
shrinkage=0.05


Tree=55
num_leaves=15
num_cat=0
split_feature=7 16 30 5 30 29 13 0 5 23 28 28 7 29
split_gain=28.2284 13.1969 13.159 8.20385 7.60968 7.42185 7.27511 6.86151 5.23264 4.79552 4.35698 8.17645 6.09318 4.30569
threshold=2.0501146807920381 1.0000000180025095e-35 2.8923127545612006 1.7500000000000002 1.5970786018174881 0.25820768859100324 4.5000000000000009 0.89587973461402759 1.7500000000000002 0.59695192210081038 0.30193507888796345 0.087726770076810442 3.1919587132661058 0.5914265478164733
decision_type=2 2 2 2 2 2 2 2 2 2 2 2 2 2
left_child=-1 2 4 -4 9 -6 -5 10 -9 -2 11 12 -7 -13
right_child=1 -3 3 6 5 7 -8 8 -10 -11 -12 13 -14 -15
leaf_value=-0.046147106423216643 -0.065565959190995546 0.050050430185907491 0.032427997751057556 -0.038686289313315803 -0.037364190058944306 -0.028788252895012842 0.040072987284891358 0.025302946245478488 -0.024658484759268753 0.012952089919583199 0.045479544981254873 -0.051180510005384851 0.078374472663542874 0.017732805578375494
leaf_weight=11.773505947086958 2.3656024443916968 62.028946287930012 7.5024094501277458 16.490800166386183 2.9156848272541529 1.1891053192084635 2.6764383912086478 14.736312257708052 6.926771309808827 3.9843856252264231 74.266555898706429 3.9513592548901215 4.2945370593806729 3.463265142054297
leaf_count=10778 156 164 233 2600 1806 296 4 419 1298 138 1130 596 18 170
internal_value=0.0264732 0.03081 0.0222789 -0.00916572 0.0293975 0.0324379 -0.0262469 0.0346312 0.00894463 -0.0212396 0.0408412 0.0127835 0.0542806 -0.02071
internal_weight=218.566 206.792 144.763 26.6696 118.094 111.744 19.1672 108.828 21.6631 6.34999 87.1648 12.8983 5.48364 7.41462
internal_count=19806 9028 8864 2837 6027 5733 2604 3927 1717 294 2210 1080 314 766
is_linear=0
shrinkage=0.05


Tree=56
num_leaves=15
num_cat=0
split_feature=14 3 32 19 28 14 0 8 13 23 16 30 30 28
split_gain=16.8845 30.9954 9.78447 7.71647 6.42049 10.9473 5.59658 4.55034 4.2649 6.59501 7.02665 5.10434 3.87645 3.49211
threshold=1.0000000180025095e-35 1.4978661367769956 1.0000000180025095e-35 7.5000000000000009 0.57862895139114834 0.27808882026540188 0.89587973461402759 2.8402336299534414 4.5000000000000009 0.6802189868331423 0.1010307555000643 2.9685942810165353 3.306159024072342 0.98171116168917061
decision_type=2 2 2 2 2 2 2 2 2 2 2 2 2 2
left_child=1 3 7 -1 5 8 12 13 9 11 -11 -2 -6 -3
right_child=4 2 -4 -5 6 -7 -8 -9 -10 10 -12 -13 -14 -15
leaf_value=0.037123669702228544 0.032828523637428206 0.040014772222812287 -0.048570157314588566 -0.048844089595041627 0.050986660375583429 -0.04235655330802432 -0.032792309833723603 -0.046960882664976389 0.050206751677627483 -0.063870654702808921 0.036540991646160967 -0.04061242385724953 0.015537568635120576 -0.022020144338360009
leaf_weight=2.2108258903026607 29.768457586353183 42.430476138950326 2.9747843454242675 21.934773796936497 67.341178420756478 5.0919070440577334 1.6112240439397272 0.84839712339453299 15.82342943549156 3.5735394920338868 1.9926546216011045 1.7255246035638254 9.9321969532174972 1.7860381806967769
leaf_count=4 485 1011 477 13873 503 2243 184 65 34 260 3 132 410 112
internal_value=0.0250784 0.00540577 0.0284801 -0.0398094 0.03534 0.0220982 0.0446734 0.0345102 0.0289751 0.0188289 -0.0278335 0.0276788 0.046687 0.0370774
internal_weight=209.045 72.1853 48.0397 24.1456 136.86 57.9755 78.8846 45.0649 52.8836 37.0602 5.56619 31.494 77.2734 44.2165
internal_count=19796 15542 1665 13877 4254 3157 1097 1188 914 880 263 617 913 1123
is_linear=0
shrinkage=0.05


Tree=57
num_leaves=15
num_cat=0
split_feature=7 16 13 28 29 7 6 14 14 8 29 7 28 28
split_gain=24.704 11.5687 10.2809 10.1136 11.1661 8.62265 8.17012 5.2161 4.97601 4.79033 4.29465 8.98656 3.91143 3.74348
threshold=2.0501146807920381 1.0000000180025095e-35 4.5000000000000009 0.63979010587579721 0.6187574228028504 2.9421514417660002 5.2724682103148881 0.056920056398945658 0.2721087720154029 2.7472528293163112 0.72477928360975485 3.3630845931548374 0.95928391047033701 0.83305235594070148
decision_type=2 2 2 2 2 2 2 2 2 2 2 2 2 2
left_child=-1 2 3 4 5 -2 10 -7 -9 -3 -5 12 -12 -13
right_child=1 9 -4 6 -6 7 -8 8 -10 -11 11 13 -14 -15
leaf_value=-0.045872944786644713 -0.043335075388559144 0.050816650416685649 0.051116035705096832 0.042356405120131613 -0.055005103963039509 -0.03770564812586448 -0.039868738395060561 0.030502617171824221 -0.035789004953657853 -0.021983957634491253 -0.0502996653094996 -0.012436485391213961 0.020568186325139626 0.038141849518170387
leaf_weight=10.946816134557592 5.9419003414222962 52.621868252754211 22.363296634051949 34.859696614788845 7.6609695551451287 2.9009153394144951 3.5814729409175916 27.543171617900956 2.3048067094059652 1.8287308588623989 5.1916265743784598 3.8597395212855217 2.1794311301782727 21.782124477671459
leaf_count=10889 3055 142 50 595 1299 1063 1706 112 278 14 384 195 49 66
internal_value=0.0243779 0.0285436 0.0206915 0.0145343 -0.00363125 0.00767058 0.0262056 0.0179348 0.0243895 0.0480193 0.0302204 0.016537 -0.0293919 0.0303475
internal_weight=205.567 194.62 140.169 117.806 46.3518 38.6908 71.4541 32.7489 29.848 54.4506 67.8726 33.0129 7.37106 25.6419
internal_count=19897 9008 8852 8802 5807 4508 2995 1453 390 156 1289 694 433 261
is_linear=0
shrinkage=0.05


Tree=58
num_leaves=15
num_cat=0
split_feature=7 18 13 28 29 30 7 14 6 4 5 23 30 25
split_gain=22.9388 12.0609 10.4479 10.2582 8.99823 14.2021 9.30866 7.41563 6.31383 8.15645 9.56956 6.30534 6.40524 6.33601
threshold=2.0501146807920381 1.0000000180025095e-35 4.5000000000000009 0.62408795300147479 0.74021038261357142 3.306159024072342 3.3630845931548374 0.056920056398945658 3.7226998520434811 4.2500000000000009 1.7500000000000002 0.6802189868331423 2.7950298394635196 3.1132683346437333
decision_type=2 2 2 2 2 2 2 2 2 2 2 2 2 2
left_child=-1 2 3 7 5 -5 -6 -2 -8 10 -10 12 13 -9
right_child=1 -3 -4 4 6 -7 8 11 9 -11 -12 -13 -14 -15
leaf_value=-0.045668987725981401 -0.045881258537277508 0.048844013514871172 0.050837863126906149 0.05339835984509346 -0.050499587432203924 -0.024675139507295642 0.044192409593031251 0.029027671514517763 0.044440615124863865 -0.066366970854484744 -0.045044173166057029 -0.043572778610545593 -0.046868874328445831 -0.050789951983792436
leaf_weight=10.40546247322345 8.2023471448337641 49.021576762199402 21.642303321277723 33.093777305213735 5.2764522992074516 6.4093807021854436 10.951640630490148 24.499034318490892 7.991088666138241 3.0132993526058263 3.5377746449666994 4.7456979884300372 2.9285354197490951 1.8434935745317478
leaf_count=10895 4273 149 52 294 405 482 74 560 60 590 1239 405 328 105
internal_value=0.0235929 0.0277544 0.0197425 0.0133649 0.0249428 0.0404345 0.00440765 -0.00603762 0.017249 -0.00457988 0.0155776 0.00460564 0.0135982 0.0217886
internal_weight=193.562 183.156 134.135 112.493 70.2734 39.5032 30.7703 42.2191 25.4938 14.5422 11.5289 34.0168 29.2711 26.3425
internal_count=19911 9016 8867 8815 3144 776 2368 5671 1963 1889 1299 1398 993 665
is_linear=0
shrinkage=0.05


Tree=59
num_leaves=15
num_cat=0
split_feature=7 2 18 7 14 30 27 29 6 28 14 14 28 30
split_gain=21.2641 12.9491 12.9854 9.05731 21.81 8.06588 6.77886 5.88223 5.16371 6.47633 5.83604 6.15588 4.09059 3.71799
threshold=2.0501146807920381 2.4414009612931857 1.0000000180025095e-35 3.1919587132661058 0.99615729292963973 3.1182523740259862 0.96925742418901539 0.73633680621012376 5.2724682103148881 0.61359785073982087 1.0000000180025095e-35 0.2721087720154029 0.824547970038222 1.8456444149686246
decision_type=2 2 2 2 2 2 2 2 2 2 2 2 2 2
left_child=-1 2 3 4 -2 6 8 -7 9 10 -5 13 -6 -12
right_child=1 -3 -4 5 12 7 -8 -9 -10 -11 11 -13 -14 -15
leaf_value=-0.045485426491201325 -0.046553407833830163 -0.069414581468473457 0.051276953500014627 -0.038023514129813397 -0.029480451337760939 -0.050369269770368458 -0.060176617446956862 0.016577020309298692 -0.033909332205208136 0.048080099884688143 -0.018320785142310385 -0.038156720350818851 0.045034024085336966 0.03612753594690403
leaf_weight=9.9515063642756996 14.398738341114949 2.5307780074654138 45.339981809258461 3.0468929341295725 1.4093493648106239 4.5303810908226279 1.0832384059322056 7.2250589274917729 2.0028088276158078 47.947726011509076 2.848985854536294 2.6351104601053512 13.696718954481183 33.261881741695106
leaf_count=10889 4344 156 134 1014 542 237 281 493 1055 290 17 276 78 118
internal_value=0.0226305 0.0265841 0.0283153 0.020229 -0.00413181 0.0270757 0.0319837 -0.0111493 0.033709 0.0355752 0.0204403 0.0258788 0.0366833 0.0314539
internal_weight=191.909 181.958 179.427 134.087 29.5048 104.582 92.8266 11.7554 91.7434 89.7406 41.7929 38.746 15.1061 36.1109
internal_count=19924 9035 8879 8745 4964 3781 3051 730 2770 1715 1425 411 620 135
is_linear=0
shrinkage=0.05


Tree=60
num_leaves=15
num_cat=0
split_feature=7 27 16 13 5 7 5 27 29 7 6 14 14 22
split_gain=19.4162 12.6534 12.8849 9.2438 13.9299 10.4451 11.8652 15.6932 9.00333 6.8731 5.77329 4.85779 4.97193 3.14944
threshold=2.0501146807920381 0.98244843891995137 1.0000000180025095e-35 4.5000000000000009 1.7500000000000002 4.4186017428302957 3.5833333333333335 0.38562485961776977 0.76379584099976716 2.9421514417660002 5.2724682103148881 0.25341851857701325 0.056920056398945658 1.0000000180025095e-35
decision_type=2 2 2 2 2 2 2 2 2 2 2 2 2 2
left_child=-1 2 3 4 10 6 7 9 -7 -6 -2 12 -11 -9
right_child=1 -3 -4 -5 5 8 -8 13 -10 11 -12 -13 -14 -15
leaf_value=-0.045269938838738755 0.04341369036925237 -0.060320191760348786 0.050998541624208617 0.050219491999590651 -0.040679642855940473 0.061119351578866214 0.048883169380436242 -0.0065160664868997359 -0.036726464153060107 -0.032551622501528495 -0.033799411025449859 -0.042011889764073045 0.042483247178163042 -0.054082989974839096
leaf_weight=9.4634306617663224 31.20458872616291 3.3003031614935017 41.966368287801743 18.456789253279567 4.2197474384447586 9.1625274850521219 6.3200747966766349 4.5104474711697575 2.3252512337639919 1.818953805253847 1.8968930788105343 1.6092248506611202 14.638754362938924 20.412811953865457
leaf_count=10834 74 281 131 48 2666 102 8 332 989 884 605 224 83 2633
internal_value=0.0211774 0.0253169 0.0274664 0.0186334 0.0122451 -0.0013099 -0.0107368 -0.0195667 0.0399593 0.0107644 0.0381276 0.0242831 0.0328006 -0.0460581
internal_weight=171.306 161.843 158.542 116.576 98.1193 65.0178 53.53 47.2099 11.4878 22.2867 33.1015 18.0669 16.4577 24.9233
internal_count=19894 9060 8779 8648 8600 7921 6830 6822 1091 3857 679 1191 967 2965
is_linear=0
shrinkage=0.05


Tree=61
num_leaves=15
num_cat=0
split_feature=7 16 13 14 7 30 3 23 30 27 3 28 32 23
split_gain=19.318 10.0017 8.23944 9.00628 11.242 6.08639 8.01903 5.6892 5.36113 4.51939 4.145 3.46625 3.52297 3.89749
threshold=2.0501146807920381 1.0000000180025095e-35 4.5000000000000009 0.22051435730853819 2.9421514417660002 2.885335451430616 1.4978661367769956 0.80133345501583952 1.6214223009987723 0.97756310159181492 1.2424533248940004 0.31932752040909712 1.0000000180025095e-35 0.35087609290579891
decision_type=2 2 2 2 2 2 2 2 2 2 2 2 2 2
left_child=-1 2 3 4 -2 7 -7 8 -6 -3 -10 -12 -13 -14
right_child=1 9 -4 -5 5 6 -8 -9 10 -11 11 12 13 -15
leaf_value=-0.045070047125792045 -0.04907384436025336 0.050916799936465321 0.049936221460665967 0.033371703912234159 -0.045393124925590028 -0.054453967635898694 0.019528837199869475 -0.053894857299796053 -0.033342505682790867 -0.016453409870824675 -0.012046401607317904 0.03967900241237262 0.033564938279649452 -0.044863335364848871
leaf_weight=9.0470170851331186 8.1379809108911996 41.092247352004051 17.563246557721868 35.998982284218073 1.8850704114884127 6.5111854777787794 6.3879252927144989 1.648137385433073 1.9680631071096275 2.194869026541709 4.0038530753809018 33.516063681337982 2.1845011900877571 2.1760437375633046
leaf_count=10814 3370 134 48 1345 125 933 384 250 1094 17 234 717 27 348
internal_value=0.0227441 0.026705 0.0191051 0.0134947 0.00270627 0.0103834 -0.019047 0.0186235 0.0223342 0.0472064 0.0261931 0.0297031 0.0343127 -0.00664118
internal_weight=174.315 165.268 121.981 104.418 68.4188 60.2808 12.8991 47.3817 45.7336 43.2871 43.8485 41.8805 37.8766 4.36054
internal_count=19840 9026 8875 8827 7482 4112 1317 2795 2545 151 2420 1326 1092 375
is_linear=0
shrinkage=0.05


Tree=62
num_leaves=15
num_cat=0
split_feature=14 3 32 16 28 27 30 5 30 3 19 23 23 28
split_gain=14.2698 21.8896 7.79857 5.73598 5.85289 11.372 5.07039 5.72223 4.75386 4.18836 3.94796 3.7547 3.72204 3.5553
threshold=1.0000000180025095e-35 1.4978661367769956 1.0000000180025095e-35 1.0000000180025095e-35 0.31932752040909712 0.087785303612859564 3.1182523740259862 1.7500000000000002 1.6703303154069353 2.524928003624769 7.5000000000000009 0.64317618589277881 0.47733982948708442 0.82004012759363809
decision_type=2 2 2 2 2 2 2 2 2 2 2 2 2 2
left_child=1 10 9 4 5 12 8 -8 11 13 -1 -6 -2 -3
right_child=3 2 -4 -5 6 -7 7 -9 -10 -11 -12 -13 -14 -15
leaf_value=0.028588654275438947 -0.02930548616558892 -0.029504085647207603 -0.047475690503216865 0.050276104113389002 -0.04507580864680405 -0.05320313151352063 0.041668862300398186 -0.030206744132313973 0.039283644364541327 -0.045959634641789072 -0.048298047541588389 0.025386666375867548 0.054185935230490201 0.037530391414333994
leaf_weight=1.1885243952274347 1.0285095533472466 1.3934990640846106 2.6654797331430009 30.312815278768539 2.4760941431159145 5.8068791789701208 3.4462094306945801 6.3559429510496539 55.953409845998976 0.88905930367763986 17.39350279502105 3.1930993992718868 4.9565966228838079 30.544647309172433
leaf_count=3 187 374 470 106 114 1362 7 769 1246 40 13914 62 377 772
internal_value=0.0216616 0.000483343 0.0233587 0.0316567 0.0243578 -0.00772593 0.0296883 -0.00341882 0.0349251 0.0303438 -0.0421715 -0.00753299 0.037697 0.0337987
internal_weight=167.604 54.0747 35.4927 113.53 83.2167 11.792 71.4248 9.80215 61.6226 32.8272 18.582 5.66919 5.98511 31.9381
internal_count=19803 15573 1656 4230 4124 1926 2198 776 1422 1186 13917 176 564 1146
is_linear=0
shrinkage=0.05


Tree=63
num_leaves=15
num_cat=0
split_feature=16 13 28 6 27 6 27 6 27 29 8 4 5 30
split_gain=17.6171 13.4807 17.8777 27.8974 7.92213 8.55021 7.624 7.01177 5.83596 5.6276 5.04653 4.44449 6.29284 5.46442
threshold=1.0000000180025095e-35 4.5000000000000009 0.82004012759363809 4.4288206438694759 0.047316813222543073 3.9890246936720053 0.3694223390840064 5.2724682103148881 0.044029917771881803 0.42864856525763656 1.377709388886337 1.4166666666666667 1.7500000000000002 3.6891453408524542
decision_type=2 2 2 2 2 2 2 2 2 2 2 2 2 2
left_child=1 2 3 4 8 -6 -7 11 -1 -8 -5 13 -13 -4
right_child=-2 -3 7 10 5 6 9 -9 -10 -11 -12 12 -14 -15
leaf_value=-0.031906525261631173 0.047172843604431705 0.049642022880022257 0.053163278081359171 0.057957523877333397 -0.055390060880792104 0.041668060411516987 0.0075973404066209714 -0.038414026590209899 0.071837351613028871 -0.066612639832073342 -0.028840782004293825 0.025948550471364479 -0.041451050865103797 -0.016624662574740878
leaf_weight=1.6129268914810375 41.774963013827801 17.015487974160351 21.51960761850933 11.366861956601495 28.198956674954388 4.4153284135390996 4.4906868377584015 3.1007897462695828 2.1286261227796786 4.4123991478118114 1.31989327300107 15.01032846583985 3.4667935254983595 2.7353706985595627
leaf_count=1129 157 50 150 58 14357 36 69 1847 76 472 295 36 627 515
internal_value=0.0195682 0.00971253 0.00275441 -0.0155953 -0.0339204 -0.0402307 -0.00650724 0.0257913 0.0298178 -0.032194 0.0474799 0.0312221 0.0118237 0.0449463
internal_weight=162.569 120.794 103.779 57.9457 45.2589 41.5174 13.3184 45.8329 3.74155 8.90309 12.6868 42.7321 18.4771 24.255
internal_count=19874 19717 19667 16492 16139 14934 577 3175 1205 541 353 1328 663 665
is_linear=0
shrinkage=0.05


Tree=64
num_leaves=15
num_cat=0
split_feature=16 7 13 28 14 27 29 7 6 30 27 4 7 30
split_gain=15.1028 12.9379 9.59719 9.10457 8.46549 8.29852 7.04546 11.3503 6.36248 5.46751 5.02512 4.93 7.30099 4.34067
threshold=1.0000000180025095e-35 2.2442411583132738 4.5000000000000009 0.82004012759363809 0.056920056398945658 0.98771797943566986 0.34144929990966583 4.4186017428302957 5.2724682103148881 2.2384573551412781 0.30145738138442818 1.4166666666666667 3.3630845931548374 2.885335451430616
decision_type=2 2 2 2 2 2 2 2 2 2 2 2 2 2
left_child=1 -1 3 4 -3 -2 9 -8 11 -6 -11 -5 -13 -12
right_child=5 2 -4 8 6 -7 7 -9 -10 10 13 12 -14 -15
leaf_value=-0.042044809894682171 0.050534653559670843 -0.047481318072892069 0.049347369977237474 0.046029945903089682 0.062864668782159877 -0.047735888495675782 -0.036456617213362998 0.037567949919574163 -0.037705196546524045 -0.049869068319794409 0.043619850212226412 -0.042827838017101369 0.028422618307572561 -0.036797823351960517
leaf_weight=10.100850943766998 36.786452442407608 9.1741598713560943 15.896808488527311 21.36901280481834 5.9131474898313163 1.5145481377840031 15.61360148410313 6.5939876057673237 2.8711326210759571 2.1879012745921482 5.4822198187466711 4.0199976143194354 11.854695199057458 1.4171424279920755
leaf_count=11807 135 4228 47 189 134 15 654 40 1712 394 25 250 39 135
internal_value=0.0188186 0.00940208 0.0148347 0.00800035 -0.00705001 0.045533 0.0039007 -0.0138052 0.0251503 0.0293382 0.00345289 0.0308551 0.00891089 0.0245346
internal_weight=150.796 112.495 102.394 86.497 46.3822 38.301 37.208 22.2076 40.1148 15.0004 9.08726 37.2437 15.8747 6.89936
internal_count=19804 19654 7847 7800 5610 150 1382 694 2190 688 554 478 289 160
is_linear=0
shrinkage=0.05


Tree=65
num_leaves=15
num_cat=0
split_feature=13 14 7 16 28 26 6 28 28 14 30 28 7 30
split_gain=14.8851 13.8981 15.8588 8.4352 7.25691 7.83473 5.76864 5.36342 5.30832 5.10705 4.3438 4.23097 3.47924 3.18924
threshold=4.5000000000000009 0.22051435730853819 3.3895424254263582 0.036506651930943761 0.53785168093155555 1.5000000000000002 5.2724682103148881 0.39930705608374156 0.98171116168917061 0.15562789528499019 1.9071755012240892 0.77912936625401741 2.0501146807920381 3.5029877005381955
decision_type=2 2 2 2 2 2 2 2 2 2 2 2 2 2
left_child=1 2 3 -1 7 6 8 9 13 -4 11 -3 -12 -6
right_child=-2 10 4 -5 5 -7 -8 -9 -10 -11 12 -13 -14 -15
leaf_value=-0.049121567362683277 0.050242358402178389 -0.047757292575870795 -0.049656621964279141 0.037542224062427784 0.039893572154272167 -0.043627481200316308 -0.036387560076080107 -0.063120065951782642 -0.038563852700700202 0.027289483223182493 -0.028292974078264279 0.033029233958118402 0.039519844996917235 -0.022649262335539839
leaf_weight=19.285638518224008 27.916138600092381 2.5410409413743755 2.1680445097736065 2.5087234973907462 34.373991600063164 3.4073316751746452 2.4977810485870569 3.8970278511987999 1.710386712104081 5.7672860084567219 1.3008982933242794 2.05484408052871 39.993840532144532 1.5435564349172626
leaf_count=13517 99 328 362 7 359 560 1357 331 9 20 1656 26 1234 63
internal_value=0.0179158 0.0102361 -0.00277599 -0.0379364 0.0114923 0.0208723 0.027277 -0.0219554 0.0323357 0.00306215 0.031707 -0.0121896 0.0367651 0.0366651
internal_weight=150.967 123.05 77.1598 21.7944 55.3654 43.533 40.1257 11.8324 37.6279 7.93533 45.8906 4.59589 41.2947 35.9175
internal_count=19928 19829 16585 13524 3061 2348 1788 713 431 382 3244 354 2890 422
is_linear=0
shrinkage=0.05


Tree=66
num_leaves=15
num_cat=0
split_feature=7 13 28 22 30 30 23 19 14 7 23 7 23 28
split_gain=13.2878 10.4186 12.5599 9.44233 7.29673 5.74697 5.38651 5.24949 4.88605 9.97944 4.02225 3.3905 3.34294 2.88831
threshold=2.0501146807920381 4.5000000000000009 0.53337659528444747 1.5000000000000002 2.6219866034954085 2.885335451430616 0.34083864606854386 7.5000000000000009 0.22051435730853819 3.0061949956787655 0.32304519422201738 5.3234555491048932 0.66856559533419568 0.98958769375321864
decision_type=2 2 2 2 2 2 2 2 2 2 2 2 2 2
left_child=-1 2 4 8 6 12 10 -8 9 -4 -2 13 -6 -11
right_child=1 -3 3 -5 5 -7 7 -9 -10 11 -12 -13 -14 -15
leaf_value=-0.043973894140298113 -0.040465549278788926 0.049981175762809582 -0.048028520784223309 -0.043747551306788507 0.040580285677405827 -0.036815240031444471 0.028692824020513277 -0.063824312255964563 0.042965046460234531 0.030296906280729653 0.037932359482896194 -0.031614149700442892 -0.032317550276646387 -0.037384324658506544
leaf_weight=7.2476549393613814 1.7161333153490037 25.558941597817466 4.2959211296983986 3.9137903102091505 9.5562432515434903 3.3355662409448987 1.1950278878211982 9.993971735471856 33.652070560958236 40.486231709597632 3.174332088790834 1.712806625291704 1.0826251463149663 0.82131310051772644
leaf_count=10827 412 95 806 699 700 1234 3 2398 316 578 40 1311 345 14
internal_value=0.0181422 0.0216346 0.0149543 0.0247148 -0.0125206 0.0134533 -0.0345601 -0.0523998 0.0285174 0.0175655 0.00822218 0.0250578 0.0310228 0.0280994
internal_weight=147.743 140.495 114.936 84.8821 30.0539 13.9744 16.0795 11.189 80.9683 47.3163 4.89047 43.0204 10.6389 41.3075
internal_count=19778 8951 8856 3724 5132 2279 2853 2401 3025 2709 452 1903 1045 592
is_linear=0
shrinkage=0.05


Tree=67
num_leaves=15
num_cat=0
split_feature=16 7 14 5 13 7 29 7 6 2 6 7 6 5
split_gain=14.2306 11.635 19.2468 8.04105 6.50504 8.18633 7.61051 8.84985 6.75304 6.42375 4.82845 5.21122 8.87715 6.4789
threshold=1.0000000180025095e-35 3.1919587132661058 0.99615729292963973 1.7500000000000002 4.5000000000000009 3.2162712959246451 0.39687275926008797 4.1184654580375586 3.3638997243535007 2.4414009612931857 5.2724682103148881 4.4186017428302957 3.7226998520434811 1.7500000000000002
decision_type=2 2 2 2 2 2 2 2 2 2 2 2 2 2
left_child=1 2 -1 -4 5 -3 7 -7 -8 -2 11 12 -10 -14
right_child=9 4 3 -5 -6 6 8 -9 10 -11 -12 -13 13 -15
leaf_value=-0.050150574422442862 0.050250219162610479 0.068526060086071663 0.047672084949207535 -0.037342476604191897 0.048733490197948939 -0.066214177976185354 -0.053637757223508421 0.032368203273559472 0.034667278743230487 -0.042291644547593182 -0.037548095113849732 0.04643344754148148 0.027055517771447192 -0.029962176952591509
leaf_weight=16.96566537336912 34.624134480953217 5.0983671146095721 10.351454406976698 2.8630425810115439 14.709239651449023 5.6679107061354426 2.5245855497778384 2.7145289396867156 19.968609906907659 1.2490010373294342 2.795576171425636 14.353270894964224 6.5756641924381265 13.873705309466459
leaf_count=13877 143 56 32 1909 51 599 249 21 376 15 1769 146 19 618
internal_value=0.0188024 0.0102599 -0.0161672 0.0279216 0.0193743 0.0129297 0.00786339 -0.0342424 0.0142013 0.0459686 0.0180414 0.0215011 0.0117398 -0.0112211
internal_weight=154.335 118.462 30.1802 13.2145 88.2815 73.5722 68.4739 8.38244 60.0914 35.8731 57.5668 54.7713 40.418 20.4494
internal_count=19880 19722 15818 1941 3904 3853 3797 620 3177 158 2928 1159 1013 637
is_linear=0
shrinkage=0.05


Tree=68
num_leaves=15
num_cat=0
split_feature=7 20 3 5 3 7 30 6 25 30 7 23 13 28
split_gain=12.5699 7.69715 6.07969 6.3723 12.2294 7.37303 5.80387 4.42384 4.09578 2.90864 2.81951 3.53813 2.76694 2.50213
threshold=2.0501146807920381 1.0000000180025095e-35 2.524928003624769 1.7500000000000002 1.2424533248940004 2.9421514417660002 2.885335451430616 5.2724682103148881 3.1567740231385479 1.6703303154069353 3.2162712959246451 0.48274579741104501 4.5000000000000009 0.28819328626491741
decision_type=2 2 2 2 2 2 2 2 2 2 2 2 2 2
left_child=-1 2 3 7 -5 -6 8 -2 9 -7 11 -11 -8 -12
right_child=1 -3 -4 4 5 6 12 -9 -10 10 13 -13 -14 -15
leaf_value=-0.043419592603340551 0.041271636095217869 0.047911627491878717 -0.05272417316069427 -0.044891563948622377 -0.040577422537141195 -0.0068996727484384058 -0.027120491136183634 -0.031249117224316503 -0.027162410981119073 -0.022258621305026316 -0.0061958680787688397 0.071304127475463649 0.032675006729794669 0.03299965547002752
leaf_weight=6.5616448122891589 31.125474847853184 24.888754472136497 2.0984208006993859 7.8682227500830768 4.1177892135456196 4.073869412764906 7.1564197882544232 1.5424155569635321 2.3670069724903433 0.68401802139123713 4.3154790473054154 7.4759460052009672 1.6207358837127683 32.096394264546689
leaf_count=10745 98 109 122 4648 1531 79 616 576 333 59 129 132 4 535
internal_value=0.0198098 0.0232706 0.0171223 0.0190123 0.0104198 0.0178163 0.0224393 0.0370211 0.0288325 0.0320494 0.0356826 0.0618874 -0.0138664 0.0283128
internal_weight=137.993 131.431 106.542 104.444 71.7759 63.9077 59.7899 32.6679 51.0127 48.6457 44.5718 8.15996 8.77716 36.4119
internal_count=19716 8971 8862 8740 8066 3418 1887 674 1267 934 855 191 620 664
is_linear=0
shrinkage=0.05


Tree=69
num_leaves=15
num_cat=0
split_feature=7 18 14 3 30 7 0 6 28 14 5 25 2 30
split_gain=12.9092 8.07562 5.41359 12.6818 5.69863 5.04452 4.95471 4.61748 4.23422 6.16757 3.52569 3.3436 2.8111 2.2
threshold=2.0501146807920381 1.0000000180025095e-35 1.0000000180025095e-35 1.4978661367769956 3.1182523740259862 3.1919587132661058 2.8029010331479989 4.4288206438694759 0.62408795300147479 0.27101739770380834 1.7500000000000002 3.1567740231385479 0.89587973461402759 2.885335451430616
decision_type=2 2 2 2 2 2 2 2 2 2 2 2 2 2
left_child=-1 2 3 -2 8 -5 -3 -7 9 11 -6 13 -10 -4
right_child=1 6 4 5 10 7 -8 -9 12 -11 -12 -13 -14 -15
leaf_value=-0.043294745203625237 -0.046545000383329156 0.04997625386438756 0.031329784171249681 -0.043051590106797738 0.032885163675522258 0.037521030596372448 -0.033983616949009969 -0.015353430166934332 0.049165140043510386 -0.039639643980175415 -0.038520080439046096 -0.039409405203621649 -0.024161114324141829 -0.014398892393270218
leaf_weight=6.4211468953290014 9.0179595048539323 32.133182138204575 33.129467892809771 2.0047006036620614 1.619563430547714 18.40286001976347 1.1851398423314083 4.6458576473523854 24.073494110489268 3.1879721063887692 4.593853172264061 1.0831602098187421 0.80649876082315941 2.2852260966319582
leaf_count=10914 5714 146 274 243 4 190 15 946 93 874 341 53 65 53
internal_value=0.0215649 0.0248685 0.0177544 0.00130274 0.0255453 0.019651 0.0460866 0.026668 0.0299387 0.0190204 -0.0179292 0.0250646 0.0459465 0.0280646
internal_weight=144.59 138.169 104.851 34.0714 70.7792 25.0534 33.3183 23.0487 64.5658 39.6858 6.21342 36.4979 24.88 35.4147
internal_count=19925 9011 8850 7093 1757 1379 161 1136 1412 1254 345 380 158 327
is_linear=0
shrinkage=0.05


Tree=70
num_leaves=15
num_cat=0
split_feature=13 28 6 29 27 14 30 14 6 16 29 30 25 6
split_gain=10.8135 11.5114 14.5788 15.6202 9.38644 8.80318 8.40798 6.69906 6.18772 5.91655 3.79731 3.60952 3.57064 3.62106
threshold=4.5000000000000009 0.824547970038222 4.4288206438694759 0.42864856525763656 0.9731042786738352 0.056920056398945658 3.1832118886033336 0.23460817238117443 5.2724682103148881 1.0000000180025095e-35 0.76778927609366054 3.8493925426719753 2.6735537653587347 4.0857123850075974
decision_type=2 2 2 2 2 2 2 2 2 2 2 2 2 2
left_child=1 2 3 5 8 -1 -6 12 11 -5 -4 -3 -7 -14
right_child=-2 4 10 9 6 7 -8 -9 -10 -11 -12 -13 13 -15
leaf_value=-0.044400768764168992 0.04938376440444401 0.041934757235853937 0.05765931187415451 -0.058074442967546949 -0.075782451084630609 0.044707873016630928 0.030325059065452999 -0.028830289659728836 -0.035195998548716551 0.030720084148739443 -0.0049725680607618289 -0.022600280845958484 -0.051672669206247891 0.035461788835517143
leaf_weight=5.444096744409765 21.685240662889555 44.175969756848644 9.0604851350071822 17.744155353924729 3.0472658434300675 14.773039364197762 2.6946582974051125 4.3947461525676763 2.2248247690731651 1.466273859143256 2.9891031094011842 1.676615907344966 1.5217739311628966 1.3210723400115967
leaf_count=6544 95 791 36 7793 403 265 135 1579 1409 6 320 413 127 1
internal_value=0.0178158 0.0113513 -0.00396922 -0.0167264 0.0278329 0.00757437 -0.0288747 0.0218008 0.0350558 -0.0501124 0.042932 0.039143 0.0353022 -0.0124901
internal_weight=134.219 112.534 58.7147 46.6652 53.8193 27.4547 5.74192 22.0106 48.0774 19.2104 12.0496 45.8526 17.6159 2.84285
internal_count=19917 19822 16671 16315 3151 8516 538 1972 2613 7799 356 1204 393 128
is_linear=0
shrinkage=0.05


Tree=71
num_leaves=15
num_cat=0
split_feature=16 13 5 3 4 6 4 6 6 5 27 27 30 21
split_gain=10.9063 7.58231 8.99517 11.8206 6.07452 5.62633 5.56687 5.06616 6.01803 7.46253 6.52693 5.21801 5.09284 4.13759
threshold=1.0000000180025095e-35 4.5000000000000009 1.7500000000000002 1.2424533248940004 4.2500000000000009 2.9384588441731685 9.5000000000000018 3.2277071931353105 4.4288206438694759 3.5833333333333335 0.70520450683630642 0.38562485961776977 2.2160714897372622 0.21825396825396828
decision_type=2 2 2 2 2 2 2 2 2 2 2 2 2 2
left_child=1 2 4 -4 -1 -5 -6 12 9 11 -10 -9 -7 -13
right_child=-2 -3 3 5 6 7 -8 8 10 -11 -12 13 -14 -15
leaf_value=0.043124940873113894 0.046538537518962107 0.047689702443252345 -0.046440057566320074 -0.041209542858542586 -0.0633255640964734 0.060006704903611811 0.024610708179740377 0.0053963892197626548 0.055376093712322411 0.042807768344367836 -0.024719668990827261 0.011268290249239083 -0.029829154028758294 -0.05558411716315971
leaf_weight=20.140959039155863 28.509381875395775 11.85778378206305 11.954484355461316 4.4893985686358056 2.1177074855659148 7.3233205064898339 3.3788977537769824 10.243506166094454 7.973344929632729 4.7472448684275141 2.8785892136220355 2.5763179156929281 1.3008193508139809 9.6293343297147604
leaf_count=129 151 49 14039 2812 513 102 122 285 63 41 715 56 270 628
internal_value=0.0197413 0.0117647 0.00648718 -0.00373992 0.0308602 0.00693643 -0.0138015 0.0123348 0.00402602 -0.00864728 0.0338368 -0.0208898 0.0447649 -0.0416885
internal_weight=129.121 100.612 88.7539 63.1164 25.6376 51.1619 5.49661 46.6725 38.0483 27.1964 10.8519 22.4492 8.62414 12.2057
internal_count=19975 19824 19775 19011 764 4972 635 2160 1788 1010 778 969 372 684
is_linear=0
shrinkage=0.05


Tree=72
num_leaves=15
num_cat=0
split_feature=14 7 27 3 7 28 13 29 16 27 30 23 19 19
split_gain=10.9063 9.45127 8.47348 5.95666 5.47221 6.00122 7.73671 10.0981 4.17605 4.32987 3.88892 3.87552 3.26337 3.05166
threshold=1.0000000180025095e-35 3.0487238325737311 0.96925742418901539 1.4978661367769956 4.4186017428302957 0.83305235594070148 4.5000000000000009 0.36142941330539552 1.0000000180025095e-35 0.087785303612859564 2.2384573551412781 0.34083864606854386 7.5000000000000009 1.5000000000000002
decision_type=2 2 2 2 2 2 2 2 2 2 2 2 2 2
left_child=1 -1 3 12 5 6 7 10 9 -9 -2 -11 -3 -4
right_child=4 2 13 -5 -6 -7 -8 8 -10 11 -12 -13 -14 -15
leaf_value=-0.047577570901090147 0.057670685127011637 0.029956162563613428 0.01970198529290132 0.030261208043758911 0.051972400245230699 0.043359634211640671 0.047102025724480745 0.020505860527501463 0.034379038132861195 0.00034868546653724162 0.0091334865550511055 -0.054350959688392368 -0.042265632112318645 -0.07617326506282536
leaf_weight=8.6317312418250349 5.6943342595186577 1.3718264102935851 0.62327238917350802 21.804591254796833 17.330178044736385 19.305956718104426 10.278449401259421 2.8802757210505723 1.9896016269922245 4.3337794925027984 12.013265371468149 11.662375918444011 4.4892547347699292 2.6148982315207823
leaf_count=11956 352 5 3 1031 88 267 43 245 8 285 1356 1586 2202 436
internal_value=0.0173998 -0.00425534 0.00895696 0.018459 0.027348 0.0204259 0.0106747 2.32194e-05 -0.0230497 -0.0305278 0.0269903 -0.0403828 -0.0234593 -0.057425
internal_weight=125.024 39.5356 30.9038 27.6657 85.4882 68.158 48.8521 38.5736 20.866 18.8764 17.7076 15.9962 5.86108 3.23817
internal_count=19863 15633 3677 3238 4230 4142 3875 3832 2124 2116 1708 1871 2207 439
is_linear=0
shrinkage=0.05


Tree=73
num_leaves=15
num_cat=0
split_feature=16 14 3 30 1 27 30 28 14 23 28 12 30 28
split_gain=10.3429 9.77938 9.62162 6.56641 3.96108 3.42688 4.0016 3.09195 5.88123 3.73075 3.53812 4.25199 3.21049 2.97764
threshold=1.0000000180025095e-35 1.0000000180025095e-35 1.4978661367769956 3.2515283322138306 1.4978661367769956 0.96925742418901539 3.3918004488310562 0.61359785073982087 0.27101739770380834 0.31328944802475817 0.39930705608374156 0.87500000000000011 1.5970786018174881 0.55959367537250004
decision_type=2 2 2 2 2 2 2 2 2 2 2 2 2 2
left_child=1 2 -1 7 -2 -4 -7 8 9 -3 -11 13 -9 -12
right_child=4 3 5 -5 -6 6 -8 12 -10 10 11 -13 -14 -15
leaf_value=-0.04668775614871512 0.049403411042020333 -0.025356108727262627 0.01783971769908228 -0.032681413196735676 -0.030859258556285164 -0.072433067422709344 0.021461746560431455 -0.013045248844586209 -0.038979099545545834 0.039875360031495478 -0.047500496127901991 0.039782167454791684 0.046446248686706562 0.020560291076096623
leaf_weight=11.208812812430553 26.413238987326626 2.7753926640725721 17.376804848521719 4.2089454095403189 0.981791652739047 1.5521840850124129 1.4026310337940229 2.0998173233238075 3.3490218155493485 20.174028488458138 3.483638472738674 3.2976066619157791 21.070759785419796 1.7939351764216551
leaf_count=13905 144 118 1379 629 13 164 49 50 2154 516 149 12 418 41
internal_value=0.0190413 0.0109024 -0.0115384 0.0222746 0.0455415 0.00911975 -0.0337052 0.0267456 0.0165723 0.0234908 0.0289002 0.00161221 0.0407382 -0.0247756
internal_weight=121.189 93.7936 31.5404 62.2531 27.395 20.3316 2.95482 58.0442 34.8736 31.5246 28.7492 8.57518 23.1706 5.27757
internal_count=19741 19584 15497 4087 157 1592 213 3458 2990 836 718 202 468 190
is_linear=0
shrinkage=0.05


Tree=74
num_leaves=15
num_cat=0
split_feature=14 7 27 28 30 7 5 14 30 16 7 25 19 30
split_gain=11.9825 9.38145 4.29765 6.08319 5.93918 3.90476 6.40003 10.4084 4.08045 3.11027 2.86529 2.72058 2.46959 2.33701
threshold=1.0000000180025095e-35 3.0061949956787655 0.96925742418901539 0.82004012759363809 3.3177900677670569 4.4186017428302957 1.7500000000000002 0.27808882026540188 3.0324607802448456 1.0000000180025095e-35 5.3234555491048932 3.1567740231385479 7.5000000000000009 1.5970786018174881
decision_type=2 2 2 2 2 2 2 2 2 2 2 2 2 2
left_child=1 -1 3 12 -4 6 -2 8 11 -10 -5 13 -3 -8
right_child=5 2 4 10 -6 -7 7 -9 9 -11 -12 -13 -14 -15
leaf_value=-0.048914606611832147 0.048572056897603723 0.026189292141181864 -0.073814505469973951 0.033511012672480793 0.026301149375814903 0.050606391251639939 -0.019878272071807899 -0.043790132179210683 -0.045690520295697021 0.029197036287669495 -0.028377223793647495 -0.031077509952050327 -0.041492330801401495 0.031669498909497787
leaf_weight=8.3519310554838722 16.776164159178734 1.0275498628616393 2.4372753031202583 19.195190929342065 1.9037167737842535 15.724069473799316 1.6815660390129767 6.036925101740052 2.9169961308070915 1.3134337365627287 1.3086362120811816 1.1844281913072325 4.5556996274681296 37.886209951451747
leaf_count=11760 80 4 367 151 95 87 27 2979 271 6 1240 90 1943 740
internal_value=0.017839 -0.00505193 0.00816086 0.0160161 -0.0332054 0.0284018 0.0225911 0.0132785 0.0217232 -0.0213031 0.0284251 0.026593 -0.02695 0.0290428
internal_weight=122.3 38.78 30.4281 26.0871 4.34099 83.5198 67.7957 51.0196 44.9826 4.23043 20.5038 40.7522 5.58325 39.5678
internal_count=19840 15560 3800 3338 462 4280 4193 4113 1134 277 1391 857 1947 767
is_linear=0
shrinkage=0.05


Tree=75
num_leaves=15
num_cat=0
split_feature=16 7 14 5 13 30 30 23 30 30 6 25 1 28
split_gain=9.88636 11.3415 11.0245 5.34039 4.11087 4.71676 4.20576 3.85467 4.57259 4.49918 3.5824 3.06001 2.89215 2.25717
threshold=1.0000000180025095e-35 3.1717757263905457 0.99615729292963973 1.7500000000000002 4.5000000000000009 1.8456444149686246 2.2666638780985315 0.70874748738866189 3.3918004488310562 3.1182523740259862 3.3638997243535007 3.1132683346437333 1.4978661367769956 0.62408795300147479
decision_type=2 2 2 2 2 2 2 2 2 2 2 2 2 2
left_child=1 2 -1 -4 5 -3 11 9 -9 10 -8 -7 -2 -12
right_child=12 4 3 -5 -6 6 7 8 -10 -11 13 -13 -14 -15
leaf_value=-0.049074722203507601 0.049133555594363103 -0.025949352623311772 0.044468454603351838 -0.034590536024446658 0.047194178572138284 0.046399080625105463 -0.035824764369833804 -0.056590657974929785 0.020561534867511843 -0.026326467799307612 0.013071549387853 -0.021276958051603966 -0.025288375453611359 0.042718684216116229
leaf_weight=12.63394717045594 23.798011481761936 5.655917685799067 6.1060498058795929 2.1999067488359287 10.83812166075222 14.55979897585348 1.5248793417704316 3.3829107611963982 2.7027367807459086 4.4366087906819294 14.267921875987669 1.2938092590193253 0.79131182283162971 12.96540532534709
leaf_count=13823 139 294 25 1931 48 498 218 590 81 549 615 172 14 815
internal_value=0.0182735 0.0105382 -0.0211384 0.0220621 0.0199621 0.0144217 0.0189517 0.00969903 -0.02426 0.0164522 0.0237147 0.0399413 0.0458439 0.0281993
internal_weight=117.157 92.568 20.9399 8.30596 71.6281 60.79 55.1341 39.2805 6.08565 33.1948 28.7582 15.8536 24.5893 27.2333
internal_count=19812 19659 15779 1956 3880 3832 3538 2868 671 2197 1648 670 153 1430
is_linear=0
shrinkage=0.05


Tree=76
num_leaves=15
num_cat=0
split_feature=16 13 28 14 28 2 27 6 14 0 2 30 14 14
split_gain=11.3459 7.52666 7.19567 6.58119 5.74971 5.6908 4.73947 5.78724 3.55751 3.40878 5.97913 3.39129 3.31739 4.8828
threshold=1.0000000180025095e-35 4.5000000000000009 0.82853025493380594 0.056920056398945658 0.9172857092698391 2.4414009612931857 0.087785303612859564 3.6785681060026527 0.078013091055925687 2.3502401828962087 1.7005986908310777 3.6891453408524542 0.1476094510282788 0.19631391732905409
decision_type=2 2 2 2 2 2 2 2 2 2 2 2 2 2
left_child=1 2 3 -1 11 -2 -5 -8 -9 10 -6 -4 -10 -14
right_child=5 -3 4 6 9 -7 7 8 12 -11 -12 -13 13 -15
leaf_value=-0.044061741499304481 0.049042301571314617 0.046404248704381396 0.038113132884166789 0.039650755100339108 0.0052411768025211001 -0.04151876931312079 -0.044357768786603261 0.044031864552678115 -0.043758626036264583 0.021346529211413501 -0.081596109577494691 -0.029986142658157085 0.036979168007372235 -0.017406743879716413
leaf_weight=11.022109127108704 23.92512430250645 9.1274288473650795 20.110196300462125 4.9855854408233418 4.65905637302785 1.1241356506943692 7.3962395976996076 3.533624607720415 3.3477815202786614 4.4675638906774111 2.3130646649224218 1.2724888270022336 6.0878605825710101 8.9361288468062394
leaf_count=12942 149 43 1180 536 958 14 2768 20 57 134 343 415 43 317
internal_value=0.0145649 0.00584786 0.00058347 -0.0122287 0.0181085 0.0435404 -0.00103683 -0.00903977 0.00430111 -0.00996485 -0.0301893 0.0329019 -0.00521921 0.00556338
internal_weight=112.308 87.2591 78.1317 45.3093 32.8224 25.0493 34.2872 29.3016 21.9054 11.4397 6.97212 21.3827 18.3718 15.024
internal_count=19919 19756 19713 16683 3030 163 3741 3205 437 1435 1301 1595 417 360
is_linear=0
shrinkage=0.05


Tree=77
num_leaves=15
num_cat=0
split_feature=16 7 0 30 0 28 7 0 14 30 25 30 23 23
split_gain=8.66327 6.72541 5.84639 5.52638 4.7022 4.69191 3.61552 3.21106 2.89539 2.92935 2.6373 2.58908 2.94814 3.25201
threshold=1.0000000180025095e-35 2.2442411583132738 0.89587973461402759 3.4411679435429128 1.4978661367769956 0.61943791155752825 2.9421514417660002 2.8029010331479989 0.2721087720154029 2.8923127545612006 3.1567740231385479 1.6703303154069353 0.6802189868331423 0.77790644397010988
decision_type=2 2 2 2 2 2 2 2 2 2 2 2 2 2
left_child=1 -1 3 5 -4 6 -3 -2 9 10 11 -8 -13 -14
right_child=7 2 4 -5 -6 -7 8 -9 -10 -11 -12 12 13 -15
leaf_value=-0.035937059532072511 0.048839307279017807 -0.036455482722110542 -0.045632331255782199 -0.039301356479433162 0.0066021166845534321 0.039428173230910302 -0.027558021663453666 -0.027809928115995548 -0.03316760002470296 -0.023239159279158719 -0.035465921167750936 0.038286644216256799 -0.049016001483721192 0.025526344941560187
leaf_weight=6.2268006057129233 21.624099463224415 2.5948837262985753 5.3239782763994326 2.7224644433008498 12.885877859022001 27.980674089048989 1.2333875998447279 0.83338230103254218 1.8403235307196144 2.71257907807012 0.89394708833424275 23.001133302284874 1.5070913812669449 2.5493218349292874
leaf_count=11882 138 2407 1595 483 866 845 54 12 321 334 94 604 150 106
internal_value=0.0177507 0.010664 0.0144452 0.0212056 -0.01025 0.0243294 0.0119568 0.0449306 0.0166227 0.0204162 0.0251092 0.0281687 0.0316006 -0.00638523
internal_weight=113.93 91.4725 85.2457 67.0358 18.2099 64.3133 36.3327 22.4575 33.7378 31.8975 29.1849 28.2909 27.0575 4.05641
internal_count=19891 19741 7859 5398 2461 4915 4070 150 1663 1342 1008 914 860 256
is_linear=0
shrinkage=0.05


Tree=78
num_leaves=15
num_cat=0
split_feature=7 13 14 7 27 30 28 29 14 7 0 30 27 30
split_gain=7.80892 5.43602 4.95424 5.21903 4.42905 5.79902 5.11107 5.43946 4.25696 3.44993 3.31195 3.09153 3.66099 2.6911
threshold=2.0501146807920381 4.5000000000000009 0.22051435730853819 2.9421514417660002 0.9731042786738352 3.3177900677670569 0.82004012759363809 0.6187574228028504 0.056920056398945658 5.3234555491048932 0.89587973461402759 1.9071755012240892 0.78129250347981716 2.8980255883368193
decision_type=2 2 2 2 2 2 2 2 2 2 2 2 2 2
left_child=-1 2 3 -2 6 -6 7 8 -5 -8 11 12 -4 -10
right_child=1 -3 10 4 5 -7 9 -9 13 -11 -12 -13 -14 -15
leaf_value=-0.040759809738881422 -0.034605535077130899 0.048099038230326047 -0.047239746458141996 -0.038022571923694647 -0.071878585439798776 0.026676126234620103 0.038701690966821939 -0.032210066654160631 0.032134873607020012 -0.028799846633114631 -0.030445323509719291 0.039686283853605189 0.033696901503707383 -0.020373290366349179
leaf_weight=4.3990862157079382 5.6283112563542081 15.503570767585186 1.7586761905113228 2.2773948299000102 2.417945148452417 1.9302293740911407 21.509579292964194 7.3805327082518479 14.782281497959049 1.3545555563177902 1.3348477461840946 29.790110744652338 1.8589536249637602 2.1824879398336625
leaf_count=10842 3359 92 138 1168 304 87 160 1025 61 1317 235 1002 9 36
internal_value=0.0186333 0.0213615 0.0165023 0.00751254 0.0124667 -0.0313209 0.0168582 0.00172942 0.0156954 0.0336634 0.0312478 0.0345261 -0.00735903 0.0246217
internal_weight=114.109 109.709 94.2059 59.4633 53.835 4.34817 49.4868 26.6227 19.2422 22.8641 34.7426 33.4077 3.61763 16.9648
internal_count=19835 8993 8901 7517 4158 391 3767 2290 1265 1477 1384 1149 147 97
is_linear=0
shrinkage=0.05


Tree=79
num_leaves=15
num_cat=0
split_feature=16 7 14 5 27 8 30 12 30 27 6 28 23 23
split_gain=8.9867 7.15771 10.721 4.88187 4.25189 3.95517 3.56127 3.81075 3.71673 4.72923 3.00255 2.86645 3.2663 2.61747
threshold=1.0000000180025095e-35 3.1717757263905457 0.99615729292963973 1.7500000000000002 0.98771797943566986 2.3629177160699819 1.8456444149686246 0.87500000000000011 3.069904172084724 0.96925742418901539 5.2724682103148881 0.5462682864368259 0.6802189868331423 0.55852813495839204
decision_type=2 2 2 2 2 2 2 2 2 2 2 2 2 2
left_child=1 2 -1 -4 -2 6 7 13 9 10 11 12 -8 -3
right_child=4 5 3 -5 -6 -7 8 -9 -10 -11 -12 -13 -14 -15
leaf_value=-0.048526408696671984 0.048547173143070103 -0.064500561253626854 0.044319573035987561 -0.033446070737917416 -0.036921615638271607 -0.044567448652402822 0.026656343501723075 0.035092965729634162 -0.0082942320806257738 -0.058763010585567634 -0.028947857467526362 0.045427616909852239 -0.022963819499807678 -0.0023163972698673641
leaf_weight=11.216553214238957 20.060625270009044 2.2253767746733484 6.0980122238397598 1.9851631042547522 0.85315161198377509 1.710017223143949 18.058434851758651 2.1679517477750778 7.8706435732310629 0.63755907153244962 1.3153051104454778 22.011721891118214 3.2112242336443151 3.7240229341841768
leaf_count=13889 141 132 28 1884 13 599 671 11 722 209 871 233 302 153
internal_value=0.0150482 0.00736724 -0.0186252 0.0236414 0.0435348 0.0155051 0.0178723 -0.0118245 0.0225463 0.0279758 0.0304774 0.0328962 0.0184701 -0.0315108
internal_weight=103.146 82.232 19.2997 8.08318 20.9138 62.9323 61.2222 8.11735 53.1049 45.2342 44.5967 43.2814 21.2697 5.9494
internal_count=19858 19704 15801 1912 154 3903 3304 296 3008 2286 2077 1206 973 285
is_linear=0
shrinkage=0.05


Tree=80
num_leaves=15
num_cat=0
split_feature=16 13 28 29 7 4 7 30 23 7 30 27 0 30
split_gain=8.22656 6.74948 4.95144 8.21922 7.40237 5.34163 6.95995 4.51022 3.88959 3.59442 3.17633 2.95121 2.9382 2.87452
threshold=1.0000000180025095e-35 4.5000000000000009 0.82004012759363809 0.6187574228028504 2.9421514417660002 1.4166666666666667 3.3630845931548374 2.885335451430616 0.6802189868331423 4.6845444215551852 3.6891453408524542 0.5857100485949881 2.8029010331479989 1.6703303154069353
decision_type=2 2 2 2 2 2 2 2 2 2 2 2 2 2
left_child=1 2 3 4 -1 10 -7 8 13 -5 -4 -10 -2 -6
right_child=12 -3 5 9 7 6 -8 -9 11 -11 -12 -13 -14 -15
leaf_value=-0.042766784546829154 0.048353932480427873 0.046365228464263122 0.04429312125106992 -0.055552477477386078 -0.036022356391030956 -0.055601953618912237 0.01661876536189023 -0.033784815564118907 -0.055839048207212465 0.014756199241820684 -0.016337777192161073 0.021386718066770328 -0.026436260894645864 0.032780025182139572
leaf_weight=5.7513178247609167 18.47470830380917 9.4426490785554034 15.007992242142796 8.8132539534126391 0.81829997475143557 3.6293617980554691 10.972696351120247 3.2658972296630955 1.7818452743522351 1.7853363227332 1.9736070039216418 1.4923159519676117 0.79642919078469177 22.775758814852452
leaf_count=10405 135 51 1277 4322 40 703 657 478 321 152 546 18 13 720
internal_value=0.0153582 0.00859945 0.00350288 -0.00684582 0.00485239 0.0184765 -0.00374503 0.0150226 0.0219547 -0.0434578 0.0367299 -0.0238721 0.0441114 0.0290261
internal_weight=106.781 87.5103 78.0677 46.484 35.8854 31.5837 14.6021 30.1341 26.8682 10.5986 16.9816 3.27416 19.2711 23.5941
internal_count=19838 19690 19639 16456 11982 3183 1360 1577 1099 4474 1823 339 148 760
is_linear=0
shrinkage=0.05


Tree=81
num_leaves=15
num_cat=0
split_feature=13 16 28 28 28 30 29 2 30 6 5 30 28 9
split_gain=7.96357 6.2023 6.43969 4.60279 4.68973 8.38579 5.28724 4.53782 4.23792 3.4616 4.47652 3.35455 3.34966 2.80432
threshold=4.5000000000000009 1.0000000180025095e-35 0.30193507888796345 0.32268354953415196 0.5462682864368259 2.6219866034954085 0.79534143875311358 2.4414009612931857 3.1182523740259862 3.3638997243535007 1.7500000000000002 1.7982394373231771 0.42246688032197366 1.0000000180025095e-35
decision_type=2 2 2 2 2 2 2 2 2 2 2 2 2 2
left_child=1 2 -1 -4 5 -5 8 -3 11 -8 13 -6 -7 -11
right_child=-2 7 3 4 6 12 9 -9 -10 10 -12 -13 -14 -15
leaf_value=-0.035947615768732281 0.04764949358378813 0.047029693202246453 0.055174796433450003 -0.063670182622902458 -0.012285229354462971 0.03478608553871413 -0.05498915101895363 -0.039091906988159175 -0.0092554760272591831 0.038534661586593376 -0.041468641386853237 0.040967285668085801 -0.034880869999310206 -0.010920149313489976
leaf_weight=8.7459922909911239 14.072555194376035 12.090224891901013 3.7360800007591015 5.4251884360564855 2.9913351933646544 4.8128143083595205 2.6075891378568512 0.97242835909128267 7.1321259034157256 5.518360171263339 3.5756427111336935 19.484410770790419 1.542061870684847 4.4885452064336278
leaf_count=7398 96 89 452 2419 423 941 778 13 2076 78 1552 1544 1204 628
internal_value=0.0141569 0.00798768 0.0018776 0.00776337 0.00379759 -0.0231264 0.0110691 0.0382946 0.0233564 -0.0114529 0.000102958 0.0336584 0.0154368 0.0173752
internal_weight=97.1954 83.1228 70.0601 61.3142 57.5781 11.7801 45.798 13.0627 29.6079 16.1901 13.5825 22.4757 6.35488 10.0069
internal_count=19691 19595 19493 12095 11643 4564 7079 102 4043 3036 2258 1967 2145 706
is_linear=0
shrinkage=0.05


Tree=82
num_leaves=15
num_cat=0
split_feature=16 29 7 0 7 28 28 12 23 6 4 7 29 25
split_gain=9.19175 7.86851 3.63716 3.51516 3.57031 5.31312 5.41065 8.89008 6.09033 3.31555 3.05885 4.61452 3.05307 5.18911
threshold=1.0000000180025095e-35 0.32969023729893304 2.2442411583132738 0.89587973461402759 4.4186017428302957 0.82004012759363809 0.32268354953415196 0.87500000000000011 0.34083864606854386 4.0231389717980077 9.5000000000000018 3.9674747795034579 0.34144929990966583 3.0201273556387074
decision_type=2 2 2 2 2 2 2 2 2 2 2 2 2 2
left_child=1 -1 -3 4 5 6 12 8 9 -8 11 -5 -4 -14
right_child=-2 2 3 10 -6 -7 7 -9 -10 -11 -12 -13 13 -15
leaf_value=-0.043241504037290476 0.043928608030022902 -0.031123661856260851 0.061320308880294487 -0.047607117007278488 0.046115999843351574 0.037191924301350508 -0.035461198991968611 0.039548337589384371 -0.054396187023259379 0.037908199461152717 0.033648424371824234 0.0072632397540347135 -0.037317694178900046 0.040853086624104057
leaf_weight=6.4568873001844613 18.877241514623165 3.9604533254750995 3.3720142824749946 5.5443709178653107 9.5241814943728951 14.013489277451297 1.5162584074132635 4.6993446229025713 9.8714139151270484 3.1191513515659608 2.9555079853162161 8.710332368325906 2.8785144607827533 3.7185734127124306
leaf_count=6570 158 7984 23 960 659 226 147 28 778 21 110 1367 719 143
internal_value=0.0134627 0.00585227 0.0106629 0.0134351 0.0197493 0.0130228 0.000566045 -0.0147996 -0.0338202 0.0118749 -0.00592709 -0.0158004 0.0288195 0.0063223
internal_weight=99.2177 80.3405 73.8836 69.9232 52.7129 43.1888 29.1753 19.2062 14.5068 4.63541 17.2102 14.2547 9.9691 6.59709
internal_count=19893 19735 13165 5181 2744 2085 1859 974 946 168 2437 2327 885 862
is_linear=0
shrinkage=0.05


Tree=83
num_leaves=15
num_cat=0
split_feature=16 7 14 6 27 30 29 7 30 23 6 28 27 14
split_gain=6.65188 5.84797 10.0587 3.68157 3.30791 3.26354 3.06601 2.67129 3.78122 3.87582 2.76319 2.53136 2.00089 2.67292
threshold=1.0000000180025095e-35 3.1717757263905457 0.99615729292963973 5.2724682103148881 0.98771797943566986 3.4411679435429128 0.9931910576958104 4.4186017428302957 2.8923127545612006 0.65614028182833561 4.3687783409300485 0.824547970038222 0.83536781428907547 0.2721087720154029
decision_type=2 2 2 2 2 2 2 2 2 2 2 2 2 2
left_child=1 2 -1 5 -2 6 7 8 10 -10 12 -4 13 -3
right_child=4 3 11 -5 -6 -7 -8 -9 9 -11 -12 -13 -14 -15
leaf_value=-0.047354319535871991 0.047957073901308642 0.021837522663762769 -0.026830071655581517 -0.035708204256987355 -0.033268889544786344 -0.029351116989335169 -0.031000394298466828 0.044072082507001148 -0.053665389105262355 0.022415157291831262 -0.034568403158764638 0.037622844998532155 0.045422613152813512 -0.032217762720196386
leaf_weight=9.708432707499016 16.472835250198845 26.919966395624218 1.1527908573625598 2.3305973294191054 0.66578821837901969 2.4745741700462522 1.8346895650029171 12.132593879243357 2.6771087359520598 2.2933563753613271 1.1826505587960117 6.3757490053831134 8.8201311890152265 1.6157443816773582
leaf_count=13930 134 1014 1762 1806 13 161 7 158 316 149 95 167 36 217
internal_value=0.0157458 0.00937874 -0.0157566 0.0164743 0.0431415 0.0190554 0.0216058 0.0238571 0.0173566 -0.0206872 0.0226623 0.0257649 0.0253282 0.0177896
internal_weight=96.657 79.5184 17.237 62.2814 17.1386 59.9508 57.4762 55.6416 43.509 4.97047 38.5385 7.52854 37.3558 28.5357
internal_count=19965 19818 15859 3959 147 2153 1992 1985 1827 465 1362 1929 1267 1231
is_linear=0
shrinkage=0.05


Tree=84
num_leaves=15
num_cat=0
split_feature=14 3 27 30 6 6 13 5 14 7 27 28 23 7
split_gain=6.29496 8.01823 4.06165 4.8313 3.81669 3.77045 2.77308 4.43854 7.82353 3.05155 6.2492 4.15047 3.12667 2.99889
threshold=1.0000000180025095e-35 1.4978661367769956 0.9731042786738352 3.1832118886033336 3.1701730668757713 5.2724682103148881 4.5000000000000009 1.7500000000000002 0.29647069744014076 4.4186017428302957 0.38562485961776977 0.53337659528444747 0.32304519422201738 4.0181259238190483
decision_type=2 2 2 2 2 2 2 2 2 2 2 2 2 2
left_child=1 -1 4 -4 -3 -6 7 -2 9 10 12 -12 -9 -13
right_child=6 2 3 -5 5 -7 -8 8 -10 -11 11 13 -14 -15
leaf_value=-0.038593508814155575 0.0470422890018109 -0.036598555776595224 -0.064905417643390348 0.026110103592736546 0.038156290833416567 -0.03074346920906847 0.047306851675987041 -0.027348810339698881 -0.042154211746644188 0.047250916087877015 -0.05440321631581805 -0.030292693735249277 0.035880265335260626 0.027472430137916407
leaf_weight=8.6815546067664382 11.787105046212671 1.4882037645438746 2.2045660942967507 1.9107090889592653 16.622593288135253 1.4880964971671335 12.921406820416449 1.4608054544369284 4.7322626607492557 7.5966529333963981 3.4929141857428458 2.6808041243639309 17.063545514538419 4.8250937515404075
leaf_count=14044 84 382 163 62 283 770 98 115 2850 29 217 269 553 23
internal_value=0.018096 -2.34921e-05 0.0150869 -0.025804 0.0245089 0.0311826 0.0267848 0.0210658 0.0128228 0.0207536 0.0126109 -0.0163267 0.0297487 0.00570522
internal_weight=98.9563 32.3957 23.7142 4.11528 19.5989 18.1107 66.5606 53.6392 41.8521 37.1198 29.5232 10.9988 18.5244 7.5059
internal_count=19942 15704 1660 225 1435 1053 4238 4140 4056 1206 1177 509 668 292
is_linear=0
shrinkage=0.05


Tree=85
num_leaves=15
num_cat=0
split_feature=13 16 25 14 14 3 14 7 27 27 0 7 6 30
split_gain=7.20264 5.82854 5.33044 5.24199 4.00897 4.07286 3.55669 4.48794 4.50017 3.52587 2.63785 2.35299 2.07535 1.43142
threshold=4.5000000000000009 1.0000000180025095e-35 2.249904835165133 0.27015020050567046 0.1162330617881263 1.4978661367769956 0.10261745496371116 3.3630845931548374 0.96556199512184226 0.98771797943566986 0.89587973461402759 4.4186017428302957 3.6307030998193888 2.839658921357886
decision_type=2 2 2 2 2 2 2 2 2 2 2 2 2 2
left_child=1 2 3 6 5 11 7 -1 13 -3 -6 -4 -7 -9
right_child=-2 9 4 -5 10 12 -8 8 -10 -11 -12 -13 -14 -15
leaf_value=-0.050957345464128161 0.04698621288871431 0.046408315092343583 -0.046345558795381769 0.018734519804694559 0.030333151527067045 0.032367964561524423 -0.061049079554250089 0.027988600721609955 -0.066792367065442101 -0.034888433147626005 -0.029578699604164128 0.01286856184535257 -0.010551994347878452 -0.013133783636320668
leaf_weight=4.4104137828835581 12.146205959608777 10.52755149453878 5.4265393403184161 7.2167407392989835 21.225537517602792 5.6620548731589206 5.1818782967457073 6.9672012806113308 0.86532930226530957 0.77799228578806001 1.2186353526485607 1.7736792360374236 4.2141930783400312 2.2065391131327488
leaf_count=6371 97 91 6801 1445 1672 298 329 561 137 13 257 715 772 299
internal_value=0.0127149 0.00682667 0.00095208 -0.0159032 0.0125125 -0.00561677 -0.0289274 -0.014202 0.0050989 0.0384333 0.0259572 -0.0319685 0.0147677 0.0177788
internal_weight=89.8205 77.6743 66.3687 26.8481 39.5206 17.0765 19.6314 14.4495 10.0391 11.3055 22.4442 7.20022 9.87625 9.17374
internal_count=19858 19761 19657 9142 10515 8586 7697 7368 997 104 1929 7516 1070 860
is_linear=0
shrinkage=0.05


Tree=86
num_leaves=15
num_cat=0
split_feature=13 5 2 14 14 5 6 6 29 6 30 28 17 25
split_gain=5.17775 4.28619 6.16394 4.94841 4.93201 11.4141 3.30173 2.81657 9.2517 2.71389 2.63337 2.48535 1.76047 1.45173
threshold=4.5000000000000009 1.7500000000000002 2.4414009612931857 0.29647069744014076 0.056920056398945658 3.5833333333333335 5.2724682103148881 4.5033188460601865 0.6187574228028504 3.8919082160237468 2.885335451430616 0.92449966493601776 0.020033064723987238 3.1567740231385479
decision_type=2 2 2 2 2 2 2 2 2 2 2 2 2 2
left_child=1 2 6 4 5 -3 -1 8 10 -7 13 -4 -12 -6
right_child=-2 3 11 -5 7 9 -8 -9 -10 -11 12 -13 -14 -15
leaf_value=0.040437994596129588 0.046611601291030251 -0.045052914941541899 0.022349415769560139 -0.041753328951744731 0.032414145216730382 0.047624119676033076 -0.028170335289635109 0.046166132347969763 -0.047618923552214074 -0.025066198973708376 -0.038644150400036638 -0.061801174166386579 0.024575304808072591 -0.024733097410230193
leaf_weight=22.085537525272237 11.215321358991785 10.166957124733019 0.68518710136413519 4.5040737893723408 20.127928862639248 5.5064311188762067 1.2089522610476695 6.504651044815545 4.5804380671179379 0.93266664704424318 1.8928878139995498 1.6828633520635774 0.92943538725376118 0.47083625139202823
leaf_count=139 95 14222 1 2845 467 22 611 42 320 636 251 78 6 43
internal_value=0.0161064 0.0113818 0.027873 0.00341449 0.00811958 -0.0137274 0.0358643 0.0187239 0.0109772 0.0351411 0.0239174 -0.0380461 -0.0168423 0.0300233
internal_weight=92.4942 81.2788 25.6625 55.6163 51.1122 16.6061 23.2945 34.5062 28.0015 6.4391 23.4211 2.36805 2.82232 20.5988
internal_count=19778 19683 829 18854 16009 14880 750 1129 1087 658 767 79 257 510
is_linear=0
shrinkage=0.05


Tree=87
num_leaves=15
num_cat=0
split_feature=13 7 30 2 16 25 30 25 7 14 7 14 30 29
split_gain=5.11516 4.18097 2.93594 2.72578 3.56256 3.1623 2.24441 2.37238 2.21563 2.96531 2.78208 4.22946 2.07291 2.06093
threshold=4.5000000000000009 2.0501146807920381 1.6214223009987723 2.4414009612931857 1.0000000180025095e-35 2.1383330595080281 3.069904172084724 3.1567740231385479 3.9674747795034579 0.99615729292963973 3.3630845931548374 0.067394062975869765 2.4384103045459233 0.86509782207456631
decision_type=2 2 2 2 2 2 2 2 2 2 2 2 2 2
left_child=1 -1 -3 4 5 8 7 -7 9 10 -4 -12 -10 -14
right_child=-2 2 3 -5 -6 6 -8 -9 12 -11 11 -13 13 -15
leaf_value=-0.037850835487694773 0.04664914458296656 -0.023599579297826048 -0.05322064274894546 -0.029135629544501131 0.045865109662641318 0.03153414895492803 -0.0074092157218200519 -0.0083861755999946642 0.036913059845407985 0.021212321149167157 0.026731500637284352 -0.048439801269828026 -0.045449621329861911 0.017969429272709687
leaf_weight=3.110634894197573 11.382499897386877 3.9742075854592249 4.2536838370724599 2.2634996692067935 9.3781913816928846 29.096693328494439 5.149515385288395 3.8258107087167437 4.6128872096014666 3.6799257536185896 3.8394354962510988 2.053810675686691 1.2293096711218825 2.1334141902043484
leaf_count=10722 100 340 1862 151 86 2969 1173 1070 200 320 292 42 137 196
internal_value=0.0166171 0.0117367 0.0142481 0.0166478 0.0185376 0.0135742 0.0220885 0.0267847 -0.00161034 -0.0134144 -0.0267486 -0.00269258 0.0180682 -0.0103182
internal_weight=89.9835 78.601 75.4904 71.5162 69.2527 59.8745 38.072 32.9225 21.8025 13.8269 10.1469 5.89325 7.97561 3.36272
internal_count=19660 19560 8838 8498 8347 8261 5212 4039 3049 2516 2196 334 533 333
is_linear=0
shrinkage=0.05


Tree=88
num_leaves=15
num_cat=0
split_feature=16 7 2 12 5 5 6 29 30 29 6 6 14 6
split_gain=6.74477 4.04172 3.41967 3.4134 3.66188 4.55039 8.38184 5.5925 6.16908 4.83721 2.67155 2.66676 3.42969 2.44467
threshold=1.0000000180025095e-35 2.2442411583132738 2.4414009612931857 0.87500000000000011 1.7500000000000002 3.5833333333333335 3.9890246936720053 0.34144929990966583 1.6925026597870694 0.76379584099976716 3.8068681487604712 4.4288206438694759 0.16530076646749856 5.2724682103148881
decision_type=2 2 2 2 2 2 2 2 2 2 2 2 2 2
left_child=1 -1 -2 4 13 6 7 8 -6 11 -7 12 -8 -3
right_child=2 3 -4 -5 5 10 9 -9 -10 -11 -12 -13 -14 -15
leaf_value=-0.037012665213214793 0.047341532786193186 0.028475950173467351 -0.03335320077252231 0.040153570852657756 0.059316433858884812 0.046904631426169116 -0.029162485138508911 -0.053484410420324251 -0.02660089389021051 -0.039139192398566114 -0.025318188736385795 0.051294767024947174 0.029015116434652807 -0.028844010688077078
leaf_weight=4.2587657635012865 14.175505891442295 16.228214155882601 0.74078046716749746 6.6019857395440331 2.0677713586774216 5.0116496114060274 3.1062170154473296 11.324245753596186 5.5513918696378823 2.5364362405380225 0.94269969867309544 5.3129207278834647 5.7215520486934111 1.2784772852028243
leaf_count=11919 146 81 13 60 16 12 76 2640 2657 1094 542 13 28 627
internal_value=0.012088 0.0053211 0.0414903 0.0085798 0.00444204 -0.00371074 -0.0106709 -0.0326654 0.000892938 0.0147471 0.0334738 0.0263594 0.00765984 0.0229576
internal_weight=84.8586 69.9423 14.9163 65.6836 59.0816 41.5749 35.6205 18.9434 7.61916 16.6771 5.95435 14.1407 8.82777 17.5067
internal_count=19924 19765 159 7846 7786 7078 6524 5313 2673 1211 554 117 104 708
is_linear=0
shrinkage=0.05


Tree=89
num_leaves=15
num_cat=0
split_feature=16 13 5 7 7 4 0 2 6 7 5 27 30 6
split_gain=6.97748 5.07681 4.39696 6.73817 5.21691 4.88035 7.16507 3.96295 2.91827 2.56508 3.80728 3.17741 3.7501 4.28542
threshold=1.0000000180025095e-35 4.5000000000000009 1.7500000000000002 3.1919587132661058 3.2162712959246451 4.2500000000000009 2.3502401828962087 2.4414009612931857 3.9574317443096203 4.4186017428302957 3.5833333333333335 0.38562485961776977 2.6630943217977836 3.9890246936720053
decision_type=2 2 2 2 2 2 2 2 2 2 2 2 2 2
left_child=1 2 5 -4 -5 -1 -7 -2 -8 10 11 12 13 -6
right_child=7 -3 3 4 9 6 8 -9 -10 -11 -12 -13 -14 -15
leaf_value=0.037091219957754482 0.047168771395221375 0.043419496443263247 -0.045909132684224779 0.050472990615659012 -0.054933294936683585 -0.075919878070845659 0.039973925745223848 -0.035435363115592054 -0.037875804463727507 0.019790984276079962 0.03215422108562499 -0.036145432239252907 0.029133488534231772 0.022850979912139566
leaf_weight=11.52423213075963 13.511085294187065 5.9482465428300193 9.1086758842575346 3.5514844995050217 3.4357190124283132 1.9632953188556701 3.5463642068207264 0.89118072949349958 0.76046154482173722 6.4431247615721068 3.0870614552404723 12.916548195818903 4.9190296511806082 2.2171413418836892
leaf_count=126 145 48 15698 58 399 518 11 14 130 1292 16 1142 239 10
internal_value=0.00963653 0.00283934 -0.001578 -0.00977665 0.000205445 0.0188686 -0.0151189 0.0400886 0.021681 -0.00652609 -0.0133929 -0.0204477 0.000197734 -0.025576
internal_weight=83.8237 69.4214 63.4731 45.6788 36.5701 17.7944 6.27012 14.4023 4.30683 33.0186 26.5755 23.4884 10.5719 5.65286
internal_count=19846 19687 19639 18854 3156 785 659 159 141 3098 1806 1790 648 409
is_linear=0
shrinkage=0.05


Tree=90
num_leaves=15
num_cat=0
split_feature=13 19 28 2 28 30 6 7 28 29 7 4 25 30
split_gain=5.47433 3.83562 4.66687 3.80106 3.35966 3.83563 2.3275 3.65279 4.83321 3.3436 3.7243 2.95735 3.2917 2.97436
threshold=4.5000000000000009 7.5000000000000009 0.30193507888796345 2.4414009612931857 0.32268354953415196 1.8456444149686246 5.2724682103148881 4.4186017428302957 0.82004012759363809 0.6187574228028504 3.7087654965137542 1.4166666666666667 2.1383330595080281 3.6891453408524542
decision_type=2 2 2 2 2 2 2 2 2 2 2 2 2 2
left_child=1 3 -3 -1 -4 -6 7 8 9 10 -7 13 -13 -10
right_child=-2 2 4 -5 5 6 -8 -9 11 -11 -12 12 -14 -15
leaf_value=0.045716692025967003 0.046133023379535038 -0.031424827014634428 0.050837647314766338 -0.035375222509299878 -0.028533958468198707 -0.039890073621435283 -0.033511149249900535 0.040007412789544887 0.04679577290455212 -0.047487618378605642 0.016348268887860864 -0.041931085217335254 0.020208383044390293 -0.016658589786217655
leaf_weight=9.1824350468814337 10.381708801956846 7.2491933420969863 3.4081352024222715 0.93113907426595766 6.3446266499813637 3.1284402494202395 1.9180228882178187 8.8134919046424312 9.832246548932746 4.2120248419523696 9.2601905788469576 2.3768871857319018 4.7927399816253455 1.6971212925272983
leaf_count=95 107 7446 479 16 1534 4538 1736 143 142 2363 175 251 349 521
internal_value=0.0137868 0.00863561 0.00379661 0.0357394 0.00884649 0.00521284 0.0103721 0.0129806 0.00531643 -0.0138889 0.000227997 0.0222061 -0.00300315 0.0368712
internal_weight=83.5284 73.1467 63.0331 10.1136 55.7839 52.3758 46.0312 44.1131 35.2997 16.6007 12.3886 18.699 7.16963 11.5294
internal_count=19895 19788 19677 111 12231 11752 10218 8482 8339 7076 4713 1263 600 663
is_linear=0
shrinkage=0.05


Tree=91
num_leaves=15
num_cat=0
split_feature=17 7 2 5 13 29 6 6 27 6 27 28 6 27
split_gain=4.43972 3.68148 3.2709 2.78537 3.61721 3.70979 2.93803 2.67762 2.16061 2.8526 3.88539 2.5671 3.01168 2.04708
threshold=0.034164847447458499 2.2442411583132738 2.4414009612931857 1.7500000000000002 4.5000000000000009 0.74021038261357142 5.2724682103148881 2.9384588441731685 0.087785303612859564 2.9543757604967378 0.53670502298940892 0.38383087070168082 3.6785681060026527 0.49329925435954708
decision_type=2 2 2 2 2 2 2 2 2 2 2 2 2 2
left_child=1 -1 3 6 5 7 -3 -5 -9 -10 11 12 -11 -7
right_child=-2 2 -4 4 -6 13 -8 8 9 10 -12 -13 -14 -15
leaf_value=-0.032394296580989183 0.045293239267770707 0.037766767182225915 -0.048567958731787715 -0.034616558754465808 0.042936197932679859 0.019730535591976073 -0.027932284794113561 0.043786732795296907 0.052672487023488507 -0.039467418260651144 0.020928911907929799 -0.0468404074474357 0.014874724239035592 -0.037792179244557619
leaf_weight=3.9669493510737075 9.0481240563094598 15.02781466394663 1.1798322145186819 2.2136710134654995 5.436945565044879 1.2865884249476938 1.1822602572501626 4.0577700039866604 2.1892127147875753 2.6375779512745812 13.419250158796784 3.5467037865601005 7.5323911689338274 6.3276345766498707
leaf_count=11835 109 91 151 2672 44 149 565 163 40 816 429 348 125 2245
internal_value=0.0140861 0.0094715 0.0124321 0.0142624 0.0079546 0.00268147 0.0316305 0.00957362 0.0134255 0.007919 0.00256473 -0.0156026 -0.0014905 -0.0269103
internal_weight=79.0527 70.0046 66.0377 64.8578 48.6477 43.2108 16.2101 35.5966 33.3829 29.3251 27.1359 13.7167 10.17 7.61422
internal_count=19782 19673 7838 7687 7031 6987 656 4593 1921 1758 1718 1289 941 2394
is_linear=0
shrinkage=0.05


Tree=92
num_leaves=15
num_cat=0
split_feature=13 16 7 7 28 29 23 23 4 2 2 27 7 14
split_gain=4.91179 3.47549 2.89633 6.18592 3.90156 5.95881 3.98737 4.98049 3.02409 6.62289 2.88725 2.85853 1.84063 1.66559
threshold=4.5000000000000009 1.0000000180025095e-35 4.0181259238190483 3.7442327417766639 0.82004012759363809 0.34144929990966583 0.61862383613355332 0.48274579741104501 1.4166666666666667 2.3502401828962087 2.4414009612931857 0.70520450683630642 2.9421514417660002 0.29992276023777087
decision_type=2 2 2 2 2 2 2 2 2 2 2 2 2 2
left_child=1 2 3 4 5 6 7 -1 -6 -10 -3 13 -9 -4
right_child=-2 10 11 -5 8 -7 -8 12 9 -11 -12 -13 -14 -15
leaf_value=-0.034996260773896726 0.04537050308683805 0.044750098445733522 0.036929540560179899 -0.051865360805745754 0.038375761975267965 -0.045412544541636499 -0.039630470578641191 -0.017524090086158788 -0.047259421424510624 0.03924172566047008 -0.031550824302574491 -0.0061971206471082901 0.055075488823233959 -0.02177443877675303
leaf_weight=1.6667016144492679 8.8521375313866866 7.6517609544098359 11.20402462031052 5.0675219565309808 8.7339051104208902 7.0173100257525212 1.9706010423833502 0.53201937969424751 3.418628638930385 3.4418065199861303 0.72117703780531872 7.3854127865051842 5.6341688312095357 0.69158027751837003
leaf_count=2145 99 90 186 369 708 8944 2955 1330 697 13 14 1990 223 48
internal_value=0.0123949 0.00729524 0.00259021 -0.005516 0.00306519 -0.0132769 0.0118001 0.0277608 0.0204304 -0.00439132 0.0355132 0.0178438 0.0472403 0.0320928
internal_weight=73.9888 65.1366 56.7637 37.4827 32.4151 16.8208 9.80349 7.83289 15.5943 6.86044 8.37294 19.281 6.16619 11.8956
internal_count=19811 19712 19608 17384 17015 15597 6653 3698 1418 710 104 2224 1553 234
is_linear=0
shrinkage=0.05


Tree=93
num_leaves=15
num_cat=0
split_feature=13 23 28 6 7 28 27 23 25 27 25 7 28 29
split_gain=4.98719 3.71375 2.82992 2.82953 2.84646 4.28166 9.64082 3.81044 2.63058 2.52273 2.2263 2.01087 1.93808 1.76593
threshold=4.5000000000000009 0.45107813009021513 0.824547970038222 4.9339566026354147 4.321497902261858 0.824547970038222 0.38562485961776977 0.62000804389958808 1.2424533248940004 0.96556199512184226 1.8688348091416842 2.8826989324710106 0.98171116168917061 0.56345361167436769
decision_type=2 2 2 2 2 2 2 2 2 2 2 2 2 2
left_child=1 2 -1 4 5 6 7 11 -7 -4 -9 -3 -10 -13
right_child=-2 3 9 -5 -6 8 -8 10 12 -11 -12 13 -14 -15
leaf_value=-0.032847860282624403 0.04545354988607004 -0.021640889722767079 0.022151104776610406 -0.026750372630134623 0.040425517871785124 -0.032409993485615782 -0.041807683847451003 0.019073542545334554 0.036616616276964262 -0.045711748364994649 -0.042417169597635168 0.047857331456339219 -0.018381451888301873 -0.020683174101826692
leaf_weight=7.8681186704634438 9.0652171231340599 0.76050987228518607 5.7893120818480384 3.1936435692041405 9.1554969008720928 0.92410466326691931 9.0453866078896663 1.8631772114749754 16.723598500611846 0.74210891898837861 2.2971877761010546 9.0422846045257721 1.1639280536182912 0.4862779374088867
leaf_count=4434 106 2246 641 1565 145 65 5313 1069 827 136 2910 331 63 59
internal_value=0.0124961 0.00758253 -0.0143214 0.013507 0.0164675 0.0104691 -0.00381565 0.0211341 0.0276021 0.00939476 -0.0165195 0.0364739 0.0322542 0.0427272
internal_weight=78.1204 69.0551 14.3995 54.6556 51.462 42.3065 23.4948 14.4494 18.8116 6.53142 4.16036 10.2891 17.8875 9.52856
internal_count=19910 19804 5211 14593 13028 12883 11928 6615 955 777 3979 2636 890 390
is_linear=0
shrinkage=0.05


Tree=94
num_leaves=15
num_cat=0
split_feature=13 14 7 6 7 9 5 14 5 2 27 30 27 14
split_gain=3.92907 4.53068 4.09521 3.83275 5.17816 2.91255 2.24361 6.98039 1.80969 2.70019 4.59545 2.01317 2.30881 1.58607
threshold=4.5000000000000009 0.22180231756945226 2.9421514417660002 3.7226998520434811 4.0622605259338789 1.0000000180025095e-35 1.7500000000000002 0.29647069744014076 3.5833333333333335 2.3502401828962087 0.38562485961776977 2.2666638780985315 0.3818029923293082 0.1162330617881263
decision_type=2 2 2 2 2 2 2 2 2 2 2 2 2 2
left_child=1 2 -1 8 -5 -6 -3 -8 9 10 11 13 -13 -4
right_child=-2 6 3 4 5 -7 7 -9 -10 -11 -12 12 -14 -15
leaf_value=-0.038758935644352559 0.044530125108331903 0.045348838812539018 -0.018337906862038754 -0.048666818775643772 0.013100261063537316 -0.041919854394159288 0.032791824153092737 -0.039967953505828567 0.044893712778774325 0.040779491457953447 -0.041905326681624028 -0.034749075064426364 0.032573388063507902 0.049382610574173771
leaf_weight=5.17029586713761 7.522576166316866 8.4241133518517017 0.51598480003304015 5.170172876998552 14.546290336700622 1.8557488584192476 10.4903162875853 3.6772722304740464 4.5676199458539477 4.0824012905359259 3.7794555954023963 2.128345164048369 1.1866618688800374 3.6587838404811919
leaf_count=12390 93 87 222 461 1487 591 309 2857 19 19 715 611 7 11
internal_value=0.0123811 0.00830476 -0.000708784 0.00483326 -0.00958412 0.00482403 0.0261626 0.0125167 0.0201588 0.0105039 -0.00289357 0.0194096 -0.00868599 0.0390864
internal_weight=76.776 69.2535 46.6618 41.4915 21.5722 16.402 22.5917 14.1676 19.9193 15.3516 11.2692 7.48978 3.31501 4.17477
internal_count=19879 19786 16533 4143 2539 2078 3253 3166 1604 1585 1566 851 618 233
is_linear=0
shrinkage=0.05


Tree=95
num_leaves=15
num_cat=0
split_feature=16 14 5 0 7 5 14 6 6 28 25 25 14 14
split_gain=5.22218 2.75894 4.53073 3.8715 3.68813 3.95861 7.9379 3.26583 2.59494 2.24669 5.35067 2.45382 2.09494 2.08881
threshold=1.0000000180025095e-35 0.05552986400791847 3.5833333333333335 2.3502401828962087 4.4186017428302957 1.7500000000000002 0.22448775294267295 3.8919082160237468 3.9574317443096203 0.38383087070168082 2.1383330595080281 2.249904835165133 0.1162330617881263 0.058516247000031857
decision_type=2 2 2 2 2 2 2 2 2 2 2 2 2 2
left_child=1 2 3 7 5 -3 9 -1 -5 11 -11 13 -13 -7
right_child=-2 4 -4 8 -6 6 -8 -9 -10 10 -12 12 -14 -15
leaf_value=-0.052991693774162588 0.042571594883678503 0.042185800776395346 0.031378518862211636 0.038322465077483645 0.041634168589828859 0.032179388889063042 -0.043753604669698139 -0.0036357290510359488 -0.03560851972976322 0.025900191725453492 -0.04756598332278289 -0.019707918984303477 0.047328060810045099 -0.031425752223271951
leaf_weight=7.3582062017812913 10.244440983980892 4.9146410673856726 4.5359758566482915 3.1652150228619571 7.8746653178241095 1.1585884417290864 7.4276019774697479 5.8577777084137779 0.77544467829284247 4.788865613852975 3.3539118840417359 0.78614277149608636 7.7584194236260373 2.2836743278894573
leaf_count=12851 147 42 661 12 63 2 3158 2001 205 153 186 82 185 223
internal_value=0.0111846 0.00540855 -0.00871373 -0.020458 0.0130286 0.00505495 -0.00281244 -0.03291 0.0195116 0.0136502 -0.00625252 0.0266107 0.0397418 -0.00759295
internal_weight=72.2836 62.0391 21.6926 17.1566 40.3465 32.4718 27.5572 13.216 3.94066 20.1296 8.14278 11.9868 8.54456 3.44226
internal_count=19971 19824 15730 15069 4094 4031 3989 14852 217 831 339 492 267 225
is_linear=0
shrinkage=0.05


Tree=96
num_leaves=15
num_cat=0
split_feature=13 28 7 4 0 17 28 30 7 7 30 30 0 0
split_gain=4.54493 3.41421 5.14214 4.00984 4.74659 3.13594 2.88418 3.97739 3.88493 2.82784 1.80241 1.6628 1.97859 3.10839
threshold=4.5000000000000009 0.82004012759363809 4.4186017428302957 4.2500000000000009 2.3502401828962087 0.020033064723987238 0.38383087070168082 1.6925026597870694 3.6785812731335512 3.9674747795034579 2.2602776356749144 3.8086306038254105 0.89587973461402759 1.4978661367769956
decision_type=2 2 2 2 2 2 2 2 2 2 2 2 2 2
left_child=1 2 5 11 -5 6 7 -1 -9 -6 -10 12 -3 -14
right_child=-2 3 -4 4 9 -7 -8 8 10 -11 -12 -13 13 -15
leaf_value=0.047330586538657453 0.044529141546159383 0.043010902029746612 0.032446594356827785 -0.063133281159249752 0.037242069332351177 0.034201364125146856 -0.038031933154176023 -0.044134215376647912 -0.036420575024183603 -0.03649024173086942 0.020857101879959782 -0.013282504576971022 -0.036006883625569468 0.027751861839829847
leaf_weight=2.0540829335368533 7.5195807809941462 12.857251871828348 6.2067135481629512 2.0810674028471103 3.1535796071693767 2.0438706427812567 11.092193251373827 5.3426990795705915 0.77631898806430388 0.97858063681633201 5.6031621746369638 1.705568401273921 1.8052354607643781 5.1710354418319184
leaf_count=108 96 989 243 629 28 16 6999 8940 37 133 118 489 803 190
internal_value=0.0102804 0.00539822 -0.00540173 0.0180263 -0.015531 -0.0149803 -0.0201883 -0.00421962 -0.0162631 0.016073 0.00989612 0.0279659 0.0319803 0.00880737
internal_weight=68.3909 60.8714 33.119 27.7523 6.21323 26.9123 24.8685 13.7763 11.7222 4.13216 6.37948 21.5391 19.8335 6.97627
internal_count=19818 19722 16461 3261 790 16218 16202 9203 9095 161 155 2471 1982 993
is_linear=0
shrinkage=0.05


Tree=97
num_leaves=15
num_cat=0
split_feature=20 14 3 28 4 2 28 5 14 7 27 12 7 25
split_gain=4.30839 2.92605 4.57967 3.10876 3.68267 3.44374 2.09653 2.0444 4.92825 2.08332 4.20217 4.0454 4.88632 1.80839
threshold=1.0000000180025095e-35 1.0000000180025095e-35 1.4978661367769956 0.91395557961335894 9.5000000000000018 1.7005986908310777 0.82004012759363809 1.7500000000000002 0.29647069744014076 4.4186017428302957 0.32316875326443079 0.87500000000000011 4.0622605259338789 2.249904835165133
decision_type=2 2 2 2 2 2 2 2 2 2 2 2 2 2
left_child=1 2 -1 6 5 -5 -4 -3 9 10 13 12 -12 -9
right_child=-2 7 3 4 -6 -7 -8 8 -10 -11 11 -13 -14 -15
leaf_value=-0.042901749230740666 0.044866493536161005 0.042437562053668221 -0.024885174096552082 0.0051360766792421303 0.026439152358320589 -0.069437368430533095 0.035919972116874845 -0.0032499674764207712 -0.039433096790920719 0.040928151591588482 -0.055169370180682936 0.036870686123698967 0.0079933873156221563 0.042149040489616263
leaf_weight=5.4338344741408973 7.9302720390260211 5.0740329399704924 0.97528496863378489 2.5170696417771969 2.6780879823199939 2.5512796198017895 7.2104799421940697 2.70945608009061 3.4519293761259169 6.1601775900926432 4.8677247410669207 2.7916167769581071 5.9473470428492874 8.1167065957415598
leaf_count=13924 115 46 612 213 136 344 355 292 2886 38 542 28 28 297
internal_value=0.0123635 0.00744157 -0.00722255 0.00676125 -0.0150098 -0.0376589 0.026755 0.0154312 0.0103101 0.0169933 0.00958675 -0.00878956 -0.0226986 0.031473
internal_weight=68.4153 60.485 21.366 15.9322 7.74644 5.06835 8.18576 39.119 34.045 30.593 24.4329 13.6067 10.8151 10.8262
internal_count=19856 19741 15584 1660 693 557 967 4157 4111 1225 1187 598 570 589
is_linear=0
shrinkage=0.05


Tree=98
num_leaves=15
num_cat=0
split_feature=14 3 0 32 5 14 13 23 28 14 23 19 25 3
split_gain=4.30152 3.30336 2.6238 1.99455 1.59905 4.66938 1.30764 2.12409 3.01362 2.31274 1.90288 1.64293 1.28371 1.15001
threshold=1.0000000180025095e-35 1.4978661367769956 0.89587973461402759 1.0000000180025095e-35 1.7500000000000002 0.29647069744014076 4.5000000000000009 0.62000804389958808 0.66813857333220439 0.22051435730853819 0.67878796347532877 7.5000000000000009 3.1984648276080736 2.524928003624769
decision_type=2 2 2 2 2 2 2 2 2 2 2 2 2 2
left_child=1 -1 4 13 -2 6 7 8 12 11 -11 -9 -6 -3
right_child=2 3 -4 -5 5 -7 -8 9 -10 10 -12 -13 -14 -15
leaf_value=-0.0360194481008538 0.044529014185162009 0.017401614594476141 -0.031527608215522432 -0.036352439430450856 0.033712428373148424 -0.036729741913473155 0.043612313790666289 0.019763432854996293 -0.030968573903696475 -0.025250805082587841 0.03726173257695916 -0.046415965250902524 -0.022383106177221269 -0.030617117385141675
leaf_weight=5.454827960071273 7.2724401019513598 12.422393701810503 1.4100469435797993 1.3591379075223802 18.151728512020792 2.616233251799712 6.2711413390934458 0.63726854696869883 1.3554221362282977 0.96885526207916006 2.7876810632151319 2.5829782634973517 0.4149183799745505 0.46586773626040745
leaf_count=13881 86 1156 366 478 505 2623 82 6 71 41 83 347 39 35
internal_value=0.0129752 -0.0062587 0.0214472 0.00675068 0.0238582 0.0185612 0.0238695 0.0178684 0.0258596 -0.00533159 0.0192199 -0.0317397 0.031379 0.0135863
internal_weight=64.1709 19.7022 44.4687 14.2474 43.0587 35.7862 33.17 26.8989 19.9221 6.97678 3.75654 3.22025 18.5666 12.8883
internal_count=19799 15550 4249 1669 3883 3797 1174 1092 615 477 124 353 544 1191
is_linear=0
shrinkage=0.05


Tree=99
num_leaves=15
num_cat=0
split_feature=14 3 28 7 5 14 30 30 27 28 28 14 27 7
split_gain=4.95599 2.89115 2.62467 2.49017 3.00395 4.24539 2.45445 2.24986 2.17228 2.31493 1.69045 1.54179 2.08753 3.25721
threshold=1.0000000180025095e-35 1.4978661367769956 0.9172857092698391 4.4186017428302957 1.7500000000000002 0.27808882026540188 2.885335451430616 3.062678130647996 0.96556199512184226 0.95006078651152526 0.82853025493380594 0.11903714941306653 0.10686784993773017 3.9674747795034579
decision_type=2 2 2 2 2 2 2 2 2 2 2 2 2 2
left_child=1 -1 10 4 -2 6 11 8 9 -4 -3 -6 -13 -14
right_child=3 2 7 -5 5 -7 -8 -9 -10 -11 -12 12 13 -15
leaf_value=-0.03652792874046186 0.04350593686976631 -0.019747880485013435 -0.035194182214377777 0.043601005337849691 0.033809765803848597 -0.039195019874656678 -0.022311702296606117 0.018856583919793418 -0.059963616523811915 0.027638457225561491 0.031377132492259374 0.033075072889125173 -0.029102957228566914 0.019685142805138663
leaf_weight=5.5554865500889745 6.0906366631388655 1.3124624970951133 1.8907503168011301 8.1924731556791794 9.6940021848859086 3.3606479581067097 3.3188334464357458 2.5918903274432523 2.3601208890177077 1.9874729212315285 6.7357504476967733 4.8738660012313657 5.3906883728195663 6.3804472348419949
leaf_count=13950 73 601 243 92 276 2971 376 209 165 48 394 197 283 26
internal_value=0.0107701 -0.00833499 0.00246871 0.0198161 0.0138708 0.00728608 0.0136597 -0.0155564 -0.030484 -0.00392939 0.0217788 0.0188426 0.00870364 -0.00318709
internal_weight=69.7355 22.4339 16.8784 47.3016 39.1091 33.0185 29.6578 8.83023 6.23834 3.87822 8.04821 26.339 16.645 11.7711
internal_count=19904 15610 1660 4294 4202 4129 1158 665 456 291 995 782 506 309
is_linear=0
shrinkage=0.05


Tree=100
num_leaves=15
num_cat=0
split_feature=18 14 6 5 13 14 30 30 23 6 6 25 23 14
split_gain=5.40913 3.52381 2.94673 3.16238 3.85159 2.78557 3.92028 6.14577 3.75396 2.68184 2.70653 2.02045 1.91349 1.28953
threshold=1.0000000180025095e-35 1.0000000180025095e-35 4.5033188460601865 1.7500000000000002 4.5000000000000009 0.059731716970009806 2.3678296146362654 2.2085860340546035 0.6802189868331423 3.3638997243535007 3.5361008724283134 3.1132683346437333 1.0000000180025095e-35 0.056920056398945658
decision_type=2 2 2 2 2 2 2 2 2 2 2 2 2 2
left_child=1 9 3 -3 5 13 7 12 -9 -1 -11 -8 -7 -5
right_child=-2 2 -4 4 -6 6 11 8 -10 10 -12 -13 -14 -15
leaf_value=-0.044191537480952975 0.04131364854851572 0.040316181987041774 0.038931696800748573 -0.016099428058839054 0.039376505882628109 0.0076563524612970882 -0.053873760420586198 0.043136295043650484 -0.042324402773348042 0.031217986789561877 -0.017149423373159403 0.0063045951125344883 -0.05333093003460241 0.039072643727615097
leaf_weight=4.9315470381552613 9.3036786857992393 3.9094992801547077 6.2609075707150614 0.84551490793820194 3.505964256823062 1.4699376893258902 6.4948323049902674 6.0907461262540892 0.73240570741472755 3.1565313937171586 8.5400290182296867 1.4742036260868188 3.6036372622911585 2.6949051656556549
leaf_count=11578 153 41 78 75 38 139 2242 263 118 447 3603 295 842 18
internal_value=0.00812589 0.00172711 0.0102531 0.00338711 -0.00322974 -0.0109635 -0.0183188 0.000460577 0.0297253 -0.0167898 -0.00266588 -0.0432796 -0.0373101 0.0252527
internal_weight=63.0143 53.7107 37.0826 30.8216 26.9121 23.4062 19.8658 11.8967 6.82315 16.6281 11.6966 7.96904 5.07357 3.54042
internal_count=19930 19777 4149 4071 4030 3992 3899 1362 381 15628 4050 2537 981 93
is_linear=0
shrinkage=0.05


Tree=101
num_leaves=15
num_cat=0
split_feature=16 7 2 30 30 14 4 7 0 5 7 5 28 28
split_gain=3.68256 3.58561 3.01771 3.00354 2.97153 2.78707 2.30747 2.02529 1.94922 1.37515 1.24238 1.18613 0.978456 1.49131
threshold=1.0000000180025095e-35 4.0181259238190483 2.4414009612931857 2.5667208278419111 2.0022942843414344 0.99615729292963973 4.2500000000000009 3.1919587132661058 2.3502401828962087 1.7500000000000002 5.3234555491048932 1.7500000000000002 0.53337659528444747 0.39930705608374156
decision_type=2 2 2 2 2 2 2 2 2 2 2 2 2 2
left_child=1 3 -2 4 -1 8 10 11 -5 -7 12 -6 13 -3
right_child=2 6 -4 5 7 9 -8 -9 -10 -11 -12 -13 -14 -15
leaf_value=-0.0240502276198401 0.044966493030262483 0.025745755465142253 -0.031507332543567322 -0.048476198088432648 0.016858123551642557 0.033014291741126946 -0.034848872834341071 0.026156070035286916 0.010352928393720772 -0.023396607108300313 -0.022042988611629469 -0.033844107288779748 0.030400380454820228 -0.02019766295662586
leaf_weight=5.5944126166141421 8.2626385614275897 2.7056638341746391 0.77643813379108984 7.5858542372734501 1.1130542300525132 1.8481397628784182 1.0684565488336364 10.691335871510089 1.3102613167138768 0.86252509505720709 0.78696743889304244 1.9523949869399055 15.366745129780609 2.4033797235606471
leaf_count=2564 141 34 14 8323 39 17 564 526 11 1073 1190 4879 335 133
internal_value=0.00812194 0.00283317 0.0359134 -0.00810238 0.00407363 -0.0271155 0.0176907 0.0163654 -0.039641 0.0135966 0.0217776 -0.015816 0.0244098 0.00436481
internal_weight=62.3283 53.2892 9.03908 30.958 19.3512 11.6068 22.3312 13.7568 8.89612 2.71066 21.2628 3.06545 20.4758 5.10904
internal_count=19843 19688 155 17432 8008 9424 2256 5444 8334 1090 1692 4918 502 167
is_linear=0
shrinkage=0.05


Tree=102
num_leaves=15
num_cat=0
split_feature=14 5 2 2 4 6 5 28 23 23 25 14 6 2
split_gain=4.16623 2.94246 2.70385 3.56095 3.16823 2.81022 2.3329 2.09961 2.62755 2.52296 3.15765 2.20069 1.91907 1.55861
threshold=1.0000000180025095e-35 3.5833333333333335 1.4978661367769956 1.7005986908310777 9.5000000000000018 3.7517567920960846 1.2794117647058825 0.60816382114038237 0.47157354738430385 0.48502956425772725 2.4414009612931857 0.16646440015866479 3.7517567920960846 0.89587973461402759
decision_type=2 2 2 2 2 2 2 2 2 2 2 2 2 2
left_child=1 2 -1 -4 6 -6 -5 8 11 -10 -11 -2 -3 -9
right_child=7 12 3 4 5 -7 -8 13 9 10 -12 -13 -14 -15
leaf_value=-0.039724083773082369 0.0077026004061330165 0.041412288364284261 0.0314547450157351 -0.065493883977648215 0.03667476502449029 -0.04041382654461867 0.01533183711698375 0.036156583724881779 0.050042006611960711 0.023518218350703994 -0.019578439442891116 -0.045849965680978655 -0.023366868195390397 -0.021142903616863554
leaf_weight=6.5425695214216892 3.7574305274902171 3.2856454612920052 4.1778653968649433 2.8452441797271608 2.4597745090723042 0.8430386756081133 0.73664582715718996 15.295395738779913 3.854890611095473 10.791323958997966 5.732067795659531 2.4694438341393834 0.82853344938484941 0.64575438588508483
leaf_count=14130 149 22 137 498 16 118 132 873 68 1172 1045 786 650 129
internal_value=0.00989193 -0.0076945 -0.0166387 -0.000824318 -0.0219174 0.0121786 -0.0491531 0.0188401 0.00963685 0.0181706 0.00830362 -0.0169408 0.0263486 0.0327244
internal_weight=64.2656 21.7193 17.6051 11.0626 6.8847 3.30281 3.58189 42.5463 26.6052 20.3783 16.5234 6.22687 4.11418 15.9412
internal_count=19925 15703 15031 901 764 134 630 4222 3220 2285 2217 935 672 1002
is_linear=0
shrinkage=0.05


Tree=103
num_leaves=15
num_cat=0
split_feature=17 6 12 25 25 7 6 14 27 30 6 14 27 29
split_gain=3.44597 2.30337 3.67475 2.6426 2.56959 2.47849 2.30929 2.17632 1.6391 1.36317 1.23754 2.51154 1.13024 1.11656
threshold=0.034164847447458499 3.7226998520434811 0.87500000000000011 2.249904835165133 1.8688348091416842 2.9421514417660002 4.0857123850075974 0.058516247000031857 0.3818029923293082 2.7581913944084167 3.3638997243535007 0.99615729292963973 0.8280097420361574 0.36521010355815192
decision_type=2 2 2 2 2 2 2 2 2 2 2 2 2 2
left_child=1 3 4 8 7 12 -6 -3 -1 -7 11 -10 -5 -8
right_child=-2 2 -4 5 6 9 13 -9 10 -11 -12 -13 -14 -15
leaf_value=-0.033681647746535988 0.040440310209019281 -0.023692317612216088 0.03649936759070644 -0.031963574916495784 -0.053919253112332227 0.038731066357186622 0.024561666639493697 0.026666250589796665 -0.043614299847203636 -0.0075527206462278479 0.020708852665494548 0.022134817548521719 0.015238138717742822 -0.017500576284268373
leaf_weight=2.6803010177391142 6.1316301003098479 2.5232538562704638 3.0438826540485016 1.7554979591295734 4.3580853546591234 12.282773798695414 0.97623074799775977 4.6435456206818344 2.0126869494051771 1.472427534572488 4.8510949702613289 1.9365949442290005 1.5233429203581179 8.8238613087305549
leaf_count=4343 111 756 40 6586 614 686 13 105 2813 450 277 455 500 2112
internal_value=0.00779317 0.0033276 -0.00779185 0.0127724 -0.0154656 0.0247398 -0.027199 0.00820617 -0.00554332 0.0336005 0.00558899 -0.0134151 -0.0115977 -0.0114243
internal_weight=59.0152 52.8836 24.3689 28.5147 21.325 17.034 14.1582 7.1668 11.4807 13.7552 8.80038 3.94928 3.27884 9.80009
internal_count=19861 19750 3640 16110 3600 8222 2739 861 7888 1136 3545 3268 7086 2125
is_linear=0
shrinkage=0.05


Tree=104
num_leaves=15
num_cat=0
split_feature=12 28 27 29 7 6 23 30 27 0 7 4 29 30
split_gain=3.74234 2.80631 3.88519 2.54551 3.42322 2.49247 2.43675 1.90696 1.90278 1.67183 3.34716 2.17853 1.60705 1.5932
threshold=0.87500000000000011 0.62408795300147479 0.98244843891995137 0.26604932155414585 3.9674747795034579 5.2724682103148881 0.6802189868331423 3.5029877005381955 0.56526414082322896 0.89587973461402759 3.3630845931548374 2.7500000000000004 0.25820768859100324 2.500574179636978
decision_type=2 2 2 2 2 2 2 2 2 2 2 2 2 2
left_child=1 3 5 12 -5 7 8 9 13 -3 -11 -12 -1 -6
right_child=-2 2 -4 4 6 -7 -8 -9 -10 10 11 -13 -14 -15
leaf_value=-0.01226175975505597 0.041041661038476583 0.036320708267564762 -0.038615574024557425 -0.036253939321899679 0.042422976928148073 -0.030910113216263125 -0.04440453673295091 -0.013503020538896852 -0.028440607836245919 -0.03262331767660976 -0.025823156478644305 0.037065539891478601 0.038565256078210368 -0.003502304079984404
leaf_weight=1.9246217095496856 6.393534966511651 15.078965231456108 2.4013035891548489 10.122868124657545 4.0640991852851567 1.5487278198852426 1.0975025082734635 2.7705743392070863 1.1666145862254778 2.5473807841917715 0.96422452272963699 5.918985340744257 2.9854216238527442 2.7844520749640651
leaf_count=4951 121 1778 394 8269 34 1644 99 1335 194 627 196 44 136 43
internal_value=0.00761234 0.00309314 0.012813 -0.00948829 -0.0176139 0.0182478 0.00462997 0.0220328 0.015525 0.0264217 0.00862905 0.0260977 0.0199386 0.0256837
internal_weight=61.7693 55.3757 31.2302 24.1456 19.2355 28.8289 9.11267 27.2801 8.01517 24.5096 9.43059 6.88321 4.91004 6.84855
internal_count=19865 19744 6018 13726 8639 5624 370 3980 271 2645 867 240 5087 77
is_linear=0
shrinkage=0.05


Tree=105
num_leaves=15
num_cat=0
split_feature=4 18 30 0 2 7 14 30 23 14 27 27 23 27
split_gain=3.01272 3.14958 2.79592 2.50401 2.11276 2.06895 1.65178 1.38853 1.3495 1.06572 1.3565 0.882537 0.81504 4.12485
threshold=4.2500000000000009 1.0000000180025095e-35 2.8923127545612006 2.3502401828962087 2.4414009612931857 2.9421514417660002 0.99615729292963973 1.6703303154069353 0.65614028182833561 0.2721087720154029 0.83536781428907547 0.76620152722912682 0.47733982948708442 0.36543514185977427
decision_type=2 2 2 2 2 2 2 2 2 2 2 2 2 2
left_child=1 2 5 -2 -5 6 -1 11 -4 12 -11 -7 13 -9
right_child=3 -3 8 4 -6 7 -8 9 -10 10 -12 -13 -14 -15
leaf_value=-0.036956980732936531 -0.058672233667296805 0.043722241512620608 -0.033688125562661049 0.031497338108150127 -0.035554378406187671 -0.031140556825253341 0.015199325595910871 -0.043380102812331865 0.0037261693264680654 -0.031689084800803562 0.024627603590893134 0.014928360309264872 0.028925828913933027 0.028362084610590976
leaf_weight=2.469755962752969 1.805886206391732 6.5257849991321555 4.1158876020999724 1.9420968497288416 0.97214281336346164 1.46930392399372 1.9415363360458284 1.826548571800237 4.21817917732551 1.4000812559388571 0.98053394723683585 1.0047400830662807 21.063886942574754 6.039019935131364
leaf_count=8595 625 120 4016 75 74 110 1250 234 2186 307 15 48 1781 326
internal_value=0.0100644 0.0135716 0.00851198 -0.0248382 0.00576099 0.0142229 -0.0154348 0.0184277 -0.0163809 0.0212925 -0.00806971 -0.0135197 0.0238976 0.00868814
internal_weight=57.7754 53.0553 46.5295 4.72013 2.91424 38.1954 4.41129 33.7841 8.33407 31.3101 2.38062 2.47404 28.9295 7.86557
internal_count=19762 18988 18868 774 149 12666 9845 2821 6202 2663 322 158 2341 560
is_linear=0
shrinkage=0.05


Tree=106
num_leaves=15
num_cat=0
split_feature=27 16 30 28 25 30 7 30 29 4 28 28 28 30
split_gain=4.08828 3.73661 2.8629 4.63822 2.1445 1.45259 1.34511 1.20085 1.96305 1.22756 0.986572 0.908559 3.28388 1.90926
threshold=0.98244843891995137 1.0000000180025095e-35 2.381204734820658 0.38012086812396412 3.1132683346437333 1.502499797912533 2.9421514417660002 3.1182523740259862 0.72070834570834574 2.7500000000000004 0.84498190618102798 0.32268354953415196 0.50143728854353864 2.3552523625041273
decision_type=2 2 2 2 2 2 2 2 2 2 2 2 2 2
left_child=1 2 4 -4 5 -1 -7 8 -5 -10 -9 -8 13 -13
right_child=-2 -3 3 7 -6 6 11 10 9 -11 -12 12 -14 -15
leaf_value=-0.012980431112563402 -0.048598317615335451 0.044134386795912341 -0.044896892414941783 0.029843352175239014 -0.02792362980782432 -0.0083685865327220912 0.045658613283088928 -0.029352109826722563 -0.025857576597169425 0.016346062429056393 0.0064364604539900493 -0.038204125288739094 0.033399753412235285 0.025845799157795269
leaf_weight=2.070092032387044 1.9040718412870763 7.0564856976270667 4.7178785179858123 7.3945398495779973 1.4847602217996598 2.1517920537371564 6.1598505894362487 2.5876539794553528 2.9366040509776212 2.1679796184034785 3.5385239996248856 2.4469339437055164 10.364404766602091 0.92086131447285868
leaf_count=429 383 138 5880 1560 752 4390 307 2692 1401 298 829 204 558 8
internal_value=0.00969343 0.0124933 0.00713893 -0.00543454 0.0183778 0.0222271 0.0259531 0.00633983 0.0148539 -0.00819172 -0.010678 0.0298887 0.0201957 -0.0187831
internal_weight=57.9024 55.9984 48.9419 23.3432 25.5987 24.1139 22.0438 18.6253 12.4991 5.10458 6.12618 19.8921 13.7322 3.3678
internal_count=19829 19446 19308 12660 6648 5896 5467 6780 3259 1699 3521 1077 770 212
is_linear=0
shrinkage=0.05


Tree=107
num_leaves=15
num_cat=0
split_feature=14 5 0 6 6 6 30 17 28 14 30 25 25 25
split_gain=3.27803 3.06909 2.67005 3.05508 2.64502 1.76894 1.44135 1.32113 1.31228 2.74518 1.46996 1.90961 2.70894 1.60656
threshold=1.0000000180025095e-35 3.5833333333333335 2.3502401828962087 3.9574317443096203 3.9574317443096203 3.7517567920960846 1.5970786018174881 0.051930911451727665 0.61359785073982087 0.27808882026540188 2.2666638780985315 3.0677824455408698 1.8688348091416842 1.0000000180025095e-35
decision_type=2 2 2 2 2 2 2 2 2 2 2 2 2 2
left_child=1 2 4 -4 7 -3 -2 -1 9 10 -8 12 13 -12
right_child=6 5 3 -5 -6 -7 8 -9 -10 -11 11 -13 -14 -15
leaf_value=-0.050583281953176601 -0.018785677908701767 0.041530612646772325 0.039067561965905939 -0.035905833293916549 0.0011452917003727094 -0.022010619680102619 0.032032426325256713 0.014922040495488221 0.033462227313450256 -0.03421913821833221 -0.014724971972754942 0.038660544213409712 -0.024791058364771797 0.034937113001830035
leaf_weight=6.4562753662321537 1.6891898542526167 3.4950345140532582 3.083455901592969 1.1233834764716446 4.9744046177365817 0.75272202106134489 10.068340326179174 0.41916256397962559 13.031927256306515 1.8406459581892693 1.7360685378080214 2.6369371769542331 5.7923183273233008 4.0071799870347604
leaf_count=12832 146 22 19 215 1868 653 271 5 906 2259 92 95 388 119
internal_value=0.010715 -0.0055271 -0.0155866 0.015996 -0.027171 0.0282222 0.0187363 -0.0452021 0.0207847 0.0134485 0.0182803 0.00704334 -0.00269161 0.0199678
internal_weight=61.107 20.3044 16.0567 4.20684 11.8498 4.24776 40.8026 6.87544 39.1134 26.0815 24.2408 14.1725 11.5356 5.74325
internal_count=19890 15614 14939 234 14705 675 4276 12837 4130 3224 965 694 599 211
is_linear=0
shrinkage=0.05


Tree=108
num_leaves=15
num_cat=0
split_feature=13 19 25 7 2 30 7 6 6 29 5 25 23 23
split_gain=2.7524 1.92872 3.23466 2.24216 1.93465 1.86179 1.46593 1.83002 3.78989 1.99669 1.54543 1.30791 1.31149 1.33193
threshold=4.5000000000000009 7.5000000000000009 2.1383330595080281 3.3630845931548374 2.4414009612931857 1.6214223009987723 2.9421514417660002 3.699446240432394 4.0857123850075974 0.74021038261357142 1.7500000000000002 1.8688348091416842 0.57528489523283732 0.72061643113207174
decision_type=2 2 2 2 2 2 2 2 2 2 2 2 2 2
left_child=1 4 3 -3 -1 -4 10 -8 -9 -10 -7 12 -5 -14
right_child=-2 2 5 11 -6 6 7 8 9 -11 -12 -13 13 -15
leaf_value=0.042009214408796916 0.0420940074956749 -0.039074197499523212 -0.02946575186493813 -0.0098795594736484828 -0.025595974392283023 0.019911937753038823 0.03301376910423371 -0.039675694362046238 0.036747976700319179 -0.0069267166753065601 -0.033660104559356613 -0.02632930981893989 0.036204192981100856 -0.014394128549161373
leaf_weight=4.997728230431675 5.232078817440196 4.8469808359805056 1.5103796310504574 4.9175794804468733 0.58557456918060768 1.5370122323074675 12.674652243636958 2.5206354531255775 5.7569490272435342 3.8237448972795391 2.0396430851978913 2.8812694959196952 3.7239276762556983 1.1726790678076211
leaf_count=93 98 7343 429 485 14 56 1130 315 77 1578 7765 267 160 108
internal_value=0.0105576 0.00672175 0.0031303 -0.0134485 0.0321078 0.0129894 0.0161778 0.0204322 0.00574047 0.0203098 -0.0113178 -0.0015262 0.00751689 0.0237004
internal_weight=58.2208 52.9888 47.4055 17.5424 5.5833 29.863 28.3526 24.776 12.1013 9.58069 3.57666 12.6955 9.81419 4.89661
internal_count=19918 19820 19713 8363 107 11350 10921 3100 1970 1655 7821 1020 753 268
is_linear=0
shrinkage=0.05


Tree=109
num_leaves=15
num_cat=0
split_feature=19 12 25 25 29 28 28 5 4 4 29 6 5 7
split_gain=3.11829 1.93107 2.04976 3.46635 1.61612 2.47228 2.8937 2.34123 3.11402 2.69918 1.92089 1.7413 4.09419 1.41988
threshold=7.5000000000000009 0.87500000000000011 2.8617925509761908 3.1567740231385479 0.26604932155414585 0.31932752040909712 0.32268354953415196 1.7500000000000002 4.2500000000000009 9.5000000000000018 0.25820768859100324 4.0231389717980077 3.5833333333333335 3.1919587132661058
decision_type=2 2 2 2 2 2 2 2 2 2 2 2 2 2
left_child=-1 2 4 13 10 -6 -7 8 -8 -10 -2 12 -9 -4
right_child=1 -3 3 -5 5 6 7 11 9 -11 -12 -13 -14 -15
leaf_value=0.038006453946338857 -0.023544997440058009 0.035181718758609801 -0.018100207298385736 -0.023444401051460978 -0.045459181190646347 0.045086928706286042 0.031114139490227455 -0.051231035253781636 -0.058053485628122396 0.015441902771217722 0.04183335872045392 -0.0033565447726016454 0.02920613209526875 0.036204667646629426
leaf_weight=6.9760496430099002 0.8872018382971868 3.5954821982886633 0.75509827877249236 3.1718473518776582 3.1026600728509974 1.7761627428917588 5.8156961360073236 6.2874370571080354 1.5085497768741336 1.8389384434267411 2.5044886383911944 8.6704860121826623 1.3149312362656926 9.3232274940964981
leaf_count=154 4006 77 1981 2269 3310 42 98 5535 408 90 137 1137 12 539
internal_value=0.00891722 0.00424362 0.00119047 0.0171349 -0.00539044 -0.00923696 -0.00364206 -0.00862153 0.0108502 -0.0234139 0.0232645 -0.0195794 -0.0355405 0.0308694
internal_weight=57.5283 50.5522 46.9567 13.2502 33.7066 30.3149 27.2122 25.436 9.16318 3.34749 3.39169 16.2729 7.60237 10.0783
internal_count=19795 19641 19564 4789 14775 10632 7322 7280 596 498 4143 6684 5547 2520
is_linear=0
shrinkage=0.05


Tree=110
num_leaves=15
num_cat=0
split_feature=13 14 7 6 7 5 14 30 9 4 28 25 29 6
split_gain=2.85869 2.15766 2.18254 3.59867 2.80427 1.50759 4.30246 1.3559 1.32911 1.40513 1.78614 1.31153 1.62207 1.37218
threshold=4.5000000000000009 0.22051435730853819 2.9421514417660002 3.7226998520434811 4.0622605259338789 1.7500000000000002 0.29647069744014076 1.9071755012240892 1.0000000180025095e-35 2.7500000000000004 0.39930705608374156 1.8688348091416842 0.33738955921583991 3.3638997243535007
decision_type=2 2 2 2 2 2 2 2 2 2 2 2 2 2
left_child=1 2 -1 11 -5 -3 7 -7 9 10 -6 13 -13 -4
right_child=-2 5 3 4 8 6 -8 -9 -10 -11 -12 12 -14 -15
leaf_value=-0.032606620747085376 0.042167706592821388 0.041654841267584994 -0.034870214970608458 -0.043068074735216635 0.026109056572288361 -0.017996770096342516 -0.037388879404276675 0.030778597403539217 -0.034255506930614452 0.032970824613128669 -0.017777210978331816 -0.022596206627988537 0.034507466961958298 0.015091690401049688
leaf_weight=3.7668386939694747 5.247988225426524 4.7119767740368852 1.134804251363678 4.1539615173096562 2.4757864465354888 0.99058537564996996 2.7637425315406299 9.0417810951621487 1.2942851578991401 2.7057567173615107 6.0175223223341163 0.71225400497496494 10.150483697856542 2.8838973939564312
leaf_count=12343 102 80 324 438 22 44 2870 283 578 69 1432 454 669 169
internal_value=0.010099 0.00618733 -0.00103473 0.0036237 -0.0120349 0.020016 0.00960602 0.0247678 0.000710534 0.00722837 -0.00358173 0.0207952 0.0291741 -0.00315351
internal_weight=58.0517 52.8037 35.2956 31.5288 16.6473 17.5081 12.7961 10.0324 12.4934 11.1991 8.49331 14.8814 10.8627 4.0187
internal_count=19877 19775 16498 4155 2539 3277 3197 327 2101 1523 1454 1616 1123 493
is_linear=0
shrinkage=0.05


Tree=111
num_leaves=15
num_cat=0
split_feature=19 30 28 2 23 30 12 14 27 28 0 12 30 7
split_gain=2.9194 2.36286 3.46055 2.25394 2.02332 1.92724 1.79395 1.66624 1.4229 2.46104 2.06761 1.58274 1.92279 1.66504
threshold=7.5000000000000009 2.3875337925565705 0.61943791155752825 2.4414009612931857 0.50114174352191476 1.6480770926468293 0.87500000000000011 0.22180231756945226 0.047316813222543073 0.68369523948441524 0.89587973461402759 0.87500000000000011 2.3617987141939172 4.4186017428302957
decision_type=2 2 2 2 2 2 2 2 2 2 2 2 2 2
left_child=3 4 6 -1 5 -2 -3 -4 -6 11 -11 12 13 -10
right_child=1 2 7 -5 8 -7 -8 -9 9 10 -12 -13 -14 -15
leaf_value=0.043455300435175419 -0.027384601089741875 -0.040740390291613214 -0.0066424634195471829 -0.026886116405477996 0.035009105693373767 0.036220320905920228 0.018926200084218477 0.026697510352692307 -0.054282887500169921 0.035651524934236963 -0.018604839028546222 0.021591663917188024 0.018659235438447937 0.014325983663086543
leaf_weight=6.3090545739978543 0.62566852235613879 7.5927258690280741 9.8272130188270221 0.65574867837131012 1.4758678820362536 8.4758525299621379 0.87643780384678383 4.7867715971369753 4.4029266860816261 3.6755736415434512 2.0237857168613118 0.85971481655724336 0.89756416020099994 0.6258499696268699
leaf_count=145 307 8544 3775 13 209 2047 26 536 3203 526 445 17 159 21
internal_value=0.00632953 0.00147192 -0.00963263 0.0342884 0.0125247 0.0295698 -0.0332191 0.0052884 0.000179067 -0.00622887 0.0164843 -0.024972 -0.0338689 -0.0447843
internal_weight=53.1108 46.146 23.0831 6.9648 23.0628 9.10152 8.46916 14.614 13.9613 12.4854 5.69936 6.78606 5.92634 5.02878
internal_count=19973 19815 12881 158 6934 2354 8570 4311 4580 4371 971 3400 3383 3224
is_linear=0
shrinkage=0.05


Tree=112
num_leaves=15
num_cat=0
split_feature=14 7 7 7 5 14 4 5 30 25 30 23 25 19
split_gain=3.31645 1.98568 2.42962 1.63019 2.04925 3.22228 1.60038 3.04063 1.4512 1.23294 1.30583 1.23636 1.60524 0.959821
threshold=1.0000000180025095e-35 3.3630845931548374 3.5899642080707999 4.4186017428302957 1.7500000000000002 0.27101739770380834 4.2500000000000009 1.7500000000000002 3.0186935687598404 3.1567740231385479 1.5970786018174881 0.6802189868331423 2.249904835165133 7.5000000000000009
decision_type=2 2 2 2 2 2 2 2 2 2 2 2 2 2
left_child=1 13 -3 4 -2 8 7 -4 9 10 -6 -12 -13 -1
right_child=3 2 6 -5 5 -7 -8 -9 -10 -11 11 12 -14 -15
leaf_value=0.014636839846073502 0.041081991231681658 0.031301812467286846 0.032570789450182686 0.039805403435176065 -0.022551440262842785 -0.037099987048709329 -0.039091249262141192 -0.030050760414312729 -0.019864132942328777 -0.025976377069954128 0.028032433891955762 0.017278080385171011 -0.040206263345736619 -0.040780457333049823
leaf_weight=0.40871516987681467 4.3774898983538177 3.8583176063111742 3.0866964495507991 6.4704966854769728 0.93725094191905967 2.6960091303626532 2.5003338674723636 2.696123405796242 2.1595683680279754 0.73476566890894801 16.592683305789254 2.3864295291859885 0.90408523127553042 3.864065526780907
leaf_count=6 80 419 72 92 34 2969 580 1904 290 88 494 132 95 12622
internal_value=0.0103215 -0.00806594 0.00283662 0.0184211 0.0128162 0.00680337 -0.0123661 0.00324874 0.0130937 0.01713 0.0197719 0.0227513 -0.00420582 -0.0337089
internal_weight=53.673 16.4143 12.1415 37.2588 30.7883 26.4108 8.28315 5.78282 23.7148 21.5552 20.8204 19.8832 3.29051 4.27278
internal_count=19877 15603 2975 4274 4182 4102 2556 1976 1133 843 755 721 227 12628
is_linear=0
shrinkage=0.05


Tree=113
num_leaves=15
num_cat=0
split_feature=17 13 28 29 29 29 25 5 9 0 6 25 6 14
split_gain=3.1503 2.1736 2.40266 2.67252 2.14239 2.00229 1.85191 1.8403 1.74621 4.41095 2.23839 1.42184 1.38699 1.23509
threshold=0.034164847447458499 4.5000000000000009 0.53337659528444747 0.26604932155414585 0.25820768859100324 0.78352825303219908 3.0201273556387074 1.7500000000000002 1.0000000180025095e-35 2.3502401828962087 3.9574317443096203 3.1567740231385479 3.3408608595458582 0.27015020050567046
decision_type=2 2 2 2 2 2 2 2 2 2 2 2 2 2
left_child=1 2 3 4 -1 -4 13 8 12 -10 -11 -8 -7 -5
right_child=-2 -3 5 6 -6 7 11 -9 9 10 -12 -13 -14 -15
leaf_value=-0.026061163175605192 0.040882529279794758 0.037246892862458358 0.017918347018715957 -0.04547867723506184 0.04008584233971127 -0.020959827837029599 0.024436218042776015 -0.034710268872546544 -0.063143592190787981 0.036808266096236754 -0.031853045795459119 -0.030009536167926888 0.034264983263283671 0.003250037837457339
leaf_weight=1.0802133619581575 4.6976592950522891 2.9238371015526345 16.520281974990215 7.4804583214572613 2.3653637390380027 0.73839254169433655 2.1632979941568915 3.3189660030184305 1.7438763769750947 2.7973469048738484 0.84197774209314946 0.9461023016629041 4.035250832370366 1.3850658254668813
leaf_count=4774 123 50 4101 5253 121 8 424 2576 509 20 132 794 85 972
internal_value=0.00571276 0.00153569 -0.00151625 -0.0169508 0.0181508 0.00670928 -0.0276711 -0.00732071 0.00393833 -0.0144374 0.0174812 0.00459858 0.023572 -0.038308
internal_weight=53.0381 48.3404 45.4166 15.4205 3.44558 29.9961 11.9749 13.4758 10.1568 5.3832 3.63932 3.1094 4.77364 8.86552
internal_count=19942 19819 19769 12338 4895 7431 7443 3330 754 661 152 1218 93 6225
is_linear=0
shrinkage=0.05


Tree=114
num_leaves=15
num_cat=0
split_feature=13 21 7 6 6 6 7 25 6 16 16 7 6 7
split_gain=2.64818 1.60034 1.61281 3.58985 2.21658 1.48734 1.17824 1.07706 1.23868 1.01679 1.0132 0.963212 0.894091 1.39293
threshold=4.5000000000000009 0.77500000000000013 4.321497902261858 3.7517567920960846 4.9339566026354147 4.0857123850075974 2.3268368755615723 2.1383330595080281 3.4076999143293958 0.027207162672390661 0.20574140418965006 2.3939818062714617 4.1764197098782452 3.8800433413825615
decision_type=2 2 2 2 2 2 2 2 2 2 2 2 2 2
left_child=1 12 3 6 -4 10 -3 8 9 11 -5 -8 13 -1
right_child=-2 2 4 5 -6 -7 7 -9 -10 -11 -12 -13 -14 -15
leaf_value=-0.019194750472711599 0.040774863781606357 -0.017142426848615205 0.037686885342649044 -0.052071684867576754 -0.017839888044490087 -0.002940723312022954 0.014008292990113139 0.023421871088943155 0.019314669662485788 0.018963984504959779 0.01231598553569585 -0.04293547505378939 -0.0339199035695587 0.025707068581933598
leaf_weight=3.3743539054703415 4.407666311133652 2.1841855109523811 6.7961509902088419 3.2544336276041572 1.6809628777846226 4.2229185807591421 0.44454713366576815 14.104778835659088 2.8347492392058484 0.60248469933867443 0.32274179533123959 2.1298549546118011 2.791343417862663 1.8574531327030852
leaf_count=2838 101 9732 94 602 1207 490 92 2492 167 11 5 1029 908 90
internal_value=0.00761942 0.00369275 0.00795619 0.00221551 0.0259556 -0.0250683 0.0124249 0.016295 -0.00138195 -0.0200524 -0.0448409 -0.0319343 -0.015417 -0.00168617
internal_weight=51.0086 46.601 38.5778 30.1007 8.47711 7.80009 22.3006 20.1164 6.01164 3.17689 3.57718 2.5744 8.02315 5.23181
internal_count=19858 19757 15921 14620 1301 1097 13523 3791 1299 1132 607 1121 3836 2928
is_linear=0
shrinkage=0.05


Tree=115
num_leaves=15
num_cat=0
split_feature=12 5 2 7 5 29 30 23 16 6 5 4 6 28
split_gain=2.38259 1.78312 3.77923 2.55167 3.42053 4.92997 2.73593 2.21557 1.6857 2.12628 1.5416 1.72023 1.57996 1.53694
threshold=0.87500000000000011 1.7500000000000002 1.7005986908310777 4.4186017428302957 3.5833333333333335 0.42864856525763656 2.3678296146362654 0.6802189868331423 1.0000000180025095e-35 4.0857123850075974 1.2794117647058825 9.5000000000000018 3.7517567920960846 0.78493931274190099
decision_type=2 2 2 2 2 2 2 2 2 2 2 2 2 2
left_child=1 2 -1 4 5 6 7 -3 9 -8 11 -4 -13 -5
right_child=-2 3 10 13 -6 -7 8 -9 -10 -11 -12 12 -14 -15
leaf_value=0.036657735890497582 0.037887308626168625 0.030172591414735328 -0.052800638000457679 0.03480349994295686 0.032333817543404635 -0.042189143449757785 -0.051132473583453943 -0.034321781962038687 0.023817187288551762 0.013445230942773277 0.025526226357375243 0.029607130939437121 -0.033203982488144552 -0.022488052378595663
leaf_weight=8.0865958529757318 4.2833782593952483 7.0477357148847748 1.9383662232139602 4.6085108430997925 3.0816678524352019 10.011808932613347 3.2722558526293142 0.73270522442908248 0.88603211566805828 1.3185236216377232 0.9683283045887946 1.3999346196651461 0.72859645007702045 0.74249952520767681
leaf_count=230 119 1636 496 223 176 8918 6064 680 9 30 4 15 115 1083
internal_value=0.00611539 0.00231868 0.0171259 -0.00414654 -0.0106618 -0.0174537 0.00287528 0.0208818 -0.0219796 -0.0334976 -0.0151187 -0.0279241 0.00436591 0.0245647
internal_weight=49.1069 44.8236 13.1218 31.7017 26.3507 23.2691 13.2573 7.78044 5.47681 4.59078 5.03523 4.0669 2.12853 5.35101
internal_count=19798 19679 860 18819 17513 17337 8419 2316 6103 6094 630 626 130 1306
is_linear=0
shrinkage=0.05


Tree=116
num_leaves=15
num_cat=0
split_feature=13 6 6 25 29 5 4 23 18 29 14 30 17 6
split_gain=2.38075 2.45172 3.28661 1.88943 1.4667 1.8476 2.55445 1.33376 1.1625 0.948647 0.914394 0.885803 0.826578 0.636692
threshold=4.5000000000000009 3.7226998520434811 4.0231389717980077 2.249904835165133 0.44863121428910596 1.7500000000000002 4.2500000000000009 0.57528489523283732 1.0000000180025095e-35 0.2621043250291295 0.99615729292963973 3.0245134152024451 0.026979536889198557 5.2724682103148881
decision_type=2 2 2 2 2 2 2 2 2 2 2 2 2 2
left_child=1 3 8 7 -4 6 13 10 -3 -5 -1 -11 -7 -6
right_child=-2 2 4 9 5 12 -8 -9 -10 11 -12 -13 -14 -15
leaf_value=-0.034794766769095063 0.039535995397847232 -0.054779723457804755 0.020130308213052679 -0.01883226033062799 0.038562559942331563 -0.03355400677932046 -0.033168504441608154 0.01045949628077909 0.0049876134965295684 0.029765535845440623 0.010643094232337835 -0.0050427583732935988 0.015166971371639979 -0.011641048174601541
leaf_weight=3.0395211513969134 3.7837291536852709 3.4577152287383823 5.3371982147582449 0.60017291443364129 3.0835309978574528 4.9386402920863448 1.2881932256132129 5.6879147923827986 0.80303368344902981 13.122462182065645 0.99282591722294444 1.7954993091261702 0.43145641684532154 0.28205268515739579
leaf_count=3350 96 752 87 2683 32 2058 640 4071 10 3949 531 1612 9 59
internal_value=0.00598935 0.00235946 -0.0105972 0.0124527 0.00101867 -0.0100603 0.0117888 -0.00460736 -0.0447084 0.0227708 -0.0237154 0.0255225 -0.0278731 0.0326524
internal_weight=48.6439 44.8602 19.6218 25.2384 15.3611 10.0239 4.65378 9.72026 4.26075 15.5181 4.03235 14.918 5.3701 3.36558
internal_count=19939 19843 3647 16196 2885 2798 731 7952 762 8244 3881 5561 2067 91
is_linear=0
shrinkage=0.05


Tree=117
num_leaves=15
num_cat=0
split_feature=13 25 18 14 14 30 32 7 29 23 23 30 7 7
split_gain=2.84931 2.47076 3.59484 2.19425 2.04361 3.73225 3.24166 1.48515 1.44044 1.33416 1.1312 1.05093 0.957035 1.35265
threshold=4.5000000000000009 2.249904835165133 1.0000000180025095e-35 0.99615729292963973 0.16530076646749856 2.2085860340546035 1.0000000180025095e-35 4.4186017428302957 0.33738955921583991 1.0000000180025095e-35 0.61862383613355332 2.5127158979364301 3.6490420953163349 2.9421514417660002
decision_type=2 2 2 2 2 2 2 2 2 2 2 2 2 2
left_child=1 2 3 7 6 -6 8 9 -3 11 -7 -1 13 -10
right_child=-2 4 -4 -5 5 10 -8 -9 12 -11 -12 -13 -14 -15
leaf_value=0.0092142457837594647 0.039843389499615335 -0.031532935261862564 0.034859009379346731 0.014622738931110615 -0.024701500743904356 0.042515630774162656 -0.041459129981801034 0.0040788701153730402 -0.020149136163147958 -0.051206349230253224 -0.0011800154039363507 -0.035570487331290847 -0.0011062714603844363 0.036614819691131222
leaf_weight=2.3722796782094542 3.9618042306974521 0.93132255525415786 2.2424263898283234 2.5264926388044833 2.5172424995907923 8.5589998651848855 3.1953908956420483 2.20501694480481 0.60819033523875798 6.6433744152382133 1.6899420822082891 1.2705597277526974 4.7402009278521291 4.8960719123206218
leaf_count=957 102 2670 49 1094 410 804 2405 572 2167 5394 601 1184 1145 318
internal_value=0.00390859 -0.000105068 -0.0144256 -0.0235016 0.00919218 0.0229803 -0.00375429 -0.0317249 0.00954595 -0.0390814 0.0358463 -0.0107029 0.0157526 0.0282092
internal_weight=48.3593 44.3975 17.2601 15.0177 27.1374 12.7662 14.3712 12.4912 11.1758 10.2862 10.2489 3.64284 10.2445 5.50426
internal_count=19872 19770 9250 9201 10520 1815 8705 8107 6300 7535 1405 2141 3630 2485
is_linear=0
shrinkage=0.05


Tree=118
num_leaves=15
num_cat=0
split_feature=13 14 7 6 4 4 25 5 25 6 17 28 25 28
split_gain=1.99863 1.52121 3.29996 2.19663 2.2448 2.08781 1.91779 2.7929 1.81548 1.75045 1.44406 0.998493 0.946517 0.92036
threshold=4.5000000000000009 0.1162330617881263 3.3630845931548374 3.7226998520434811 4.2500000000000009 2.7500000000000004 2.249904835165133 1.7500000000000002 3.1567740231385479 4.0231389717980077 0.020033064723987238 0.38012086812396412 2.3502401828962087 0.6890438570629186
decision_type=2 2 2 2 2 2 2 2 2 2 2 2 2 2
left_child=1 2 -1 11 5 12 7 -3 -8 10 -9 -4 13 -5
right_child=-2 6 3 4 -6 -7 8 9 -10 -11 -12 -13 -14 -15
leaf_value=-0.040797502346831299 0.03897917976481588 0.034229654535131084 -0.01795907497466686 0.021502833011001476 -0.044306068277987699 0.032771003795793917 0.027633494967869661 -0.04913132024030939 -0.018445355518067006 0.0090655247793921499 0.016800005264885842 0.032603279648174735 -0.032044689526871228 -0.024726125279277145
leaf_weight=4.1271002235516816 3.595682378159835 2.1075392682105303 0.49402888993791094 1.9857231918285818 2.2358603082975606 2.8944269169587642 14.615567215325429 3.5602443871757732 1.7676099198142754 2.4641314024411258 0.49779021367430676 5.5874108727657585 2.374475797660125 0.71525543193274632
leaf_count=12961 99 41 265 165 597 76 1576 1709 377 70 6 332 1205 401
internal_value=0.00749986 0.00422227 -0.00575883 0.00496621 -0.00911034 0.00460208 0.0122766 -0.00634638 0.0218869 -0.0222654 -0.0393212 0.0265398 -0.014212 0.0058876
internal_weight=49.0228 45.4272 20.4143 16.2872 10.2057 7.96988 25.0129 8.62971 16.3832 6.52217 4.05803 6.08144 5.07545 2.70098
internal_count=19880 19781 16002 3041 2444 1847 3779 1826 1953 1785 1715 597 1771 566
is_linear=0
shrinkage=0.05


Tree=119
num_leaves=15
num_cat=0
split_feature=19 23 23 23 28 7 14 7 28 29 28 12 29 6
split_gain=2.63061 1.82131 1.89825 1.5156 1.32785 1.11932 1.33086 1.19001 1.10144 1.09245 1.74425 1.60169 1.07429 0.922021
threshold=7.5000000000000009 0.45876258610661241 0.48502956425772725 0.55852813495839204 0.36571598056200483 3.1919587132661058 0.99615729292963973 3.2162712959246451 0.28819328626491741 0.34144929990966583 0.5462682864368259 0.87500000000000011 0.55963857585955001 4.9339566026354147
decision_type=2 2 2 2 2 2 2 2 2 2 2 2 2 2
left_child=-1 4 12 -4 -2 6 -5 -7 -9 -10 11 -11 -3 -12
right_child=1 2 3 5 -6 7 -8 8 9 10 13 -13 -14 -15
leaf_value=0.036523164833628344 -0.04256344179047182 0.045987257846201342 -0.021862263394220344 -0.035208350815924071 -0.0039640572853653164 0.039697338163914263 0.014612717745076893 -0.030011758179947775 0.033320767096721132 -0.048255709932038253 0.017537564967616628 0.018910464380583081 -0.009724329813576545 -0.021835419744724641
leaf_weight=5.1141098756343117 2.3894303083507094 3.1783187720429882 4.4461025900018312 2.0783987537106468 7.2073095839732559 2.3771140729513744 1.617150227291859 0.91932093683135363 2.9212038723999276 1.6738705187090084 8.89851410721894 0.6789163090288638 0.70514953451493045 0.87500588713737748
leaf_count=149 2515 402 2485 7698 2860 30 1083 256 126 416 391 12 300 1104
internal_value=0.00597571 0.00127066 0.00729553 0.00193868 -0.0166844 0.00748063 -0.0149379 0.0125358 0.00639066 0.0103462 0.00269488 -0.0290148 0.0359515 0.012313
internal_weight=45.0799 39.9658 30.3691 26.4856 9.59674 22.0395 3.69555 18.3439 15.9668 15.0475 12.1263 2.35279 3.88347 9.77352
internal_count=19827 19678 14303 13601 5375 11116 8781 2335 2305 2049 1923 428 702 1495
is_linear=0
shrinkage=0.05


Tree=120
num_leaves=15
num_cat=0
split_feature=17 6 14 6 2 5 0 6 30 30 30 23 27 25
split_gain=2.47457 1.86679 2.70618 1.49642 1.29061 1.38354 2.116 1.56322 1.71059 1.46623 2.36529 2.01777 1.40108 2.20289
threshold=0.034164847447458499 3.4273857669456866 0.22180231756945226 5.2724682103148881 2.4414009612931857 1.7500000000000002 0.89587973461402759 4.4288206438694759 2.885335451430616 2.6630943217977836 2.4497202938170388 0.35087609290579891 0.68549830705002357 2.1383330595080281
decision_type=2 2 2 2 2 2 2 2 2 2 2 2 2 2
left_child=1 2 -1 4 5 -3 7 8 9 10 11 -7 13 -13
right_child=-2 3 -4 -5 -6 6 -8 -9 -10 -11 -12 12 -14 -15
leaf_value=-0.036559911069406488 0.039009002773794307 0.034740512662791261 0.010905984850182524 -0.030383472212481319 -0.026180700044439165 0.037630746737514917 -0.034201783451823994 0.037811616706345919 -0.024755608474900589 0.033938380813087497 -0.043208796070740213 0.018392758700300004 0.026641112096570402 -0.043524759330596088
leaf_weight=5.7398325902177003 3.8837765697389832 4.9213765654713013 4.7636398371178075 1.4667736812698411 1.3427519053220738 3.3319702701846925 1.813346976887259 3.6728908329605465 2.9667640262123305 4.149861201105522 1.4240290534253279 1.6640505914074308 1.3102567695314062 2.5797955440611986
leaf_count=12317 122 51 2758 1928 7 135 752 123 618 248 238 229 48 301
internal_value=0.00535396 0.00132719 -0.015956 0.0075682 0.0104197 0.0130321 0.00711161 0.0120491 0.00486204 0.0121469 0.00115058 0.011911 -0.00690601 -0.0203687
internal_weight=45.0311 41.1473 10.5035 30.6439 29.1771 27.8343 22.913 21.0996 17.4267 14.46 10.3101 8.88607 5.5541 4.24385
internal_count=19875 19753 15075 4678 2750 2743 2692 1940 1817 1199 951 713 578 530
is_linear=0
shrinkage=0.05


Tree=121
num_leaves=15
num_cat=0
split_feature=13 14 28 27 30 30 7 25 5 7 6 25 30 28
split_gain=1.99932 2.65412 3.43804 1.61175 1.78595 1.60761 1.5865 1.58347 1.58634 1.86757 1.4588 1.39669 1.3863 1.18182
threshold=4.5000000000000009 0.15562789528499019 0.55505760190641473 0.9731042786738352 3.1832118886033336 1.9071755012240892 3.1536255296799243 2.249904835165133 1.7500000000000002 3.9179919320456364 5.2724682103148881 1.8688348091416842 1.7982394373231771 0.77912936625401741
decision_type=2 2 2 2 2 2 2 2 2 2 2 2 2 2
left_child=1 2 -1 6 -5 13 -4 8 -7 -10 12 -11 -8 -3
right_child=-2 5 3 4 -6 7 10 -9 9 11 -12 -13 -14 -15
leaf_value=-0.042729868851846035 0.03835446015797625 -0.038302508171391032 -0.029006070626967834 -0.05061401203918401 0.016788693318058989 0.033038981813901719 -0.015049373548252538 0.03102533315329193 -0.036565239502846021 0.02794952028879033 -0.026540116556557365 -0.027077628647711235 0.026087277738888505 0.018828500679716434
leaf_weight=4.7307814733358127 3.3559086932800701 1.4467236009877553 1.5243639493492107 1.6807851790872512 0.93370366177987296 1.8981976117938755 1.7953235101740563 11.213755917713568 2.6124212409777128 2.6812447621487085 1.0882316964416521 0.76800792914582405 10.738088785641592 0.68144578595820338
leaf_count=10074 97 373 3531 400 143 40 59 1684 1456 16 1376 16 565 33
internal_value=0.00602369 0.0027452 -0.00904988 0.00172075 -0.0285575 0.0150463 0.00839236 0.0197097 0.00208485 -0.0109143 0.0142751 0.0123651 0.0195181 -0.019838
internal_weight=47.149 43.7931 22.4913 17.7605 2.61449 21.3018 15.146 19.1736 7.95987 6.06167 13.6216 3.44925 12.5334 2.12817
internal_count=19863 19766 16148 6074 543 3618 5531 3212 1528 1488 2000 32 624 406
is_linear=0
shrinkage=0.05


Tree=122
num_leaves=15
num_cat=0
split_feature=19 4 5 3 7 3 7 30 30 23 13 21 30 28
split_gain=2.45733 1.97623 1.4564 3.1498 1.22776 1.15957 1.42065 1.14148 1.32778 2.81419 1.31271 0.976514 0.958701 0.821499
threshold=7.5000000000000009 4.2500000000000009 1.7500000000000002 1.2424533248940004 2.9421514417660002 2.4414009612931857 3.7087654965137542 1.5970786018174881 2.0562870613949147 0.68495520895672579 4.5000000000000009 0.77500000000000013 2.2085860340546035 0.42246688032197366
decision_type=2 2 2 2 2 2 2 2 2 2 2 2 2 2
left_child=-1 2 -2 -4 -5 -3 -7 -6 -9 11 -11 -10 -13 -14
right_child=1 5 3 4 7 6 -8 8 9 10 -12 12 13 -15
leaf_value=0.037749550671922753 0.029232582403479423 -0.051840217247163256 -0.038170657702013625 -0.027974575096070098 -0.026350142223168921 0.026177416132792043 -0.033737327107044274 0.032047905296536061 -0.011385169611567656 -0.041844629604100222 0.018257926758064553 -0.018999894807712973 0.030489969003867742 0.0055815937676478569
leaf_weight=5.0657215109094968 5.2396381205908247 1.3921986115528846 3.1585532848293942 1.2583146175857134 1.0560787536960585 1.2489786670048491 0.76653074055502646 5.9797873192728757 2.4597370815536239 2.8316351937246504 0.56482517905533303 0.80651992069032807 9.3587553513716539 5.6445727824830092
leaf_count=161 116 619 14042 2937 56 13 112 259 554 406 8 65 239 352
internal_value=0.00797983 0.00357086 0.0070493 0.00278582 0.00819708 -0.0282999 -0.000240614 0.0106713 0.012956 0.00650529 -0.0299702 0.0144898 0.0189533 0.0220533
internal_weight=46.8318 41.7661 38.3584 33.1188 29.9602 3.40771 2.01551 28.7019 27.6458 21.666 3.39646 18.2696 15.8098 15.0033
internal_count=19939 19778 19034 18918 4876 744 125 1939 1883 1624 414 1210 656 591
is_linear=0
shrinkage=0.05


Tree=123
num_leaves=15
num_cat=0
split_feature=2 19 30 7 5 25 5 13 30 25 27 25 23 25
split_gain=2.02377 2.34129 1.74864 2.35008 3.93033 2.13131 2.12786 1.81177 1.59732 1.58343 1.40088 1.29306 1.2831 1.15958
threshold=2.4414009612931857 7.5000000000000009 2.381204734820658 4.4186017428302957 1.7500000000000002 3.0677824455408698 3.5833333333333335 4.5000000000000009 1.6480770926468293 3.0677824455408698 0.70520450683630642 3.1132683346437333 0.59695192210081038 1.4978661367769956
decision_type=2 2 2 2 2 2 2 2 2 2 2 2 2 2
left_child=1 -1 8 4 13 6 7 -6 12 -10 -5 -7 -3 -4
right_child=-2 2 3 10 5 11 -8 -9 9 -11 -12 -13 -14 -15
leaf_value=0.040980021811511606 -0.039640192613987567 -0.040020360339699128 -0.011671639249064149 0.038020474562823876 -0.052087402791239849 0.032062468877920837 0.016992616445230493 0.017903502155186667 0.026013626961720084 -0.022823699249688311 -0.0081802081701706723 -0.024794730491904532 0.01580419462410269 0.036641947664549548
leaf_weight=4.4053427074104539 1.1782484533978266 1.2712334197167394 1.2168451871548338 3.3918158365995614 7.7604192877442966 1.511610441062657 1.0373432555788884 0.54783207923173893 15.648328869265244 1.078204342702519 2.1398194821376819 0.74825412437712646 1.1310546522690854 3.10457581657829
leaf_count=138 155 470 19 48 9882 232 108 7 5033 813 1109 1328 406 65
internal_value=0.00789946 0.00997922 0.00570991 -0.00405081 -0.0137219 -0.0283048 -0.0380815 -0.0460447 0.0163167 0.0217556 0.0216323 0.0114057 -0.0168169 0.0234008
internal_weight=46.1709 44.9927 40.5873 21.4585 15.9269 11.6055 9.34559 8.30825 19.1288 16.7265 5.53164 2.25986 2.40229 4.32142
internal_count=19813 19658 19520 12798 11641 11557 9997 9889 6722 5846 1157 1560 876 84
is_linear=0
shrinkage=0.05


Tree=124
num_leaves=15
num_cat=0
split_feature=19 2 6 5 30 30 32 28 30 23 2 30 0 23
split_gain=1.76083 1.59276 1.31505 2.71749 1.29073 1.68735 1.60567 1.68067 1.2798 1.20387 1.19167 1.1599 1.12856 1.07317
threshold=7.5000000000000009 2.4414009612931857 3.1881110137345856 1.7500000000000002 1.8456444149686246 2.374575816842496 0.41428571428571431 0.38012086812396412 2.839658921357886 0.65614028182833561 2.4414009612931857 2.5846663682739295 0.89587973461402759 0.55852813495839204
decision_type=2 2 2 2 2 2 2 2 2 2 2 2 2 2
left_child=1 -1 3 12 13 -6 7 -7 10 -10 -9 -8 -2 -4
right_child=2 -3 4 -5 5 6 11 8 9 -11 -12 -13 -14 -15
leaf_value=0.040426662147215353 0.033201799556511202 -0.022782735320611504 -0.037776077497629373 -0.040864198509627553 0.022772498909702277 -0.04542940263752706 -0.018594086420165013 0.021323856708369129 -0.040037290775098627 0.0052715721695799633 -0.029225357490622956 0.027688249075899077 -0.021168584130065671 0.0049525629806626351
leaf_weight=4.1151148267090312 1.9245502464473241 0.55280779022723425 2.0607743958644269 3.9397712535756 11.274703224265979 1.8502614293793183 0.99330852077400678 5.1822498501496721 2.1299813647201518 2.3729852982942248 0.52544316631247046 4.9157712358428398 0.60975707929173939 2.4354905474065163
leaf_count=143 33 13 214 14050 1356 684 208 768 909 453 90 614 10 250
internal_value=0.0041508 0.0302421 0.000461992 -0.0185756 0.0045444 0.00848037 -0.00121451 -0.0114673 -0.00180964 -0.0195413 0.0130071 0.0183431 0.0178321 -0.0179412
internal_weight=44.883 4.66792 40.215 6.47408 33.741 29.2447 17.97 12.0609 10.2107 4.50297 5.70769 5.90908 2.53431 4.49626
internal_count=19795 156 19639 14093 5546 5082 3726 2904 2220 1362 858 822 43 464
is_linear=0
shrinkage=0.05


Tree=125
num_leaves=15
num_cat=0
split_feature=13 2 5 0 28 5 21 16 2 3 28 25 29 25
split_gain=2.28294 1.56205 3.11726 2.26841 2.12804 3.15875 1.15379 1.12574 1.10461 0.880707 0.836598 0.804378 0.691936 0.460211
threshold=4.5000000000000009 1.7005986908310777 1.7500000000000002 2.3502401828962087 0.39930705608374156 3.5833333333333335 0.77500000000000013 1.0000000180025095e-35 2.4414009612931857 1.2424533248940004 0.86953754185924237 3.1567740231385479 0.35330032829664554 3.0201273556387074
decision_type=2 2 2 2 2 2 2 2 2 2 2 2 2 2
left_child=1 2 -1 -3 6 7 -4 12 -5 -8 -7 13 -6 -11
right_child=-2 3 4 8 5 10 9 -9 -10 11 -12 -13 -14 -15
leaf_value=0.03253115210692846 0.038155247915181399 -0.053953074284070091 -0.025083921040012509 0.027819264127395972 0.0014544664511951235 0.035841583176649872 -0.021786689745485952 0.018626127402604376 -0.025508131122539468 0.012388058568930889 -0.015298076362285916 -0.020803823579488491 -0.03558306955705854 0.035296027294556213
leaf_weight=6.2726533124005064 3.2228712146170428 2.0732219264173173 1.283384698897861 1.5488687726901846 1.3373856832513382 2.2475169068056853 0.77124883591022886 0.58764275908470232 0.62913588010269439 9.6021273205769813 0.4385674074437701 0.52155988341473936 10.019985130358689 3.0015703368662789
leaf_count=214 97 539 1533 72 2092 49 6338 13 146 1479 627 188 6337 127
internal_value=0.00317674 -0.000473599 0.00315185 -0.025986 -0.00388516 -0.0169383 0.0089654 -0.0277446 0.00923581 0.0135827 0.0256068 0.0170563 -0.031457 0.0200371
internal_weight=43.5577 40.3349 36.0836 4.25123 29.811 14.6311 15.1799 11.945 2.178 13.8965 2.68608 13.1253 11.3574 12.6037
internal_count=19851 19754 18997 757 18783 9118 9665 8442 218 8132 676 1794 8429 1606
is_linear=0
shrinkage=0.05


Tree=126
num_leaves=15
num_cat=0
split_feature=13 25 25 4 0 30 16 25 6 30 6 23 3 30
split_gain=1.52368 1.20902 1.83961 1.40615 2.05877 1.90363 2.29093 1.74905 1.68805 1.17006 0.991637 0.974043 0.961871 0.828893
threshold=4.5000000000000009 2.8617925509761908 3.1567740231385479 4.2500000000000009 2.3502401828962087 2.374575816842496 1.0000000180025095e-35 2.740319461670996 4.4288206438694759 1.6703303154069353 3.9574317443096203 0.6971946466103689 1.2424533248940004 2.0022942843414344
decision_type=2 2 2 2 2 2 2 2 2 2 2 2 2 2
left_child=1 3 13 5 -5 7 8 9 12 -1 -6 -11 -7 -3
right_child=-2 2 -4 4 10 6 -8 -9 -10 11 -12 -13 -14 -15
leaf_value=-0.013880475219743942 0.036897018569090896 -0.011564987036924448 -0.017394578493329965 -0.054938392277168069 0.027666357892499167 -0.001617648631375871 0.031746995148691164 -0.029339862060910313 0.015396458915924383 0.03272453491249621 -0.024398014089854338 -0.0031329132229167642 -0.038447299051251597 0.032371302418575575
leaf_weight=1.4872956241997659 2.8841561635490498 0.71916235411481277 2.2156431974144644 1.727950172251439 1.3237255867570636 2.4879098039964429 1.7088181804865588 1.0937904891979986 2.0670865193242198 9.1541271767200652 0.56929129622585595 2.125612735770118 6.0639908687298885 7.6645782540181244
leaf_count=642 94 357 2325 468 13 6877 51 462 498 2692 84 1174 1950 2118
internal_value=0.00692294 0.00394419 0.0176446 -0.00134185 -0.0268056 0.00303531 -0.0108056 0.0152441 -0.0197962 0.0209175 0.00898765 0.0262625 -0.0290239 0.0277716
internal_weight=43.2931 40.409 10.5994 29.8096 3.62097 26.1886 12.3278 13.8608 10.619 12.767 1.89302 11.2797 8.5519 8.38374
internal_count=19805 19711 4800 14911 565 14346 9376 4970 9325 4508 97 3866 8827 2475
is_linear=0
shrinkage=0.05


Tree=127
num_leaves=15
num_cat=0
split_feature=19 7 5 0 6 7 6 23 23 23 25 8 7 32
split_gain=1.81239 1.77893 2.32983 1.23319 1.125 1.79795 1.64791 2.03659 1.37179 1.20961 1.15969 1.09658 0.864428 0.77875
threshold=7.5000000000000009 3.1919587132661058 1.7500000000000002 0.89587973461402759 5.2724682103148881 4.4186017428302957 3.7226998520434811 0.56510260450057836 0.385840179706951 0.71075305377562292 2.9174053685313028 1.377709388886337 3.8800433413825615 0.87500000000000011
decision_type=2 2 2 2 2 2 2 2 2 2 2 2 2 2
left_child=-1 2 3 -2 5 6 10 8 12 -9 -3 -7 -8 -11
right_child=1 4 -4 -5 -6 11 7 9 -10 13 -12 -13 -14 -15
leaf_value=0.036197642468087154 0.032879255526349099 0.003629500665058392 -0.038292331761876158 -0.022766754545433705 -0.027046912312758953 0.040282416743573544 -0.028656211018581779 0.02538783815393076 -0.047696269794207692 -0.030613303083380585 0.033603321987048615 -0.010848921754233493 0.01572311214618503 0.013798290698196448
leaf_weight=3.9298043604940167 1.8717445395886891 8.2027108659676831 4.0595203171833418 0.67739034393889586 1.136264576933171 5.3749968432821325 0.74302492020069477 3.8067984214867465 2.8489211626510951 1.4287870322295932 4.6379968057954093 0.81635735678719346 1.9640227912896078 0.90629261937283434
leaf_count=144 33 841 15756 81 1750 55 46 283 208 135 295 109 64 39
internal_value=0.00760682 0.00384356 -0.0180727 0.0158439 0.00880031 0.0109364 0.00430397 -0.00889437 -0.028512 0.0103593 0.0161015 0.0329694 -0.000902289 -0.0144073
internal_weight=42.4046 38.4748 6.60866 2.54913 31.8662 30.7299 24.5386 11.6978 5.55597 6.14188 12.8407 6.19135 2.70705 2.33508
internal_count=19839 19695 15870 114 3825 2075 1911 775 318 457 1136 164 110 174
is_linear=0
shrinkage=0.05


Tree=128
num_leaves=15
num_cat=0
split_feature=13 5 28 29 14 6 28 27 23 23 29 29 14 23
split_gain=1.89621 2.26431 1.8805 1.6564 1.72287 1.82912 1.64609 2.7307 1.124 1.46738 1.28284 0.916986 0.818689 0.733032
threshold=4.5000000000000009 1.7500000000000002 0.89727157876980923 0.79534143875311358 0.22448775294267295 4.2326788845792729 0.38383087070168082 0.56078050517723788 0.62000804389958808 0.32304519422201738 0.6187574228028504 0.9931910576958104 0.056920056398945658 0.65614028182833561
decision_type=2 2 2 2 2 2 2 2 2 2 2 2 2 2
left_child=1 2 -1 4 6 -6 8 -8 9 -3 12 -4 -11 -9
right_child=-2 3 11 -5 5 -7 7 13 -10 10 -12 -13 -14 -15
leaf_value=0.040065116957486907 0.036086696286131897 -0.020192682250067862 0.0085222696730960883 -0.039748241975799251 -0.042352908163435274 0.016715992760386086 -0.044281906844670475 -0.0062218338087524326 -0.019316082683201449 -0.012635110555654021 -0.020000902759763267 -0.031089726406250792 0.041112213594116209 0.02448859898385141
leaf_weight=4.0150983497151156 2.646819475805386 0.95590186975824476 4.9685718313994585 2.8783176775868915 3.7295256864563262 1.1921605160896431 2.8850469963836058 3.5823947679928096 1.0471778783758043 0.336113134111656 0.49234498832083762 0.93631816995184625 6.3393996219092514 2.5683104877425649
leaf_count=110 95 1180 682 3291 2791 33 2403 2061 3077 2345 436 49 143 1121
internal_value=0.00172292 -0.00171744 0.0175455 -0.0094427 -0.00418014 -0.0276382 0.00326996 -0.0112762 0.0173013 0.0236212 0.031221 -0.00135177 0.0371124 0.00823304
internal_weight=38.5735 35.9267 9.91999 26.0067 23.1284 4.92169 18.2067 9.03575 9.17094 8.12376 7.16786 5.90489 6.67551 6.15071
internal_count=19817 19722 841 18881 15590 2824 12766 5585 7181 4104 2924 731 2488 3182
is_linear=0
shrinkage=0.05


Tree=129
num_leaves=15
num_cat=0
split_feature=28 27 0 7 27 28 13 13 6 19 27 0 27 6
split_gain=1.47291 3.64732 1.93883 0.960165 0.810683 1.76848 1.47605 0.796686 0.752109 0.650118 0.80715 0.798581 1.04133 0.819251
threshold=0.34333339583372402 0.10686784993773017 0.89587973461402759 3.1919587132661058 0.53670502298940892 0.38383087070168082 4.5000000000000009 4.5000000000000009 3.699446240432394 1.5000000000000002 0.49329925435954708 1.4978661367769956 0.96556199512184226 5.2724682103148881
decision_type=2 2 2 2 2 2 2 2 2 2 2 2 2 2
left_child=1 3 4 -1 5 8 -7 -3 -2 -4 -11 -12 13 -13
right_child=2 7 9 -5 -6 6 -8 -9 -10 10 11 12 -14 -15
leaf_value=-0.011852804710121109 -0.013841738940907643 -0.046487551459240328 0.021391530956034851 0.035020180396567714 0.022879142431762062 -0.037211969122234255 0.021806009657891243 0.011316919194673213 0.036543455612849399 0.021771707189986739 -0.036638007377842507 0.01938464870918534 -0.028052875138220149 -0.021934788355317897
leaf_weight=1.0154319442299304 0.393383439459288 3.8377227237397165 0.74145473353564639 2.3955191838904284 16.986753473771387 2.4031921804526069 0.76644508726894844 0.28862272389233101 2.129672642389778 0.68717945144453452 2.3885731554655631 3.3795368669525487 2.0131692076320178 0.73151988178869931
leaf_count=2617 685 5643 21 64 5080 2652 23 5 78 36 1829 52 152 771
internal_value=0.0052339 -0.013504 0.0098363 0.0215426 0.0176729 0.00104021 -0.0211338 -0.0410255 0.0269886 -0.00802255 -0.0122579 -0.0170048 -0.00527956 0.00917917
internal_weight=40.1582 7.5373 32.6209 3.41095 22.6794 5.69269 3.16964 4.12635 2.52306 9.94143 9.19998 8.5128 6.12423 4.11106
internal_count=19708 8329 11379 2681 8518 3438 2675 5648 763 2861 2840 2804 975 823
is_linear=0
shrinkage=0.05


Tree=130
num_leaves=15
num_cat=0
split_feature=19 0 23 7 7 5 6 7 30 23 23 29 32 30
split_gain=1.83145 1.64888 1.09355 1.0353 1.26426 1.2283 1.05411 0.988513 0.920765 0.763592 1.17549 0.803261 1.23196 1.11987
threshold=7.5000000000000009 0.89587973461402759 0.47453067244967734 3.9674747795034579 4.1728935973770644 1.7500000000000002 4.4288206438694759 3.3630845931548374 2.6812169785445792 0.48502956425772725 0.53067799605762567 0.67370179345914905 0.87500000000000011 2.885335451430616
decision_type=2 2 2 2 2 2 2 2 2 2 2 2 2 2
left_child=-1 2 3 5 -5 -2 -6 -3 -9 -4 -11 12 13 -12
right_child=1 7 9 4 6 -7 -8 8 -10 10 11 -13 -14 -15
leaf_value=0.035370519519183234 0.019791055414197324 -0.041668948095734057 0.039576944706592981 0.030413280792027736 -0.036255039665985971 -0.034943478583962899 0.016945526719026518 0.0084793420481853524 -0.025200802563774993 -0.023261809681300538 0.01988375527609117 0.027837730340381308 -0.027275890992769475 -0.018884654318872984
leaf_weight=3.7627536319196215 0.64845969155430827 1.6945119561605659 1.7395788551039029 2.1300363497866783 1.151807421789272 3.0770535662522915 0.85101890543592151 4.3905981685747975 2.3023521171198809 1.4846324964564726 7.7531524208316114 5.6474678213016878 1.4524817118981452 1.5167945043795041
leaf_count=150 14 1052 234 28 23 4893 228 1002 838 1252 4191 2183 1390 2450
internal_value=0.00622315 0.00228599 0.00822446 -0.00691937 0.00945813 -0.0232444 -0.0155345 -0.0159565 -0.00487631 0.0143391 0.00991149 0.0140861 0.00508624 0.0123191
internal_weight=39.6027 35.8399 27.4525 7.85838 4.13286 3.72551 2.00283 8.38746 6.69295 19.5941 17.8545 16.3699 10.7224 9.26995
internal_count=19928 19778 16886 5186 279 4907 251 2892 1840 11700 11466 10214 8031 6641
is_linear=0
shrinkage=0.05


Tree=131
num_leaves=15
num_cat=0
split_feature=13 29 25 5 4 0 25 6 5 30 29 29 6 16
split_gain=1.40804 1.46307 1.59822 1.69515 2.18378 1.94733 1.46008 1.22674 1.53511 1.208 1.06715 1.54583 0.853985 0.802056
threshold=4.5000000000000009 0.36142941330539552 2.8617925509761908 1.7500000000000002 4.2500000000000009 2.3502401828962087 3.1132683346437333 4.5033188460601865 3.5833333333333335 2.885335451430616 0.40492945346980941 0.39687275926008797 3.9574317443096203 0.038446036121673098
decision_type=2 2 2 2 2 2 2 2 2 2 2 2 2 2
left_child=1 9 3 4 -3 -6 -4 8 10 -1 11 -5 -7 -12
right_child=-2 2 6 7 5 12 -8 -9 -10 -11 13 -13 -14 -15
leaf_value=0.02762792836051238 0.036542626994982154 0.027900792935526504 0.027505898087942598 -0.03386548541858847 -0.051178738053087848 0.028298387928153493 -0.0099080125844709845 0.012396367148814216 0.020495655589147389 -0.01852651058605485 -0.042974113320528473 0.027638147242712321 -0.02150980496960532 0.011918233992112327
leaf_weight=7.8561962166677386 2.7932885447517029 4.7462350713904042 6.3647878367846698 0.85792248148936812 1.3201073007876405 1.3768407292664049 3.3903983906711801 1.9128263720413077 0.92001876499853175 0.96649245796652383 7.3268886292098614 1.2697396058720185 0.46799691172782321 0.3106020689010619
leaf_count=4798 104 133 1410 556 383 16 1921 719 51 2403 7093 129 90 7
internal_value=0.00737537 0.0044314 -0.00097889 -0.00881853 0.00867099 -0.0199416 0.0147905 -0.0196314 -0.0259351 0.0212005 -0.0318071 -6.01246e-05 0.0125436 -0.0396204
internal_weight=41.8803 39.0871 30.2644 20.5092 7.91118 3.16494 9.75519 12.598 10.6852 8.82269 9.76515 2.12766 1.84484 7.63749
internal_count=19813 19709 12508 9177 622 489 3331 8555 7836 7201 7785 685 106 7100
is_linear=0
shrinkage=0.05


Tree=132
num_leaves=15
num_cat=0
split_feature=14 3 4 4 25 13 28 14 25 28 27 14 30 27
split_gain=1.64171 1.1895 1.67096 2.17447 0.936685 0.907348 0.861794 0.707377 1.58171 2.30517 1.79138 1.04851 0.953894 0.879653
threshold=0.05552986400791847 1.4978661367769956 4.2500000000000009 9.5000000000000018 3.1567740231385479 4.5000000000000009 0.82004012759363809 0.11903714941306653 2.8617925509761908 0.53337659528444747 0.047316813222543073 0.16646440015866479 2.2602776356749144 0.70520450683630642
decision_type=2 2 2 2 2 2 2 2 2 2 2 2 2 2
left_child=1 5 6 -4 7 -1 -3 13 9 10 -9 -12 -10 -2
right_child=4 2 3 -5 -6 -7 -8 8 12 -11 11 -13 -14 -15
leaf_value=-0.034498953868774662 0.03412044481336831 -0.019142283798449601 -0.048432903565470586 0.012349309470024099 -0.019933030388826729 0.016100067043215774 0.02418685707478678 0.020476295789542895 -0.011162230948087985 0.019729279465240356 -0.0015362451181126125 -0.047519862085100339 0.038433864708439062 -0.014910687829363656
leaf_weight=3.6836157691941471 6.0426523924725251 0.61371481133028094 1.9325413958285933 2.3141715513629606 1.1353359790809907 0.47195529378950585 5.5956729286117479 1.35709956540086 0.71800033887120562 6.1077034819536493 1.8892517270796814 3.0321667386924673 4.2921256233530585 0.48094473487435596
leaf_count=14034 281 613 587 144 414 17 339 238 120 864 142 1731 320 42
internal_value=0.00595014 -0.00706821 0.00240349 -0.0192699 0.0135221 -0.0267441 0.0178432 0.0158461 0.00960343 -0.000564167 -0.0203038 -0.033108 0.0306516 0.0290043
internal_weight=39.667 14.6117 10.4561 4.24671 25.0553 4.15557 6.20939 23.9199 17.3963 12.3862 6.27852 4.92142 5.01013 6.5236
internal_count=19886 15734 1683 731 4152 14051 952 3738 3415 2975 2111 1873 440 323
is_linear=0
shrinkage=0.05


Tree=133
num_leaves=15
num_cat=0
split_feature=0 27 30 30 0 7 6 27 27 13 30 30 16 6
split_gain=1.72704 2.4057 1.71746 1.40445 1.11298 1.63414 1.34471 0.819 2.70278 1.43188 0.72086 0.65481 0.653874 0.640004
threshold=0.89587973461402759 0.28752038980169214 2.6578760701179731 3.069904172084724 2.3502401828962087 4.1184654580375586 3.9574317443096203 0.53670502298940892 0.38562485961776977 4.5000000000000009 1.365693133521547 2.6697368473953866 1.0000000180025095e-35 5.2724682103148881
decision_type=2 2 2 2 2 2 2 2 2 2 2 2 2 2
left_child=1 2 -1 7 5 -2 -6 8 -3 -10 -9 -4 -5 -12
right_child=4 3 11 12 6 -7 -8 10 9 -11 13 -13 -14 -15
leaf_value=-0.038221237327942748 -0.043779349461655952 0.028742335375182594 0.030156115367083011 -0.018007817451333355 0.031760203895824089 0.0012578991588445166 -0.02568551052535957 -0.011391454302862503 -0.03819840104334582 0.020953831423454028 0.036130435678961924 -0.011822477623449373 0.019915494533863848 -0.011579801910908315
leaf_weight=2.8663097963326463 3.1087538131214369 5.6613219618484489 1.1235533755861982 3.0778318072516408 1.7899929992854597 3.8445983369092573 0.70319307567115164 0.47952720403918547 2.4399696224754739 0.71542824245989312 10.691557096441098 0.91846703642659111 0.65747359488159407 0.30105063306837188
leaf_count=4291 1503 1665 83 3606 19 1190 219 160 1924 23 1895 2652 26 559
internal_value=0.00535168 0.0113477 -0.0180115 0.0178261 -0.012341 -0.0218505 0.0128431 0.0228526 0.00977978 -0.0229717 0.0313099 0.0135953 -0.00853661 0.0339672
internal_weight=38.379 28.9325 4.90833 24.0242 9.44654 6.95335 2.49319 20.2889 8.81672 3.1554 11.4721 2.04202 3.73531 10.9926
internal_count=19815 16884 7026 9858 2931 2693 238 6226 3612 1947 2614 2735 3632 2454
is_linear=0
shrinkage=0.05


Tree=134
num_leaves=15
num_cat=0
split_feature=6 7 6 25 30 7 30 8 7 2 0 13 6 12
split_gain=1.2801 1.71561 1.24956 1.43167 1.10641 1.05904 1.06643 0.93558 0.911793 0.913669 3.07749 0.81555 0.615606 0.55163
threshold=5.2724682103148881 4.4186017428302957 3.7226998520434811 1.8688348091416842 2.4268090727342155 4.0622605259338789 2.3552523625041273 2.3539455879930977 2.2442411583132738 0.89587973461402759 2.3502401828962087 4.5000000000000009 4.1764197098782452 0.87500000000000011
decision_type=2 2 2 2 2 2 2 2 2 2 2 2 2 2
left_child=1 2 8 4 -4 11 13 -3 -1 -10 -11 -5 -8 -7
right_child=-2 7 3 5 -6 6 12 -9 9 10 -12 -13 -14 -15
leaf_value=-0.019496101957307166 -0.028993015343261326 0.037802052129841626 0.03159169624531917 -0.042466247143627275 -0.013841667505550612 -0.034415115603470443 0.03038325028767816 -0.015172208117568024 0.020556975549787613 -0.038462734495684686 0.032745788410725743 0.012609710823817061 -0.011721889469986264 0.012018453179135651
leaf_weight=1.2690436400625973 1.3075842280086352 5.4493773771682745 2.3024980274276445 3.3638110138090274 1.5042301012945243 1.3037333825559474 1.6433430254983252 0.41420267827925261 14.493544997472783 2.1574651532391718 1.9360656905919311 0.33416315633803595 0.65103436038771167 0.31450002174824465
leaf_count=10958 1946 115 213 897 272 45 41 87 4217 874 20 7 91 9
internal_value=0.00768303 0.00970075 0.00457387 -0.00816178 0.014494 -0.0198612 -0.00051396 0.0323946 0.0119371 0.014969 -0.00496727 -0.0358647 0.0185043 -0.0242473
internal_weight=38.4446 37.137 31.2734 11.4173 3.80673 7.61058 3.91261 5.86358 19.8561 18.5871 4.09353 3.69797 2.29438 1.61823
internal_count=19792 17846 17644 1575 485 1090 186 202 16069 5111 894 904 132 54
is_linear=0
shrinkage=0.05


Tree=135
num_leaves=15
num_cat=0
split_feature=20 14 5 4 7 29 13 5 7 31 6 6 30 14
split_gain=1.40667 1.16216 1.51656 1.32329 1.29185 1.47651 1.37472 1.9337 1.04375 0.96166 0.894383 0.881883 0.773097 1.90266
threshold=1.0000000180025095e-35 0.056920056398945658 3.5833333333333335 9.5000000000000018 4.4186017428302957 0.59522452082315269 4.5000000000000009 1.7500000000000002 4.321497902261858 1.9852208169875587 3.9574317443096203 3.7226998520434811 2.2738506859561105 0.25159249160243785
decision_type=2 2 2 2 2 2 2 2 2 2 2 2 2 2
left_child=1 2 3 8 5 12 7 -7 9 -1 -5 -4 -3 -14
right_child=-2 4 11 10 -6 6 -8 -9 -10 -11 -12 -13 13 -15
leaf_value=-0.041384905189202521 0.036248455542729485 0.022103800497108674 0.034343528288437106 0.030660732990837214 0.032965357436513937 0.022401155460829093 0.023219339325840277 -0.043691103601600945 0.0012422493484656261 0.0056067753014516592 -0.020646507435400859 -0.016739896533792053 -0.022549905274814888 0.022647066260561694
leaf_weight=5.1551948975538817 2.5989105906337491 7.4692172223440192 1.938813670742092 1.5056651849299658 3.8937421757727853 0.79785799607634533 0.85792771168053139 3.286806552863708 2.932573505131586 1.0558488452516028 0.4546204924408811 0.49322154003311869 3.6813468101936451 3.6330485798534937
leaf_count=13131 121 710 13 16 56 14 21 1203 1327 478 127 662 459 1606
internal_value=0.00635179 0.00336543 -0.00795234 -0.0158236 0.00991089 0.00398923 -0.0174808 -0.0289146 -0.0234946 -0.0337268 0.0158068 0.0221247 0.01182 -7.68509e-05
internal_weight=39.7548 37.1559 13.5359 11.1039 23.6199 19.7262 4.94259 4.08466 9.14362 6.21104 1.96029 2.43204 14.7836 7.3144
internal_count=19944 19823 15754 15079 4069 4013 1238 1217 14936 13609 143 675 2775 2065
is_linear=0
shrinkage=0.05


Tree=136
num_leaves=15
num_cat=0
split_feature=20 28 27 13 6 30 28 29 6 30 30 6 29 5
split_gain=1.51434 1.14198 1.44241 1.63797 2.0139 1.378 1.59979 1.37062 1.39489 1.38529 1.20596 0.95379 0.849526 0.621002
threshold=1.0000000180025095e-35 0.62408795300147479 0.32316875326443079 4.5000000000000009 4.4288206438694759 1.6925026597870694 0.087726770076810442 0.9931910576958104 5.2724682103148881 3.4411679435429128 1.5970786018174881 3.1881110137345856 0.31360927477617201 1.7500000000000002
decision_type=2 2 2 2 2 2 2 2 2 2 2 2 2 2
left_child=1 2 5 4 12 -1 11 8 9 10 -3 -7 -4 -11
right_child=-2 7 3 -5 -6 6 -8 -9 -10 13 -12 -13 -14 -15
leaf_value=0.03775099884709035 0.035228983786827282 -0.013262482155864272 0.001512570730289713 0.023282890474430232 0.014870493085189515 -0.020153873711136285 -0.032410032872151516 -0.025894983817907842 -0.026906728207526539 0.015656175067104521 0.028176459914225432 0.028510046479521739 -0.049938315128195077 -0.0280379084465497
leaf_weight=1.462823772450063 2.3485301919281474 1.4346931986692713 0.86341966658073932 0.89901699242182065 1.3858094851093481 0.62618608222328509 2.1704733173573914 1.669498463430499 1.1041648701866495 0.44323320686817158 11.778527407241198 2.2940562677031267 4.8315487451291119 1.5000016289814073
leaf_count=42 110 240 1837 24 185 2130 5613 96 1793 3 2291 77 3886 1519
internal_value=0.0032151 -8.44582e-05 -0.0101297 -0.0232418 -0.0312991 0.00679928 -0.0068326 0.00816273 0.0129571 0.0173469 0.0230605 0.0155959 -0.043077 -0.0161385
internal_weight=34.812 32.4635 14.5333 7.97979 7.08078 6.55354 5.09072 17.9301 16.2606 15.1565 13.2132 2.92024 5.69497 1.94323
internal_count=19846 19736 13794 5932 5908 7862 7820 5942 5846 4053 2531 2207 5723 1522
is_linear=0
shrinkage=0.05


Tree=137
num_leaves=15
num_cat=0
split_feature=6 7 28 28 6 13 4 0 7 28 25 23 6 30
split_gain=1.01647 1.31618 1.11225 2.01442 1.7948 1.88617 1.10334 1.54577 1.29284 1.0357 1.235 1.0214 0.998534 0.941134
threshold=4.9339566026354147 4.4186017428302957 0.824547970038222 0.32268354953415196 4.0231389717980077 4.5000000000000009 1.4166666666666667 2.3502401828962087 3.9674747795034579 0.30193507888796345 3.0201273556387074 0.6172892742097047 4.1764197098782452 3.8086306038254105
decision_type=2 2 2 2 2 2 2 2 2 2 2 2 2 2
left_child=1 2 3 9 5 -5 13 8 -8 10 11 -1 -6 -4
right_child=-2 -3 6 4 12 -7 7 -9 -10 -11 -12 -13 -14 -15
leaf_value=-0.029948163704757176 -0.020297936824894364 0.030911995491542506 0.039634176476075152 -0.043104923194521923 0.019303687782850271 0.021491461962633115 -0.034308212801791048 0.030046497367197635 0.021323279606947274 0.037874439791263224 0.026964058305715955 0.011171812059288329 -0.015804561481264582 -0.010359863092502647
leaf_weight=2.2963541652243347 2.3206913445828823 4.7261711812461717 4.2651412683408108 5.01762890212194 3.4959071572848188 0.74797056149691332 2.3884704398806211 1.5765177961438892 0.72177643515169609 2.3119751005906437 2.2687140638008714 2.0463314700391493 2.7210964041660191 0.71091404723483709
leaf_count=3577 2018 156 235 7848 267 27 589 19 7 470 1035 2910 383 427
internal_value=0.00656419 0.00884099 0.00455754 -0.0020522 -0.0149312 -0.0327869 0.0177093 -0.000373342 -0.0193513 0.015004 0.00308105 -0.0121075 0.00387658 0.0319533
internal_weight=37.6157 35.295 30.5688 20.906 11.9826 5.7656 9.66282 4.68676 3.11025 8.92337 6.6114 4.34269 6.217 4.97606
internal_count=19968 17950 17794 16517 8525 7875 1277 615 596 7992 7522 6487 650 662
is_linear=0
shrinkage=0.05


Tree=138
num_leaves=15
num_cat=0
split_feature=17 23 7 7 6 6 6 6 13 28 27 23 28 28
split_gain=1.73269 1.31806 0.862054 1.02957 1.2041 0.806197 2.09257 1.0652 0.938528 0.666379 0.732807 0.560108 0.790883 0.409695
threshold=0.034164847447458499 0.47453067244967734 3.1717757263905457 3.2162712959246451 3.4076999143293958 3.7226998520434811 4.0857123850075974 4.9339566026354147 4.5000000000000009 0.53337659528444747 0.56078050517723788 0.57711961881831575 0.82004012759363809 0.5462682864368259
decision_type=2 2 2 2 2 2 2 2 2 2 2 2 2 2
left_child=1 9 -3 -4 -5 11 8 13 -7 -1 -11 -6 -13 -8
right_child=-2 2 3 4 5 6 7 -9 -10 10 -12 12 -14 -15
leaf_value=-0.038797088631519788 0.032511456853173588 -0.019456538038061404 0.032237292268339553 -0.03434726770307199 0.029924525464693853 -0.040572481617198612 0.0013510825016400947 -0.018621567003414899 0.014739525868406086 0.02074948813561692 -0.016795635892612629 -0.02494816309564683 0.019247379008812397 0.027329231814359586
leaf_weight=2.5512348937336382 2.4095396762713781 3.244570963830486 2.0261647166589709 1.1901294632916712 3.187665486038898 2.8098956741923753 2.2941223340530978 1.544603150898183 0.41484687477350224 0.82052593795742712 4.0579164392147504 0.86413315466052187 1.2179829438100567 4.2122649269440444
leaf_count=3554 119 11015 89 370 145 306 145 1370 11 128 1941 273 18 223
internal_value=-0.00139074 -0.00502352 0.00112611 0.00527982 0.000643863 0.00497495 -0.00278675 0.0109947 -0.0316523 -0.0219408 -0.00802525 0.0193783 -0.00123822 0.0195697
internal_weight=32.8456 30.4361 23.0064 19.7618 17.7356 16.5455 11.2757 8.05099 3.22474 7.42968 4.87844 5.26978 2.08212 6.50639
internal_count=19707 19588 13965 2950 2861 2491 2055 1738 317 5623 2069 436 291 368
is_linear=0
shrinkage=0.05


Tree=139
num_leaves=15
num_cat=0
split_feature=27 30 19 30 28 25 29 28 25 25 6 13 30 30
split_gain=1.18236 1.48163 1.2822 1.17958 1.1922 2.54376 1.03862 1.5826 1.52353 0.995241 0.907823 0.721185 0.678596 0.617011
threshold=0.96556199512184226 3.0543831793934033 7.5000000000000009 3.062678130647996 0.30193507888796345 3.0201273556387074 0.36142941330539552 0.62408795300147479 1.8688348091416842 3.1132683346437333 5.2724682103148881 4.5000000000000009 2.885335451430616 1.5970786018174881
decision_type=2 2 2 2 2 2 2 2 2 2 2 2 2 2
left_child=2 -2 -1 4 5 -4 12 8 -8 -7 13 -10 -6 -9
right_child=1 -3 3 -5 6 9 7 10 11 -11 -12 -13 -14 -15
leaf_value=0.036208494308343116 -0.042188167051777796 0.017566657657007868 -0.040182473217328478 -0.020802423138615415 0.034822646078060127 0.034383487552788881 0.014955257804637573 -0.0060414689954224922 -0.038132211937404563 -0.019104579710545119 -0.020833855877392841 0.012610869778184999 -0.013133083934589423 0.025062623368600413
leaf_weight=2.5909097837284198 1.7488935921210207 0.95956435893094738 2.6054721481778023 3.1290683953448015 4.9749117769024478 1.8805464619690613 2.155691081887201 1.4920352448862075 3.1331124419048142 0.50043200616346428 0.69351677820668634 0.34313895017839957 0.3212068684370023 8.956481179877299
leaf_count=131 459 228 6080 4396 1446 266 1008 248 2147 684 1111 9 311 1325
internal_value=0.00505732 -0.0219897 0.00787719 0.00436235 0.00791035 -0.0124445 0.0128494 0.00594831 -0.0140943 0.0208159 0.0164056 -0.0314251 0.0302902 0.0204813
internal_weight=35.485 2.70846 32.7765 30.1856 27.0565 4.98645 22.0701 16.774 5.63194 2.38098 11.142 3.47625 5.29612 10.4485
internal_count=19849 687 19162 19031 14635 7030 7605 5848 3164 950 2684 2156 1757 1573
is_linear=0
shrinkage=0.05


Tree=140
num_leaves=15
num_cat=0
split_feature=27 30 19 5 14 0 7 23 14 14 6 23 30 30
split_gain=1.08929 1.69124 1.33783 0.887719 1.72208 1.54553 1.33297 0.790094 0.960086 0.902178 0.728739 0.67437 1.82741 0.756707
threshold=0.9731042786738352 3.1832118886033336 7.5000000000000009 1.7500000000000002 0.29647069744014076 0.89587973461402759 2.9421514417660002 0.47733982948708442 0.19808314489709036 0.14488015981396343 5.2724682103148881 0.6802189868331423 2.0447141586999069 1.6703303154069353
decision_type=2 2 2 2 2 2 2 2 2 2 2 2 2 2
left_child=2 -2 -1 10 5 6 -5 8 9 -8 -4 13 -13 -9
right_child=1 -3 3 4 -6 -7 7 11 -10 -11 -12 12 -14 -15
leaf_value=0.037784524051487377 -0.042886837226136239 0.020317335915707512 0.028355454406283915 -0.02748214012971294 -0.033708611156539919 -0.03127323614138082 -0.0090868163679044666 -0.015338621715656302 -0.031571025387967203 0.029481835311305177 -0.015749305729940499 0.029692369909141883 -0.024114853943141001 0.028400799291984233
leaf_weight=3.0403207847848526 1.5279349425363755 1.0356501014866806 5.2155829936818945 1.2142267821636874 1.9623441659678054 1.481371040263183 2.611491873489288 0.4657769558034478 1.0061792031920047 1.7532622460275886 0.44693507807096455 2.0285035783090271 2.2993237522241543 10.581516232974534
leaf_count=145 400 150 79 11733 2894 1763 627 47 18 15 639 128 504 752
internal_value=0.00803212 -0.018817 0.0105287 0.00676618 0.00240534 0.00668396 0.010495 0.0138793 -0.00235175 0.00901332 0.023033 0.0193465 0.00194465 0.0254365
internal_weight=36.6704 2.56359 34.1068 31.0665 25.404 23.4417 21.9603 20.7461 5.37093 4.36475 5.66252 15.3751 4.32783 11.0473
internal_count=19894 550 19344 19199 18481 15587 13824 2091 660 642 718 1431 632 799
is_linear=0
shrinkage=0.05


Tree=141
num_leaves=15
num_cat=0
split_feature=19 29 29 30 14 7 30 14 0 14 5 27 7 27
split_gain=1.19751 1.38799 1.21678 1.17837 1.12842 1.07074 0.973158 0.854281 0.608363 0.593726 0.756047 0.993954 0.588816 0.526724
threshold=7.5000000000000009 0.30973942003438765 0.36922186609686619 2.885335451430616 0.22051435730853819 3.1717757263905457 1.9071755012240892 0.16646440015866479 0.89587973461402759 0.14488015981396343 3.5833333333333335 0.95817244085195552 3.9179919320456364 0.86319267648528408
decision_type=2 2 2 2 2 2 2 2 2 2 2 2 2 2
left_child=-1 -2 3 -3 5 -4 -6 9 -8 10 11 12 -7 -12
right_child=1 2 4 -5 6 7 8 -9 -10 -11 13 -13 -14 -15
leaf_value=0.031982286977008466 -0.031910108126136115 0.035893612013041032 -0.034292020028576405 -0.018913773107487 -0.015520732792469639 -0.029138131872180895 0.028137288619445217 -0.031065679539789105 -0.013920009013817142 0.02485992186904052 0.031223865729865699 0.017604503289787781 -0.0031108639213908076 -0.012509821098872451
leaf_weight=2.8554384782910338 1.7304418591775199 3.8730146916896073 1.9014049112665876 0.56057052433970955 1.2750000456071564 3.0437346689359384 5.5860164450496086 1.0772824624873454 0.38000080509664247 1.6066903613391321 1.5347202698758327 2.2674870390837887 5.2928177290523308 0.33111692322563602
leaf_count=152 6133 709 7448 456 294 742 1211 34 277 19 17 416 1308 475
internal_value=0.00570439 0.00230273 0.00536744 0.0267584 0.000560537 -0.00645872 0.015871 -0.00105974 0.0238448 0.00314484 -0.00129094 -0.00688385 -0.0147167 0.0218058
internal_weight=33.3157 30.4603 28.7299 4.43359 24.2963 17.0553 7.24102 15.1538 5.96602 14.0766 12.4699 10.604 8.33655 1.86584
internal_count=19691 19539 13406 1165 12241 10459 1782 3011 1488 2977 2958 2466 2050 492
is_linear=0
shrinkage=0.05


Tree=142
num_leaves=15
num_cat=0
split_feature=14 28 14 27 31 30 5 2 9 6 13 27 6 6
split_gain=1.39455 0.890668 1.50488 2.84951 1.00392 0.93936 0.807062 0.805192 1.14683 1.05496 0.890589 0.851592 0.69553 0.679762
threshold=0.05552986400791847 0.53337659528444747 0.19631391732905409 0.087785303612859564 0.19824807535864375 3.306159024072342 3.5833333333333335 1.4978661367769956 1.0000000180025095e-35 3.5841285577673907 4.5000000000000009 0.95055854273140272 3.3408608595458582 3.7517567920960846
decision_type=2 2 2 2 2 2 2 2 2 2 2 2 2 2
left_child=6 2 -2 -4 5 -3 7 10 12 11 -1 -10 -9 -8
right_child=1 4 3 -5 -6 -7 13 8 9 -11 -12 -13 -14 -15
leaf_value=-0.035043920955378484 0.017699177633779789 0.033656349218295981 0.020870395026121261 -0.041858173829316891 -0.019623496343068886 -0.0070520093844889595 0.03021943860656744 -0.017017612493086417 -0.024697136063749771 -0.035141545578148643 0.015720865468566519 0.026819059088089223 0.027146272075131053 -0.01582252545900413
leaf_weight=3.6338156596539175 7.2564683887612791 8.0323039841459778 2.478517965937499 2.9844072418782162 0.54368914786027822 1.314601575140842 1.424586723311221 0.43126337381545488 0.33243787661194835 2.1141570076943026 0.45556049793958653 1.2101817866787312 2.6863744395668618 0.452998707685765
leaf_count=14110 509 687 501 1931 104 440 20 9 3 611 18 11 266 638
internal_value=0.00585263 0.0131017 0.00378666 -0.0145727 0.0236332 0.0278027 -0.00702833 -0.0123787 -0.000945931 -0.0178382 -0.0274109 0.0103702 0.0183879 0.0174728
internal_weight=35.3514 22.61 12.7194 5.46293 9.89059 9.34691 12.7414 10.8638 6.77441 3.65678 4.08938 1.54262 3.11764 1.87759
internal_count=19858 4172 2941 2432 1231 1127 15686 15028 900 625 14128 14 275 658
is_linear=0
shrinkage=0.05


Tree=143
num_leaves=15
num_cat=0
split_feature=30 6 7 31 28 30 14 30 19 23 13 29 7 12
split_gain=1.38068 0.89137 1.10033 0.964085 0.9453 1.03181 1.28199 1.15219 1.01972 0.796586 0.71579 1.06155 1.17241 0.67581
threshold=1.8312445948412206 5.2724682103148881 4.321497902261858 1.377709388886337 0.82004012759363809 2.381204734820658 0.14234667467131021 2.2085860340546035 7.5000000000000009 0.72778012617792631 4.5000000000000009 0.31360927477617201 3.7087654965137542 0.87500000000000011
decision_type=2 2 2 2 2 2 2 2 2 2 2 2 2 2
left_child=13 2 4 -4 5 6 9 -8 -7 -2 11 12 -10 -1
right_child=1 -3 3 -5 -6 8 7 -9 10 -11 -12 -13 -14 -15
leaf_value=-0.028738193808237628 -0.030451909673272444 -0.025482240018144697 0.03417536731275133 -0.01254880607021561 0.017046150927605742 0.021231668835499345 -0.010646035406445608 0.035149487431149547 -0.02879197774497156 0.014802482612227162 0.01537631068434815 -0.043699983922979066 0.022733005562519726 0.015148493917568048
leaf_weight=3.3482751974061098 1.7575292351921326 0.99983899459038994 5.0916625847021342 0.80656034071580496 7.4236192890275552 0.7287077512592165 1.4382409554273179 3.4298338210064685 1.0655628509557487 0.76248010832023272 0.4389235284179448 3.2198108428001433 1.3751318202193941 0.43250062037259329
leaf_count=1693 2743 1778 111 120 1285 17 576 360 4505 731 9 5916 51 20
internal_value=0.00347236 0.0074127 0.00945811 0.0268931 0.003728 -0.00388986 0.00856761 0.022111 -0.0167415 -0.016444 -0.0236298 -0.0285089 -0.00159205 -0.0215993
internal_weight=32.3187 28.5379 27.5381 5.89822 21.6398 14.2162 7.38808 4.86807 6.82814 2.52001 6.09943 5.66051 2.44069 3.78078
internal_count=19915 18202 16424 231 16193 14908 4410 936 10498 3474 10481 10472 4556 1713
is_linear=0
shrinkage=0.05


Tree=144
num_leaves=15
num_cat=0
split_feature=0 0 25 2 25 6 7 23 23 29 29 23 7 3
split_gain=1.51855 0.974515 0.865162 1.0445 0.832029 0.710919 0.679819 0.600208 1.05366 0.494125 0.552229 0.378789 0.373882 0.334878
threshold=0.89587973461402759 1.4978661367769956 1.2424533248940004 2.4414009612931857 3.1567740231385479 5.2724682103148881 2.0501146807920381 0.47157354738430385 0.35087609290579891 0.33738955921583991 0.63053509338191971 0.52720352371773316 4.4186017428302957 1.7005986908310777
decision_type=2 2 2 2 2 2 2 2 2 2 2 2 2 2
left_child=4 -2 -3 5 6 -4 -1 8 9 -8 -11 -5 -10 -9
right_child=1 2 3 11 -6 -7 7 13 12 10 -12 -13 -14 -15
leaf_value=-0.019005940688976083 -0.034911677782373939 -0.026233654623331899 0.031971549206404 0.01055042702092876 -0.019611051654633935 -0.0147121132088711 -0.011867671604636582 0.022657337223530416 -0.028379016801781773 0.029214309142910472 -0.0069907334439227161 -0.029551874461440943 0.0096228241291079833 -0.010412230201332764
leaf_weight=0.61310488075469649 1.9522161130516895 1.1633012143029189 2.8478684978472306 0.26055159882525891 1.0290888302188239 0.40714875403136819 0.7317484420673307 16.073387496577201 1.666011694122062 3.3119582918152446 0.95433424431030278 0.87045771897828672 0.3123015378077979 0.25361344407792685
leaf_count=9697 1920 116 67 6 1395 649 599 3911 581 314 219 147 69 156
internal_value=0.00695383 -0.0117007 0.000548562 0.0112038 0.0127983 0.0240469 0.014924 0.0165619 0.00360141 0.0152978 0.0213259 -0.0196978 -0.0211632 0.0215724
internal_weight=32.4471 7.50154 5.54933 4.38603 24.9455 3.25502 23.9165 23.3034 6.97635 4.99804 4.26629 1.13101 1.97831 16.327
internal_count=19846 2905 985 869 16941 716 15546 5849 1782 1132 533 153 650 4067
is_linear=0
shrinkage=0.05


Tree=145
num_leaves=15
num_cat=0
split_feature=13 6 6 14 23 16 14 2 0 28 23 28 6 29
split_gain=1.05912 1.13307 2.34286 1.06141 0.866616 0.723101 0.65692 0.531788 1.65819 0.717665 1.45531 1.14202 0.612011 0.523741
threshold=4.5000000000000009 3.7226998520434811 4.0231389717980077 0.1476094510282788 0.67758967269614601 0.07043583197337959 0.29992276023777087 0.89587973461402759 2.3502401828962087 0.82004012759363809 0.62000804389958808 0.38383087070168082 2.8788307172725802 0.59522452082315269
decision_type=2 2 2 2 2 2 2 2 2 2 2 2 2 2
left_child=1 7 5 -4 6 -3 -5 9 -9 10 11 12 -1 -14
right_child=-2 2 3 4 -6 -7 -8 8 -10 -11 -12 -13 13 -15
leaf_value=-0.01446133308297369 0.032557721677438915 -0.042105311737990293 -0.009430166213874264 0.034553657185405984 -0.01078543014013178 0.0115186745503955 -0.01043754471454408 -0.029869955473528872 0.027174774852302332 0.029921363337799739 -0.027531190250527839 -0.023100933452936991 0.029918476209787093 -0.012253439115761683
leaf_weight=0.4059150220964528 1.9161102105863381 3.7614103980868121 6.5515099345720937 3.6233699334043195 1.3784268020826855 0.29697909858077753 0.50783826596307324 1.9803142833261511 1.2575392853468654 3.9177992595250535 1.6492471657329586 0.83596306370964146 5.8694689544245193 0.28598476290608221
leaf_count=3711 96 747 2714 49 77 7 89 1150 14 819 6163 3057 916 241
internal_value=0.00369238 0.00105546 -0.00808371 0.00361009 0.0181829 -0.0366799 0.0280667 0.0100893 -0.00653013 0.0144104 0.00538348 0.0151265 0.022408 0.0265205
internal_weight=34.2379 32.3218 16.1195 12.0611 5.50964 4.05839 4.13121 16.2022 3.23785 12.9644 9.04658 7.39733 6.56137 6.15545
internal_count=19850 19754 3683 2929 215 754 138 16071 1164 14907 14088 7925 4868 1157
is_linear=0
shrinkage=0.05


Tree=146
num_leaves=15
num_cat=0
split_feature=13 23 28 30 0 14 3 27 30 25 14 25 28 29
split_gain=1.30452 1.04913 1.30584 1.29288 1.07924 0.890822 0.955657 0.814953 0.786831 0.621589 0.693858 1.64029 1.23232 1.08019
threshold=4.5000000000000009 0.66856559533419568 0.5462682864368259 1.6214223009987723 0.89587973461402759 0.056920056398945658 1.4978661367769956 0.96925742418901539 3.3396433811772126 3.1567740231385479 0.22448775294267295 2.8029010331479989 0.824547970038222 0.6187574228028504
decision_type=2 2 2 2 2 2 2 2 2 2 2 2 2 2
left_child=1 3 -3 -1 -4 6 -5 -8 -6 10 13 12 -12 -7
right_child=-2 2 4 5 8 9 7 -9 -10 -11 11 -13 -14 -15
leaf_value=-0.030657700236170805 0.033246431025536059 -0.039514703869261619 0.016109848789639697 -0.030212023658506972 -0.031368059479883768 0.031518157773284032 0.015416438998207611 -0.025643116540892453 0.014325732473514327 -0.014755638167046344 -0.036576823284522185 0.028786003290077241 0.016000394875384634 -0.0082478092502012625
leaf_weight=1.3992269532809611 2.033188712084665 2.4649952091149299 3.3708713914238615 1.7981232133352048 2.2525840484595396 7.7664084206444333 3.869875512600629 0.63946438100538205 0.65223319521101064 0.95762855112479961 2.0603219678960172 2.1169865703777759 1.038197800851776 1.6754408411761685
leaf_count=548 100 4055 1663 9115 651 339 943 156 87 296 1390 355 135 108
internal_value=0.00189977 -0.00103348 -0.0148718 0.00455119 -0.00109182 0.00803786 -0.00704784 0.00599621 -0.020067 0.0141889 0.0169017 0.00167335 -0.0193545 0.0243477
internal_weight=34.0955 32.0624 8.74068 23.3217 6.27569 21.9224 6.30746 4.50934 2.90482 15.615 14.6574 5.21551 3.09852 9.44185
internal_count=19941 19841 6456 13385 2401 12837 10214 1099 738 2623 2327 1880 1525 447
is_linear=0
shrinkage=0.05


Tree=147
num_leaves=15
num_cat=0
split_feature=27 14 3 27 25 30 30 28 28 4 2 16 14 28
split_gain=1.31071 1.11385 1.09429 0.989296 0.757407 0.733714 0.739855 0.422467 0.523392 0.727629 0.893784 0.374838 0.370742 0.805843
threshold=0.17282135079393179 1.0000000180025095e-35 1.4978661367769956 0.98244843891995137 3.1567740231385479 3.1182523740259862 1.6703303154069353 0.824547970038222 0.91395557961335894 9.5000000000000018 1.7005986908310777 0.082738958770738752 0.29647069744014076 0.824547970038222
decision_type=2 2 2 2 2 2 2 2 2 2 2 2 2 2
left_child=11 2 -2 7 5 6 -3 -4 -9 10 -10 -1 -8 -14
right_child=1 4 3 -5 -6 -7 12 8 9 -11 -12 -13 13 -15
leaf_value=-0.033763792601296132 -0.029942392405422277 -0.0083375573871496741 -0.014183931415061713 -0.025053175049779004 -0.014600155876162056 -0.0085763634248070836 0.027431360882196543 0.027676345752111687 0.01187642331438362 0.02356205526797012 -0.035593464232625667 0.0087579446241019161 -0.022723391654945996 0.022611833875516442
leaf_weight=1.5921995316639392 2.086890853131993 1.4356069766363457 0.57176683887155189 1.3020927313918944 1.2212142757343816 1.7906621121874184 12.812296457061162 3.2549441084556747 1.2195767522862304 1.1238222801184745 1.0251496506825786 0.21071215718984593 0.80066343667931583 1.1641404468246035
leaf_count=4332 10792 170 495 182 339 761 567 369 61 110 344 4 1188 116
internal_value=0.00561154 0.00843658 -0.00434349 0.00443417 0.0153396 0.0180319 0.0212983 0.0121763 0.0160138 0.000988923 -0.014091 -0.0274426 0.0245234 0.0027044
internal_weight=31.6117 29.8088 10.5842 8.49735 19.2246 18.0034 16.2127 7.19526 6.62349 3.36855 2.24473 1.80291 14.7771 1.9648
internal_count=19830 15494 12353 1561 3141 2802 2041 1379 884 515 405 4336 1871 1304
is_linear=0
shrinkage=0.05


Tree=148
num_leaves=15
num_cat=0
split_feature=13 30 25 25 28 28 28 7 14 0 30 30 28 16
split_gain=1.39469 1.38423 0.83298 0.987699 0.92468 0.750132 1.15581 0.988208 0.740719 0.662451 0.843147 0.804295 0.604279 0.463934
threshold=4.5000000000000009 1.9720755788670659 2.8617925509761908 3.1567740231385479 0.30193507888796345 0.39930705608374156 0.55505760190641473 3.7087654965137542 0.19307250269339882 0.89587973461402759 3.4411679435429128 3.1832118886033336 0.82004012759363809 0.1010307555000643
decision_type=2 2 2 2 2 2 2 2 2 2 2 2 2 2
left_child=1 -1 4 8 13 7 -7 -6 12 10 -8 -11 -4 -3
right_child=-2 2 3 -5 5 6 9 -9 -10 11 -12 -13 -14 -15
leaf_value=-0.028434750453195996 0.032117859239431411 -0.036731778922286559 -0.020385635083403124 -0.011745849494801942 -0.020292592277093263 -0.037328733520203029 0.021639565642687514 0.028776591734914782 0.035497052471098779 -0.022950882230489963 -0.016845746994530366 0.01687979805714316 0.018206146140037596 0.0095291997001984794
leaf_weight=3.9843093719264351 1.8649632250890125 1.9176575068067969 0.9688828291236854 2.1364621824723145 0.60756636695259603 1.4637314368319483 4.10189338296186 2.7810268748653471 3.2833032707567327 3.2285464551569021 1.1366116989192958 0.97584723620093416 1.0932126521183816 0.23378307744860638
leaf_count=2647 99 5518 1523 2043 1216 1827 1891 58 338 926 1254 252 350 5
internal_value=-0.00120281 -0.00446294 0.000509104 0.0133434 -0.00575958 -0.000331583 -0.00682435 0.0173594 0.0236419 0.00102586 0.0119275 -0.0122391 -0.000662158 -0.0302762
internal_weight=29.7778 27.9128 23.9285 7.48186 16.4467 14.2952 10.9066 3.38859 5.3454 9.4429 5.23851 4.20439 2.0621 2.15144
internal_count=19947 19848 17201 4254 12947 7424 6150 1274 2211 4323 3145 1178 1873 5523
is_linear=0
shrinkage=0.05


Tree=149
num_leaves=15
num_cat=0
split_feature=13 7 7 25 25 7 14 14 7 14 16 28 5 4
split_gain=0.987664 0.73511 1.48071 0.923475 0.75218 0.637372 0.61556 0.720485 0.570486 0.875981 0.830207 0.481115 0.472788 0.469698
threshold=4.5000000000000009 3.7442327417766639 4.0181259238190483 2.249904835165133 1.4978661367769956 2.9421514417660002 0.16530076646749856 0.25341851857701325 3.7087654965137542 0.99615729292963973 0.033955213309365607 0.71576230409534891 1.7500000000000002 9.5000000000000018
decision_type=2 2 2 2 2 2 2 2 2 2 2 2 2 2
left_child=1 3 -3 8 -4 12 -6 -8 9 10 13 -9 -5 -1
right_child=-2 2 4 5 6 -7 7 11 -10 -11 -12 -13 -14 -15
leaf_value=-0.037217261975571306 0.031002160276227344 -0.033207498697836416 0.018459723384815597 0.012941803801767468 -0.018525652136946996 0.020541874363766942 0.020754909523001439 -0.028892920452837791 0.016633893736142283 0.014113338479949304 0.015845146999601368 0.012180975965117202 -0.022953516407229584 0.0090880432402065652
leaf_weight=3.2262846930771119 1.6850353749468912 3.3621866735120411 3.19619949540356 0.80473520455052661 4.195980337641231 8.4192958154853823 2.3290466617909265 0.88893731631833339 1.0000630518552496 1.2707437348653909 0.45859714969992627 0.4415435052360408 1.0331025771520188 0.23539793024247035
leaf_count=7307 94 387 298 70 1863 1228 22 67 26 1107 11 20 7432 6
internal_value=0.00191395 -0.0005974 -0.00853639 0.0064502 0.00110178 0.0151175 -0.00724773 0.00688408 -0.0080148 -0.0146832 -0.0249888 -0.0158841 -0.00821411 -0.0327373
internal_weight=32.5471 30.8621 14.4139 16.4482 11.0517 10.2571 7.85551 3.65953 6.19109 5.19102 3.92028 1.33048 1.83784 3.46168
internal_count=19938 19844 2657 17187 2270 8730 1972 109 8457 8431 7324 87 7502 7313
is_linear=0
shrinkage=0.05


Tree=150
num_leaves=15
num_cat=0
split_feature=13 14 0 2 25 6 7 23 14 25 16 25 6 25
split_gain=1.14681 1.11811 0.844143 0.953487 0.950654 0.843646 1.49846 0.751663 1.33213 0.852566 0.689197 0.657167 0.65318 0.572481
threshold=4.5000000000000009 0.1162330617881263 1.4978661367769956 2.4414009612931857 1.4978661367769956 3.2109335079208243 4.4186017428302957 0.4794481826621973 0.26416805702315976 2.6735537653587347 1.0000000180025095e-35 2.6735537653587347 5.2724682103148881 1.0000000180025095e-35
decision_type=2 2 2 2 2 2 2 2 2 2 2 2 2 2
left_child=1 2 13 4 -4 11 7 9 10 -7 -9 -3 -6 -1
right_child=-2 5 3 -5 12 6 -8 8 -10 -11 -12 -13 -14 -15
leaf_value=0.0046580083170285466 0.031284725439336608 0.029130965248104376 -0.012541190970643252 -0.030112193014473848 0.033529834561582629 -0.015752659667594641 0.028701287775487 -0.04748581621206982 0.0090275420859106219 0.023769840381492949 0.010054243264096622 -0.0079496168808616853 -0.013395858040115678 -0.03021975499092058
leaf_weight=1.1452936282403294 1.7447952965740103 3.9781169688467335 1.9661267310984838 0.87947048400383199 2.5453605127913765 1.8083044266786585 1.9506000640103591 2.4965774727570538 1.5928422273318572 1.6926020208993575 0.24951622448861588 1.0939775292899865 0.35828510696956062 5.3557533998755389
leaf_count=2178 100 2089 120 147 62 134 37 135 396 70 5 900 640 12740
internal_value=0.000449918 -0.00257664 -0.0132216 0.00102029 0.0108149 0.00647775 -0.00237408 -0.012478 -0.0243621 0.00439122 -0.0409693 0.0211411 0.0257913 -0.0242735
internal_weight=28.8576 27.1128 12.2503 5.74924 4.86977 14.8625 9.79044 7.83984 4.33894 3.50091 2.74609 5.07209 2.90365 6.50105
internal_count=19753 19653 15887 969 822 3766 777 740 536 204 140 2989 702 14918
is_linear=0
shrinkage=0.05


Tree=151
num_leaves=15
num_cat=0
split_feature=6 7 6 8 6 7 7 23 23 12 5 23 23 23
split_gain=1.00112 1.06755 0.83727 0.790917 0.707639 1.45617 0.676681 0.616258 0.536915 0.530297 0.385944 0.758019 0.658116 0.649267
threshold=5.2724682103148881 4.4186017428302957 4.1764197098782452 1.431516576078939 3.9890246936720053 3.7754418671853878 2.2442411583132738 0.57025345248796799 0.68690961221787317 0.87500000000000011 3.5833333333333335 0.62000804389958808 0.68690961221787317 0.47157354738430385
decision_type=2 2 2 2 2 2 2 2 2 2 2 2 2 2
left_child=1 2 4 -3 5 6 -1 -4 -9 -7 11 13 -13 -8
right_child=-2 3 7 -5 -6 9 10 8 -10 -11 -12 12 -14 -15
leaf_value=-0.020083229557477808 -0.026145094464924547 0.036940194233359508 -0.031606371714738041 -0.0097077699192250899 0.024653147831721144 -0.03080697676026525 -0.0013152954671835054 0.021132595652877638 -0.017581941083527539 0.012147644056867154 0.031501533393947997 -0.027173769815705628 0.0068743416540395577 0.024554243406958137
leaf_weight=0.81472993171884667 1.0491661086816737 4.1555450884625307 1.4371086621267743 0.66739893829799246 4.768319835769943 2.4855818111282129 3.4891314252927206 1.0300284235672732 0.64543941836745933 0.33186474768444885 1.5935653422347975 1.4064332843991003 2.7286294289533544 6.2876391349236656
leaf_count=11330 1963 102 220 105 383 295 1479 148 152 13 25 797 1462 1418
internal_value=0.00847332 0.0103754 0.00594184 0.0299265 0.00921628 0.00433679 0.0103079 -0.0153331 0.00522142 -0.0238906 0.0130248 0.00893773 -0.00774284 0.0160566
internal_weight=32.8906 31.8414 27.0185 4.82294 23.9059 19.1376 16.3201 3.11258 1.67547 2.81745 15.5054 13.9118 4.13506 9.77677
internal_count=19892 17929 17722 207 17202 16819 16511 520 300 308 5181 5156 2259 2897
is_linear=0
shrinkage=0.05


Tree=152
num_leaves=15
num_cat=0
split_feature=23 2 18 25 27 29 7 27 13 27 6 27 6 14
split_gain=1.49206 1.15118 0.809218 0.697691 1.38774 0.713638 0.714171 0.722743 0.497028 0.563689 0.636948 0.512255 0.494258 0.467683
threshold=0.48274579741104501 2.4414009612931857 1.0000000180025095e-35 2.6735537653587347 0.5857100485949881 0.44477936942124968 3.2922444060077729 0.70038698198532157 4.5000000000000009 0.82431827782036649 4.4288206438694759 0.96556199512184226 4.9339566026354147 0.056920056398945658
decision_type=2 2 2 2 2 2 2 2 2 2 2 2 2 2
left_child=2 3 8 5 -5 13 -7 -8 9 10 -1 -11 -9 -2
right_child=1 -3 -4 4 -6 6 7 12 -10 11 -12 -13 -14 -15
leaf_value=-0.041456548682898386 -0.010062552530827575 -0.030482855666566638 0.018924052324806689 -0.025676382355941864 0.014721468129407925 -0.016165042897703832 -0.0082920618044806348 0.029378346093017413 0.012787353876311094 0.0084866249070208004 0.0057587760712554947 -0.027385638816788446 -0.011012736252243978 0.030593219700343472
leaf_weight=3.6569798049895352 0.31816867064845222 0.95106159824354009 0.60419349605217565 2.7547318145570889 3.9280995698482002 1.9933716514424302 2.0535026853467571 3.4943371268964261 0.34164841100573529 2.0293430331785207 0.57910402164270625 0.50836504567996588 0.37177191480441241 5.8644199829504942
leaf_count=5055 3074 156 34 2833 2077 3635 284 185 12 749 25 173 560 959
internal_value=0.000150274 0.00689101 -0.017438 0.00992281 -0.0031055 0.0158962 0.00484926 0.0132391 -0.022477 -0.0256718 -0.0351348 -0.00440925 0.0240293 0.0273913
internal_weight=29.4491 21.7295 7.71963 20.7784 6.68283 14.0956 7.91298 5.91961 7.11544 6.77379 4.23608 2.53771 3.86611 6.18259
internal_count=19811 13763 6048 13607 4910 8697 4664 1029 6014 6002 5080 922 745 4033
is_linear=0
shrinkage=0.05


Tree=153
num_leaves=15
num_cat=0
split_feature=14 5 7 5 14 30 23 25 25 4 6 16 6 6
split_gain=1.3619 0.930232 0.889079 0.881996 2.3202 0.751107 0.83237 1.07059 0.749291 0.602069 0.823231 0.757675 0.578123 0.391733
threshold=0.05552986400791847 3.5833333333333335 4.4186017428302957 1.7500000000000002 0.25341851857701325 2.885335451430616 0.63265403391783048 2.249904835165133 3.1567740231385479 9.5000000000000018 3.7517567920960846 0.036506651930943761 3.779667381664205 3.8919082160237468
decision_type=2 2 2 2 2 2 2 2 2 2 2 2 2 2
left_child=1 9 3 -2 5 6 8 -8 -5 11 -11 13 -3 -1
right_child=2 12 -4 4 -6 -7 7 -9 -10 10 -12 -13 -14 -15
leaf_value=-0.035435524384452015 0.033023555654405887 0.029863735126543851 0.034691561359707405 0.026518040821142813 -0.03546465092207176 -0.014854432073424413 0.019981739517342306 -0.031070890380609357 -0.017201833803644189 0.026834697548962907 -0.02195806824675068 0.015253445418642365 -0.01414524763517616 -0.0085438965792344144
leaf_weight=3.4255585283590353 1.9174814196303529 1.3926280618470617 3.1313462553080162 8.2130479326951864 2.2395713515325051 1.4929759651968186 1.031497693365963 1.1608985372040477 0.41594824833009703 1.1233360730111597 0.5272900739655596 0.66965509764850129 0.3874687511997762 3.1487902162371029
leaf_count=12720 79 20 82 311 3011 304 136 137 46 17 126 33 640 2073
internal_value=0.00606257 -0.00784013 0.0136464 0.00788891 0.00266716 0.0117448 0.0163608 -0.00831607 0.022843 -0.0144885 0.00884423 -0.020233 0.0186421 -0.0253842
internal_weight=30.2775 10.6747 19.6028 16.4714 14.5539 12.3144 10.8214 2.1924 8.629 8.89463 1.65063 7.244 1.7801 6.57435
internal_count=19735 15629 4106 4024 3945 934 630 273 357 14969 143 14826 660 14793
is_linear=0
shrinkage=0.05


Tree=154
num_leaves=15
num_cat=0
split_feature=6 7 8 18 30 30 5 30 30 23 28 7 14 2
split_gain=0.769901 0.966041 0.87677 0.800546 1.14815 1.2247 1.10175 0.668391 1.59101 0.627276 1.49902 0.700265 0.472032 0.398439
threshold=5.2724682103148881 4.4186017428302957 1.377709388886337 1.0000000180025095e-35 2.3945378846289422 1.6703303154069353 1.7500000000000002 2.7890386329963035 2.8923127545612006 0.6802189868331423 0.67313687533150812 2.9421514417660002 0.2721087720154029 2.4414009612931857
decision_type=2 2 2 2 2 2 2 2 2 2 2 2 2 2
left_child=1 3 -3 4 5 -1 -6 -8 -9 11 -11 -7 -13 -5
right_child=-2 2 -4 13 6 9 7 8 -10 10 -12 12 -14 -15
leaf_value=-0.023175664354795088 -0.02548028804299661 0.034647411496999347 -0.011896409378544706 0.032562890829744541 0.013810990734790541 -0.012252121967413598 -0.038148002788359732 0.02337312868613238 -0.02719887222206956 -0.031459612078225278 0.025465134713343659 0.027828567810592744 -0.0091189269857396681 -0.010202441231985169
leaf_weight=1.6697557431271111 0.99610704759470436 3.650730231718625 0.75482442008797068 1.8461346426047378 2.1145014447393002 0.86615162894122377 2.7106335125845238 1.6944094708742339 2.777647647077174 1.4271432374334829 1.234236708794924 7.5798215452559798 0.49190447992441466 0.1831349879503249
leaf_count=880 1940 95 102 103 43 3146 4484 1062 5848 1455 178 477 114 1
internal_value=0.00492484 0.00678368 0.0259473 0.00247144 -0.000736217 0.00847711 -0.0134318 -0.0221595 -0.00726801 0.0145114 -0.00531544 0.020356 0.0248199 0.0266096
internal_weight=29.9971 29.001 4.40555 24.5955 22.5662 13.269 9.29719 7.18269 4.47206 11.5993 2.66138 8.93788 8.07173 2.02927
internal_count=19928 17988 197 17791 17687 6250 11437 11394 6910 5370 1633 3737 591 104
is_linear=0
shrinkage=0.05


Tree=155
num_leaves=15
num_cat=0
split_feature=2 5 3 13 0 27 5 27 6 14 23 7 14 29
split_gain=1.32102 1.33109 1.39938 0.843731 0.822284 0.627209 0.614725 1.40601 1.47432 1.51411 1.34308 0.684551 0.897395 0.911165
threshold=1.7005986908310777 1.7500000000000002 1.2424533248940004 4.5000000000000009 2.3502401828962087 0.087785303612859564 3.5833333333333335 0.70520450683630642 4.0231389717980077 0.19411523636542327 0.71075305377562292 2.9583233273118084 0.18750893119965364 0.2621043250291295
decision_type=2 2 2 2 2 2 2 2 2 2 2 2 2 2
left_child=1 -1 -3 5 -2 -4 7 8 9 11 -10 -7 13 -13
right_child=4 2 3 -5 -6 6 -8 -9 10 -11 -12 12 -14 -15
leaf_value=0.029035414088125031 -0.041888668579829154 -0.032371183837832017 0.021718225195491957 0.031412046111571078 0.0038998113901496847 0.023497363190254264 0.020824753055985721 -0.035684393704639716 0.029300676965522122 -0.040401958766106812 -0.017788111826368767 0.012783293952812703 0.023030051972731214 -0.034421910435007738
leaf_weight=4.1536866641690784 1.5416620386022253 1.8149955344342767 2.2002110685734868 1.6734896460548032 1.3416887119674354 1.5412482957890477 1.5281946133763984 2.1633867700475085 4.7423083518806379 2.1489830936807266 1.3020383662260426 0.89735915698838731 0.7496374153997748 2.0766665829978592
leaf_count=221 531 13925 454 96 226 1567 446 1070 144 556 47 139 4 461
internal_value=0.00235994 0.00608023 0.000862453 0.00507114 -0.0250646 0.0013614 -0.00230296 -0.0056822 0.00127513 -0.0129391 0.0180719 0.00293007 -0.00875507 -0.020546
internal_weight=29.8756 26.9922 22.8385 21.0235 2.88335 19.35 17.1498 15.6216 13.4582 7.41389 6.04435 5.26491 3.72366 2.97403
internal_count=19887 19130 18909 4984 757 4888 4434 3988 2918 2727 191 2171 604 600
is_linear=0
shrinkage=0.05


Tree=156
num_leaves=15
num_cat=0
split_feature=13 5 27 30 4 30 0 5 25 7 23 29 29 19
split_gain=0.881655 0.894125 1.70622 1.01043 0.907462 0.883519 0.833219 0.745172 0.882947 1.36446 1.28406 0.602991 0.544998 0.46458
threshold=4.5000000000000009 1.7500000000000002 0.32316875326443079 2.3678296146362654 4.2500000000000009 2.6630943217977836 2.3502401828962087 3.5833333333333335 0.89587973461402759 4.321497902261858 0.34083864606854386 0.40492945346980941 0.59522452082315269 7.5000000000000009
decision_type=2 2 2 2 2 2 2 2 2 2 2 2 2 2
left_child=1 4 3 12 -1 -5 -6 8 11 10 -10 -4 -3 -12
right_child=-2 2 7 5 6 -7 -8 -9 9 -11 13 -13 -14 -15
leaf_value=0.026099304428001142 0.030018587404470429 0.030503328026818197 0.018487489695737349 -0.030209343098423526 -0.032453237058893442 0.014597388210429184 0.013211386280986951 0.011669323767443979 0.013248703331868825 0.0035103517921386664 0.0066791938466384607 -0.017792411721969426 -0.012524001237847219 -0.049833030781900649
leaf_weight=4.0628081706672736 1.5369121823459853 3.8949210209302718 1.5656859388509459 1.2756122519476778 0.85426654635011834 1.279881210735766 1.319656940315326 1.3296487215629884 0.57857936102300289 2.2187238275146228 0.15317048318684801 1.0844703119055337 0.30736790089031263 5.0323006734670273
leaf_count=174 94 2064 627 2201 513 2989 149 682 269 784 4 1069 573 7558
internal_value=0.00193027 -0.000889301 -0.00637353 0.0125646 0.0141783 -0.00997455 -0.00930428 -0.0172159 -0.0215206 -0.0290214 -0.0402113 0.00283422 0.0255537 -0.0473538
internal_weight=26.494 24.9571 18.7204 6.75778 6.23673 2.55549 2.17392 11.9626 10.6329 7.98277 5.76405 2.65016 4.20229 5.18547
internal_count=19750 19656 18820 7827 836 5190 662 10993 10311 8615 7831 1696 2637 7562
is_linear=0
shrinkage=0.05


Tree=157
num_leaves=15
num_cat=0
split_feature=28 28 28 13 30 28 8 30 14 29 19 29 29 28
split_gain=0.965256 0.819574 0.786263 0.611897 0.702586 0.973535 0.646019 0.678633 0.478738 0.775394 0.473347 0.440513 0.824403 0.387528
threshold=0.29842660850486119 0.047262926722907446 0.32268354953415196 4.5000000000000009 2.2160714897372622 0.6516063915444722 2.8146337265085291 2.839658921357886 0.20357668927109343 0.96230880377419736 7.5000000000000009 0.63053509338191971 0.86509782207456631 0.36571598056200483
decision_type=2 2 2 2 2 2 2 2 2 2 2 2 2 2
left_child=1 -1 -2 4 5 -4 7 11 9 -9 -3 13 -13 -6
right_child=2 10 3 -5 6 -7 -8 8 -10 -11 -12 12 -14 -15
leaf_value=0.012685601468848505 0.032388560891652471 0.01018744555807535 -0.033627581987593066 0.02886940004693489 -0.0087898400461779835 0.0032843335736215556 -0.022415957078999325 -0.022679870349025067 0.01361535527302456 0.018541909115139813 -0.03445862541246509 -0.015381223926322317 0.021123025515282251 0.034243576614755716
leaf_weight=1.1088664976286993 2.0672121007410196 0.25328403059393201 1.8614330816362841 1.4035868367645878 0.19015754070641788 4.3410652811944601 0.67678677479671101 2.9015068679855189 2.0120720870509103 0.75543230882976775 2.3743501786357228 1.7536617039058908 2.6703354550081713 3.4132201389129477
leaf_count=1207 538 6 1989 94 246 1176 495 4151 789 175 6233 869 776 1101
internal_value=0.00474656 -0.0162051 0.00851919 0.00496243 0.00206913 -0.0109242 0.00802203 0.010949 -0.00223814 -0.0120115 -0.0285331 0.0194782 0.00648487 0.0305565
internal_weight=27.783 3.7365 24.0465 21.9793 20.5757 6.2025 14.3732 13.6964 5.66901 3.65694 2.62763 8.02737 4.424 3.60338
internal_count=19845 7446 12399 11861 11767 3165 8602 8107 5115 4326 6239 2992 1645 1347
is_linear=0
shrinkage=0.05


Tree=158
num_leaves=15
num_cat=0
split_feature=28 2 27 30 23 16 30 5 14 14 5 25 30 28
split_gain=0.958229 1.03401 0.951844 0.631768 0.866757 0.613193 0.556706 0.467392 1.39142 0.628756 0.700374 0.628311 0.952073 0.350314
threshold=0.31932752040909712 2.4414009612931857 0.047316813222543073 2.885335451430616 0.41738283505905954 0.077075245101965825 1.365693133521547 1.7500000000000002 0.23226975964619209 1.0000000180025095e-35 3.5833333333333335 2.6735537653587347 2.3552523625041273 0.47101212714051693
decision_type=2 2 2 2 2 2 2 2 2 2 2 2 2 2
left_child=2 3 -1 6 -5 -4 -2 -8 9 10 -9 -11 13 -13
right_child=1 -3 5 4 -6 -7 7 8 -10 11 -12 12 -14 -15
leaf_value=0.01391168542793283 -0.017364864090995819 -0.02938573668495012 -0.03618017515384251 -0.030787794419243536 0.0066227368053269932 0.011863976169772516 0.02991438284640438 -0.025165744430806089 -0.025878045500861313 0.030056578262960355 0.015494903347042274 -0.031891422483801155 0.023947523807720226 0.006424892962461958
leaf_weight=1.130005511684433 0.54628200825210171 0.91244051516332447 2.7140407488386704 1.1817389747357072 4.4927980885895522 0.30773449596017588 3.7187681390751157 1.0566535250982192 1.4201369274305751 5.8151078441915143 1.2371638280710611 0.88517273689649323 1.2330423447092469 0.45493848936166614
leaf_count=1222 248 149 6659 1189 3939 6 528 4357 822 225 453 35 53 32
internal_value=0.00234501 0.00647637 -0.0173198 0.00917181 -0.00461359 -0.029554 0.0139417 0.0159907 0.00975565 0.0163027 -0.00518929 0.0221065 0.000756424 -0.0216968
internal_weight=27.106 22.9542 4.15178 22.0418 5.67454 3.02178 16.3673 15.821 12.1022 10.6821 2.29382 8.38826 2.57315 1.34011
internal_count=19917 12030 7887 11881 5128 6665 6753 6505 5977 5155 4810 345 120 67
is_linear=0
shrinkage=0.05


Tree=159
num_leaves=15
num_cat=0
split_feature=0 30 0 4 4 7 6 28 23 14 14 12 30 29
split_gain=1.19721 0.919527 0.720403 0.783466 1.21338 0.485329 0.648266 0.445755 1.21742 0.64874 0.741761 0.555086 0.457835 0.47327
threshold=0.89587973461402759 3.306159024072342 1.4978661367769956 4.2500000000000009 9.5000000000000018 3.1717757263905457 5.2724682103148881 0.60816382114038237 0.6802189868331423 0.27808882026540188 0.056920056398945658 0.87500000000000011 1.6703303154069353 0.62262677342918804
decision_type=2 2 2 2 2 2 2 2 2 2 2 2 2 2
left_child=1 7 -2 5 -5 -4 -7 8 9 10 -1 -10 -12 -14
right_child=2 -3 3 4 -6 6 -8 -9 11 -11 12 -13 13 -15
leaf_value=-0.016309331171769786 -0.033168552090894574 -0.017482814749226482 -0.015121302334157103 -0.038921772699213854 0.016847662781548003 0.03205875907336142 -0.01427952041550852 0.024243790354101836 -0.029794825496442301 -0.0183944913319057 -0.012116259666855783 0.012852065632139432 0.02747114998061875 -0.0063557749874685425
leaf_weight=0.71797395640715755 1.7055011349075346 1.7723016581130639 0.36683087886922328 1.3971626467391618 0.90160701901186246 1.9855183938925622 0.37073932712519297 6.1573605760659111 1.8027798068669647 0.56865689312508116 0.35596005361367034 0.4077014147187582 8.3870463874518428 0.78693143129930909
leaf_count=6564 1941 2349 16 544 136 46 243 2365 3728 1437 28 21 410 134
internal_value=0.00478728 0.010605 -0.0123628 -0.000962151 -0.0185718 0.014899 0.0226855 0.0139374 0.00768489 0.0146585 0.0179649 -0.0203759 0.0218507 0.02423
internal_weight=27.6841 20.9567 6.72736 5.02186 2.29877 2.72309 2.35626 19.1844 13.027 10.8166 10.2479 2.21048 9.52994 9.17398
internal_count=19962 17036 2926 985 680 305 289 14687 12322 8573 7136 3749 572 544
is_linear=0
shrinkage=0.05


Tree=160
num_leaves=15
num_cat=0
split_feature=6 7 27 27 13 30 14 14 14 31 23 7 27 30
split_gain=0.757395 1.07497 1.23798 1.4254 1.41227 0.863569 0.823907 1.17675 0.741958 0.550894 0.50155 0.642079 0.46921 0.787968
threshold=4.9339566026354147 4.4186017428302957 0.82431827782036649 0.32316875326443079 4.5000000000000009 2.3678296146362654 0.059731716970009806 0.056920056398945658 0.23226975964619209 1.377709388886337 0.34083864606854386 4.321497902261858 0.9731042786738352 3.7126202176031602
decision_type=2 2 2 2 2 2 2 2 2 2 2 2 2 2
left_child=1 2 3 5 6 -1 7 -5 -7 -3 -8 -12 13 -4
right_child=-2 9 12 4 -6 8 10 -9 -10 -11 11 -13 -14 -15
leaf_value=0.02324991501120283 -0.019752962575940169 0.036067393301759558 0.028638114031845702 -0.024582131270911148 0.024284931868731638 -0.025994791576320782 -0.00082104604706635632 0.027361909282929187 0.013663122085557762 -0.010927266073811028 -0.046518057635160939 0.00049717641298248144 -0.0073973285542090032 -0.015304122002676952
leaf_weight=4.2040509217058704 1.9621230619122787 2.9074162309989329 5.6937203245252013 1.2662981943776652 0.93848304217681366 1.5270142128574664 1.0367159649176754 1.1015119981748283 1.348955260518778 0.27398528717458237 3.7921897821361199 0.8311447681771823 1.0260453990540552 0.55826186736157968
leaf_count=2710 2013 81 789 6594 49 4237 298 14 937 70 1436 11 106 523
internal_value=0.00454525 0.0069967 0.00269033 -0.00512835 -0.0175409 0.0108166 -0.0245788 0.000531782 -0.00866755 0.0303748 -0.0335861 -0.0394807 0.0184658 0.0231451
internal_weight=28.4679 26.5058 23.3244 16.0464 8.96634 7.08002 8.02786 2.36781 2.87597 3.1814 5.66005 4.62333 7.27803 6.25198
internal_count=19868 17855 17704 16286 8402 7884 8353 6608 5174 151 1745 1447 1418 1312
is_linear=0
shrinkage=0.05


Tree=161
num_leaves=15
num_cat=0
split_feature=16 32 25 12 14 28 27 5 28 25 5 7 2 29
split_gain=1.09973 0.792101 1.21697 0.857483 0.690434 0.664251 1.84421 0.777481 1.0749 0.996991 1.0721 1.26744 0.652286 0.617915
threshold=1.0000000180025095e-35 0.87500000000000011 2.6735537653587347 0.87500000000000011 0.16530076646749856 0.30193507888796345 0.32316875326443079 1.7500000000000002 0.89727157876980923 1.2424533248940004 3.5833333333333335 4.4186017428302957 2.4414009612931857 0.40878749628749633
decision_type=2 2 2 2 2 2 2 2 2 2 2 2 2 2
left_child=1 5 3 -3 -4 -1 -7 8 -8 13 11 -11 -2 -9
right_child=12 2 4 -5 -6 6 7 9 -10 10 -12 -13 -14 -15
leaf_value=-0.03369483330897316 0.034076240402498022 -0.025090215301611291 -0.0091564763966150067 0.020065445750887607 0.034905185138809601 0.032427630196545126 0.029539159078111072 0.019168109108729341 -0.011336369608640011 -0.047613579573059464 0.010776940063735075 0.0018751157446227091 -0.01400476440088003 -0.016734640622987591
leaf_weight=1.5675226191015195 2.1164606926031406 2.2683846401960177 0.6955917929990395 0.68048377544619132 2.8651229703100398 1.7597270731857886 1.4902203799938529 1.7450207443580317 3.593220289592864 4.3783018710291799 1.0119958164541456 1.6065845984339828 0.31470864685252298 1.1617847397137664
leaf_count=5568 144 3100 1198 32 240 335 56 698 524 5916 442 690 14 920
internal_value=-0.00105163 -0.00455 0.00946822 -0.0122275 0.0261773 -0.00976482 -0.00575253 -0.0119834 0.00353231 -0.019541 -0.0286999 -0.0359623 0.0255846 0.00420808
internal_weight=27.2551 24.824 6.50958 2.94887 3.56071 18.3144 16.7469 14.9871 5.08344 9.90369 6.99688 5.98489 2.43117 2.90681
internal_count=19877 19719 4570 3132 1438 15149 9581 9246 580 8666 7048 6606 158 1618
is_linear=0
shrinkage=0.05


Tree=162
num_leaves=15
num_cat=0
split_feature=4 16 4 30 7 5 25 29 24 13 32 6 25 6
split_gain=0.947974 1.01001 0.898897 0.793564 1.35159 1.33618 0.991985 1.01161 0.782104 0.750804 0.691571 0.666509 0.561596 0.434298
threshold=4.2500000000000009 1.0000000180025095e-35 9.5000000000000018 2.381204734820658 4.4186017428302957 1.7500000000000002 2.6735537653587347 0.5914265478164733 1.0000000180025095e-35 4.5000000000000009 0.15476190476190479 3.7517567920960846 3.0677824455408698 5.2724682103148881
decision_type=2 2 2 2 2 2 2 2 2 2 2 2 2 2
left_child=1 3 -2 6 5 -5 10 -8 13 12 -1 -4 -7 -6
right_child=2 -3 11 4 8 9 7 -9 -10 -11 -12 -13 -14 -15
leaf_value=0.024874550607519665 -0.041190672270806652 0.031903616556414868 0.023807609568318566 0.01744155933474385 0.030794720979171027 -0.04074312547113005 -0.032396137312916337 0.010938235371770856 -0.018309791761808619 0.013558599453972718 -0.0082589433179189337 -0.021112040265097977 0.0025205661075653018 -0.010574478459471459
leaf_weight=6.0577753655452486 1.5193169065278191 1.7474434096366156 0.88623038493096806 1.1334016993641922 2.3387370778946215 4.6415011013395908 1.5972399127422252 2.0356634440158814 0.65570105344522733 0.36881137825548638 1.4937283427698274 0.50284841535176383 0.73585315518175765 0.26327700178808289
leaf_count=2841 626 132 16 36 80 9868 1103 1040 288 10 1542 129 1615 575
internal_value=-0.000351383 0.00337006 -0.0231793 -0.00029294 -0.00992761 -0.0215377 0.00853777 -0.0109943 0.0138904 -0.0306719 0.0181212 0.00551612 -0.0353559 0.0248353
internal_weight=25.9775 23.0691 2.9084 21.3217 10.1373 6.87957 11.1844 3.6329 3.25772 5.74617 7.5515 1.38908 5.37735 2.60201
internal_count=19901 19130 771 18998 12472 11529 6526 2143 943 11493 4383 145 11483 655
is_linear=0
shrinkage=0.05


Tree=163
num_leaves=15
num_cat=0
split_feature=13 5 28 28 7 5 29 29 14 28 2 28 19 23
split_gain=0.655204 0.856769 0.937604 0.892416 1.15423 1.39346 1.11093 0.978872 0.6208 0.758408 0.487082 0.859646 0.452255 0.444359
threshold=4.5000000000000009 1.7500000000000002 0.91395557961335894 0.10676162245444802 3.9674747795034579 3.5833333333333335 0.2621043250291295 0.55168624478969319 0.28675108229089447 0.39930705608374156 2.4414009612931857 0.942141379958639 7.5000000000000009 0.47733982948708442
decision_type=2 2 2 2 2 2 2 2 2 2 2 2 2 2
left_child=1 2 -1 13 5 6 -5 -6 9 -9 11 -4 -8 -3
right_child=-2 3 10 4 7 -7 12 8 -10 -11 -12 -13 -14 -15
leaf_value=0.032230964677254344 0.028232811851305523 -0.01257229932981558 -0.016531172665971202 0.0084193611070483183 0.017314807047380525 0.018020721969488975 0.0075082340761799017 0.015088656487602842 0.012953517607180116 -0.031996163656982171 -0.024545392846837457 0.024888497551318098 -0.043836459561762076 0.026508968437086999
leaf_weight=2.8033039562105904 1.3455068317707617 0.30902119795428307 1.3569261066331826 1.0363483841119876 4.396176012720387 1.0279319389373993 0.17548583820463015 0.47091612903022939 0.97124667767639028 2.598135252497741 0.6890557381993857 1.7924622580867433 4.6757305852433921 1.9627544051363655
leaf_count=281 98 872 307 3831 90 181 4 26 59 1475 76 200 10540 1812
internal_value=0.00299548 0.000534033 0.0146122 -0.00527125 -0.0098002 -0.0235347 -0.032353 0.00275908 -0.0133718 -0.0228388 -0.00225715 0.0073595 -0.0410134 0.0189751
internal_weight=25.611 24.2655 6.64175 17.6237 15.352 6.9155 5.88756 8.43647 4.0403 3.06905 3.83844 3.14939 4.85122 2.27178
internal_count=19852 19754 864 18890 16206 14556 14375 1650 1560 1501 583 507 10544 2684
is_linear=0
shrinkage=0.05


Tree=164
num_leaves=15
num_cat=0
split_feature=14 24 5 0 6 6 7 27 5 25 30 25 14 6
split_gain=1.09435 0.673385 0.671591 0.535676 0.699033 0.654811 0.434513 0.880848 1.16497 0.75297 0.536202 0.45045 0.412762 0.398879
threshold=0.05552986400791847 0.24568965517241384 3.5833333333333335 2.3502401828962087 3.9574317443096203 3.8919082160237468 4.4186017428302957 0.38562485961776977 1.7500000000000002 2.4414009612931857 2.2602776356749144 3.1567740231385479 0.27101739770380834 3.779667381664205
decision_type=2 2 2 2 2 2 2 2 2 2 2 2 2 2
left_child=2 6 3 5 -5 -1 7 11 -9 10 -10 12 -2 -4
right_child=1 -3 13 4 -6 -7 -8 8 9 -11 -12 -13 -14 -15
leaf_value=-0.035331623892645679 0.025536887789531362 -0.0130165925204518 0.026154631754043624 0.02523292819571743 -0.02023786621098031 -0.0026757060308350874 0.032532903331892626 0.027129374790169049 0.019160412202568484 -0.033371896461792713 -0.015631717999335434 -0.013268482994381648 -0.011221984058222362 -0.012111378415371197
leaf_weight=2.7163439105934248 7.2575353619868093 1.6294692415594916 1.0475168374687198 0.99264051765203454 0.53016821172423079 2.9181124701535737 2.2571165948174903 1.1741918777115641 1.2990821735984357 1.9589694485603102 1.1578540577047531 0.31036256009974739 0.28742742888425699 0.31869448875659134
leaf_count=12679 474 660 20 19 220 2008 69 62 241 762 518 201 1235 654
internal_value=0.00508047 0.0120736 -0.00891424 -0.0150143 0.00765528 -0.0213715 0.0153006 0.010356 -0.00446755 -0.0163271 0.00298542 0.0202181 0.0229871 0.0158823
internal_weight=25.8555 17.332 8.52348 7.15727 1.52281 5.63446 15.7025 13.4454 5.5901 4.41591 2.45694 7.85533 7.54496 1.36621
internal_count=19822 4222 15600 14926 239 14687 3562 3493 1583 1521 759 1910 1709 674
is_linear=0
shrinkage=0.05


Tree=165
num_leaves=15
num_cat=0
split_feature=13 25 29 25 19 14 5 5 6 4 4 30 23 6
split_gain=0.723582 0.656857 1.41011 1.07731 0.724668 0.589603 0.565627 0.922951 1.01385 0.92525 0.541466 0.525648 0.497621 0.458243
threshold=4.5000000000000009 2.8617925509761908 0.40492945346980941 2.6735537653587347 7.5000000000000009 0.2437749274761104 3.5833333333333335 1.7500000000000002 4.5033188460601865 4.2500000000000009 9.5000000000000018 2.8793213169290244 0.47453067244967734 3.2109335079208243
decision_type=2 2 2 2 2 2 2 2 2 2 2 2 2 2
left_child=1 2 3 5 -4 11 7 9 -9 -6 -11 -1 -3 -14
right_child=-2 12 4 -5 6 -7 -8 8 -10 10 -12 -13 13 -15
leaf_value=0.031754100737920336 0.028069014340662946 -0.013062771353516947 0.01365468160034871 -0.023465311868096368 0.014783315875865797 -0.0099030347431697235 0.0085923109795104143 -0.044858503430815981 0.0087013380388444011 -0.037966737367921805 0.0057279926098930053 -0.0084947275288981793 -0.010799364517428925 0.022470113859775188
leaf_weight=4.0736609918776692 1.3278827909380186 0.91910293228829587 1.0870047765784043 0.91597233421089175 2.1740411336504653 0.83771767990219803 0.98874274982881694 4.2306360645525123 0.71434841643713287 1.0953515530491129 0.72267771240876744 0.53217360957569315 0.63817578657653928 4.6672690621053334
leaf_count=2948 96 1146 68 902 85 1090 475 7153 276 405 86 1517 2142 1544
internal_value=0.00146433 -0.00111311 -0.00609412 0.011541 -0.0163908 0.0201589 -0.0206298 -0.0244021 -0.0369591 -0.0045599 -0.0247287 0.0264179 0.0117079 0.0173902
internal_weight=24.9248 23.5969 17.3723 6.35952 11.0128 5.44355 9.9258 8.93705 4.94498 3.99207 1.81803 4.60583 6.22455 5.30544
internal_count=19933 19837 15005 6457 8548 5555 8480 8005 7429 576 491 4465 4832 3686
is_linear=0
shrinkage=0.05


Tree=166
num_leaves=15
num_cat=0
split_feature=0 27 30 27 14 30 30 30 0 4 0 7 29 7
split_gain=0.886968 0.674073 1.08835 0.921356 0.650927 0.618347 0.898416 0.577211 0.44375 0.645955 0.759852 0.643966 0.395832 0.388916
threshold=0.89587973461402759 0.53670502298940892 2.3678296146362654 0.32316875326443079 0.14927255683821253 3.306159024072342 1.7666480653774166 2.3552523625041273 1.4978661367769956 4.2500000000000009 2.3502401828962087 3.9674747795034579 0.59522452082315269 5.3234555491048932
decision_type=2 2 2 2 2 2 2 2 2 2 2 2 2 2
left_child=1 2 3 12 -4 6 -3 -5 -2 -10 -11 -12 -1 -8
right_child=8 5 4 7 -6 -7 13 -9 9 10 11 -13 -14 -15
leaf_value=0.027256566515806119 -0.030880114189421711 -0.0078380429587344459 0.001655538617203964 -0.025775657381628299 -0.034770322543690821 -0.007590427239606028 0.031305952111618365 0.01608780079418547 0.014031739212965785 -0.037313718427270735 0.023577750826076924 -0.020129777604173445 -0.010531166262608719 -0.009108708533803361
leaf_weight=3.6220466609593189 1.4345460488939341 1.6861323143511961 1.9425060034300261 1.4019717647233845 1.9674962268709348 1.809723603839301 6.1399049505389485 0.44310406252407109 2.0301951067413029 1.0775830082930045 0.95323976568033664 0.52685772059703595 0.27616228395709175 0.22256260496942548
leaf_count=2101 1964 621 5938 1561 1521 2020 2008 24 296 512 30 132 571 526
internal_value=0.00190985 0.00709553 -0.00229636 0.010951 -0.0200223 0.0156566 0.0211449 -0.0136011 -0.0135088 -0.00352294 -0.0174846 0.00617625 0.0229761 0.0288471
internal_weight=25.534 19.5116 9.65329 5.74328 3.91 9.85832 8.0486 1.84508 6.02242 4.58788 2.55768 1.4801 3.89821 6.36247
internal_count=19825 16891 11716 4257 7459 5175 3155 1585 2934 970 674 162 2672 2534
is_linear=0
shrinkage=0.05


Tree=167
num_leaves=15
num_cat=0
split_feature=0 0 6 6 5 6 28 28 29 13 30 30 14 14
split_gain=0.994902 0.715539 0.782035 0.62201 0.776606 0.650292 0.486065 1.61137 1.20097 0.96722 0.502718 0.520575 0.500999 0.480325
threshold=0.89587973461402759 2.3502401828962087 3.9574317443096203 3.9574317443096203 1.7500000000000002 5.2724682103148881 0.5462682864368259 0.32268354953415196 0.31360927477617201 4.5000000000000009 3.4731331151338662 1.7666480653774166 0.1162330617881263 0.27101739770380834
decision_type=2 2 2 2 2 2 2 2 2 2 2 2 2 2
left_child=6 3 -3 -2 5 -5 7 12 -9 -10 11 -8 -1 -14
right_child=1 2 -4 4 -6 -7 10 8 9 -11 -12 -13 13 -15
leaf_value=-0.011852892718127499 -0.034650058441590977 0.027627802408178206 -0.019843489916147261 0.028844519394342068 -0.025512762068246715 -0.016163647101372854 -0.0048973064963890815 0.015946234899388279 -0.041827577739247036 0.014720240915944255 -0.007677537140854983 0.028093844038468891 0.026330568280682878 -0.012409624150723169
leaf_weight=0.62235774806504718 2.2288630964239919 1.2829850353300569 0.52041410913443531 1.3259555920958517 0.94003132027319258 0.44820439814793633 1.1151027617252092 1.1504193649652732 2.6601624850945886 0.4153429758735 1.0883181382978362 6.104544348681884 5.1848238787388254 0.32627967319785955
leaf_count=6074 1250 22 226 22 866 569 585 1567 2554 25 1428 2915 433 1429
internal_value=0.00445238 -0.0109456 0.011737 -0.0198035 -0.00156501 0.0157463 0.0102908 0.00256979 -0.018747 -0.0324528 0.018608 0.0230224 0.0178261 0.0224833
internal_weight=25.4138 6.74645 1.8034 4.94305 2.71419 1.77416 18.6674 10.3594 4.22592 3.07551 8.30797 7.21965 6.13346 5.5111
internal_count=19965 2955 248 2707 1457 591 17010 12082 4146 2579 4928 3500 7936 1862
is_linear=0
shrinkage=0.05


Tree=168
num_leaves=15
num_cat=0
split_feature=5 13 2 7 5 6 30 23 25 30 19 30 23 29
split_gain=0.764375 1.0643 0.957153 0.742778 0.722077 0.659879 0.553909 0.770055 0.724581 0.628182 0.546702 0.53985 0.749205 0.712961
threshold=1.7500000000000002 4.5000000000000009 2.4414009612931857 3.4630510996668664 3.5833333333333335 5.2724682103148881 1.9071755012240892 0.6802189868331423 3.1567740231385479 2.0447141586999069 7.5000000000000009 2.4497202938170388 0.53067799605762567 0.63053509338191971
decision_type=2 2 2 2 2 2 2 2 2 2 2 2 2 2
left_child=2 3 5 4 10 -1 -5 8 11 -9 -2 13 -13 -8
right_child=1 -3 -4 6 -6 -7 7 9 -10 -11 -12 12 -14 -15
leaf_value=0.028185034906380663 0.010213292568318259 0.027820522641006002 -0.018223901896454314 -0.023595571981334953 0.012318880361206222 -0.014890009712260167 0.033952969626521244 0.013834259170392625 -0.021539960000141856 -0.030644232185482814 -0.038327961595617958 -0.020244207361485855 0.01361916497931428 -0.01026338318951627
leaf_weight=4.7705099503728006 0.25430458411575241 1.3036237005144347 1.0216420926517455 1.4913071245737217 0.54869736064938468 0.40953141837235296 3.0430049525457403 0.45639278429734931 0.84244044820479835 1.6781103809335034 2.9977141287035902 1.5596167639378107 3.5286012681281136 0.67611467598544539
leaf_count=147 5 94 73 228 153 632 99 34 554 595 16178 398 353 251
internal_value=0.000668519 -0.00452582 0.0145538 -0.00839763 -0.0252744 0.0229212 -0.0021339 0.00221531 0.00847357 -0.0197545 -0.0330228 0.013248 0.00161925 0.0254432
internal_weight=24.5816 18.3799 6.20168 17.0763 3.80072 5.18004 13.2756 11.7843 9.64978 2.1345 3.25202 8.80734 5.08822 3.71912
internal_count=19794 18942 852 18848 16336 779 2512 2284 1655 629 16183 1101 751 350
is_linear=0
shrinkage=0.05


Tree=169
num_leaves=15
num_cat=0
split_feature=6 5 3 2 27 5 23 13 25 6 13 19 4 6
split_gain=0.683117 0.928422 0.928821 0.688219 0.539791 1.3138 0.731484 0.532256 0.469611 0.371441 0.357898 0.267111 0.265233 0.222965
threshold=5.2724682103148881 1.7500000000000002 1.2424533248940004 2.4414009612931857 0.70520450683630642 3.5833333333333335 0.6802189868331423 4.5000000000000009 3.1132683346437333 4.4288206438694759 4.5000000000000009 7.5000000000000009 2.1666666666666674 4.0231389717980077
decision_type=2 2 2 2 2 2 2 2 2 2 2 2 2 2
left_child=1 3 -3 -1 6 10 8 9 13 11 -6 -8 -7 -4
right_child=-2 2 4 -5 5 12 7 -9 -10 -11 -12 -13 -14 -15
leaf_value=0.031526852895720985 -0.023855206321416682 -0.028125882981115242 0.010152215745565952 -0.010400419740790638 -0.033771424317343 0.027350130606895968 0.006322078216898651 0.016098004354568606 -0.012915720532671522 0.0085267524581456207 0.0082889524351401952 -0.034994497069821086 -0.0082238423095930754 0.026605010689987298
leaf_weight=4.2683379892841975 0.88314992653613344 1.2754970833193535 7.5411909585809553 0.69261379726231087 2.0774204965855461 1.1498496383428571 0.14371870830655109 0.47172205848619331 0.70305210869264634 0.34019368629378721 0.19814792391844083 1.3613145396657265 0.19129367537971109 3.8565089754156361
leaf_count=139 1951 13288 1921 6 996 20 3 26 376 21 19 962 100 107
internal_value=0.00566687 0.00764257 0.00219814 0.0249105 0.00570779 -0.00974629 0.00996519 -0.0121446 0.0148025 -0.022485 -0.0286965 -0.0301003 0.0209307 0.0174161
internal_weight=25.154 24.2709 19.3099 4.96095 18.0344 3.61671 14.4177 2.31695 12.1008 1.84523 2.27557 1.50503 1.34114 11.3977
internal_count=19935 17984 17839 145 4551 1135 3416 1012 2404 986 1015 965 120 2028
is_linear=0
shrinkage=0.05


Tree=170
num_leaves=15
num_cat=0
split_feature=30 19 28 28 30 23 28 14 6 14 5 28 5 6
split_gain=0.774523 0.986836 0.904252 0.992245 0.685217 0.54283 0.358762 0.357843 0.424862 0.321366 0.289814 0.260034 0.24061 0.252976
threshold=2.381204734820658 7.5000000000000009 0.34333339583372402 0.42246688032197366 1.6214223009987723 0.57528489523283732 0.92770174171442854 0.27101739770380834 2.9384588441731685 0.99615729292963973 1.7500000000000002 0.84498190618102798 3.5833333333333335 4.1309396887135241
decision_type=2 2 2 2 2 2 2 2 2 2 2 2 2 2
left_child=4 -2 -3 -4 5 -1 7 8 -6 12 -11 -9 13 -5
right_child=1 2 3 9 6 -7 -8 11 -10 10 -12 -13 -14 -15
leaf_value=-0.028332557712033003 0.025911874409237853 -0.035945721323284573 0.024291551397288974 -0.026981843972678915 -0.01094907427995662 0.011070273065596247 -0.0089474362095868891 -0.01794862615857664 0.024572527662437053 0.020442934695436111 -0.012085349383330075 0.01243711608374653 0.0058931450083688809 -0.0051525608435152208
leaf_weight=0.88960748932641098 1.2476732756476838 1.68489683610096 1.6625104269032798 2.6742336020870425 0.36565790387885044 0.87334148020090652 0.67164615391084304 0.54373452705112946 8.6518082214924998 0.68581261858344078 0.315687015881849 0.37102505796065088 0.76240346892154764 2.9989154881532158
leaf_count=388 88 5482 967 4159 3183 423 310 949 1541 28 556 40 445 1320
internal_value=0.00391426 -0.00494058 -0.0104059 -0.00258598 0.0122545 -0.011871 0.0169429 0.019352 0.0221829 -0.0107613 0.00927426 -0.00556535 -0.0147072 -0.0179439
internal_weight=24.399 12.0321 10.7845 9.09956 12.3668 1.76295 10.6039 9.93223 9.01747 7.43705 1.0015 0.91476 6.43555 5.67315
internal_count=19879 13045 12957 7475 6834 811 6023 5713 4724 6508 584 989 5924 5479
is_linear=0
shrinkage=0.05


Tree=171
num_leaves=15
num_cat=0
split_feature=13 6 7 25 23 6 6 24 17 5 3 23 30 16
split_gain=0.799722 0.908664 0.926298 0.711967 0.673775 0.611755 0.566306 0.558044 0.492986 0.469926 0.677656 0.484157 0.434505 0.39583
threshold=4.5000000000000009 3.7226998520434811 4.321497902261858 2.249904835165133 0.62000804389958808 5.2724682103148881 3.699446240432394 0.24568965517241384 0.035115802926607979 1.7500000000000002 1.8688348091416842 0.34083864606854386 3.1832118886033336 0.027207162672390661
decision_type=2 2 2 2 2 2 2 2 2 2 2 2 2 2
left_child=1 3 8 6 -5 7 12 -4 9 10 -3 -11 13 -1
right_child=-2 2 5 4 -6 -7 -8 -9 -10 11 -12 -13 -14 -15
leaf_value=-0.027287707048621875 0.027418603966633572 0.020821296917479578 0.019716955157934903 0.02172165452938684 -0.012184483113827133 -0.022683963074573998 0.019365929583516107 -0.015071220152817703 0.01173431960632205 -0.0054183518181595827 -0.023635638666782081 -0.04495547565848787 0.0085897088727393735 0.010726100330024999
leaf_weight=2.9991650019574139 1.24755608732812 0.71622761745311414 3.2146766247606142 5.6991411076633085 1.1744007868910555 0.80439115719491372 0.62322738301190828 0.76037133057980089 0.30499263014644373 1.3474518455950582 0.71824027911134181 2.8799629404547886 0.9412256205050652 0.27199020655825723
leaf_count=6376 92 69 149 4637 3526 1796 41 64 13 215 17 1326 1465 17
internal_value=-0.00112528 -0.00381244 -0.0137124 0.0056375 0.0151168 0.00270596 -0.00811821 0.0113707 -0.0253642 -0.0288241 -0.00200357 -0.0358007 -0.0151198 -0.0223557
internal_weight=23.703 22.4555 10.7463 11.7092 6.87354 4.77944 4.83561 3.97505 5.96688 5.66188 1.43447 4.22741 4.21238 3.27116
internal_count=19803 19711 3649 16062 8163 2009 7899 213 1640 1627 86 1541 7858 6393
is_linear=0
shrinkage=0.05


Tree=172
num_leaves=15
num_cat=0
split_feature=14 5 3 7 6 6 5 14 30 30 30 23 23 14
split_gain=0.84331 0.556181 0.495411 0.926821 0.542875 0.470654 0.455512 1.0364 0.739165 0.462308 1.28858 0.844955 0.594018 0.467624
threshold=1.0000000180025095e-35 3.5833333333333335 2.4414009612931857 3.7754418671853878 3.9574317443096203 3.7517567920960846 1.7500000000000002 0.27808882026540188 1.6480770926468293 2.3678296146362654 2.6169551037928227 0.45642458671999692 0.6802189868331423 0.090564293693100192
decision_type=2 2 2 2 2 2 2 2 2 2 2 2 2 2
left_child=1 2 4 -4 -1 -3 -2 8 -8 12 -11 -12 13 -10
right_child=6 5 3 -5 -6 -7 7 -9 9 10 11 -13 -14 -15
leaf_value=-0.036555066452567238 0.02923708454477102 0.025175158373120905 0.025434519191976476 -0.024426013534305194 -0.0031220376611594603 -0.014427752699193011 -0.02180266104528205 -0.024563040589942152 -0.0060070501153525902 -0.025316015406923121 -0.016347824284387025 0.025884868757404145 -0.0081029646200530669 0.031883952569315303
leaf_weight=2.3376697980183989 1.3954876475036151 0.98078036295191828 1.1059854475315658 0.69039683783921635 2.228986957554298 0.39932624406719697 0.76885296299587835 1.571156564970807 0.61325783440406478 1.7701211824551135 0.82880907780054247 3.6709978602484625 0.96089789867073694 4.9374164967812249
leaf_count=12765 87 21 24 176 1915 656 50 2964 65 193 149 429 113 194
internal_value=0.00248572 -0.0103095 -0.0162725 0.00438963 -0.0237287 0.0124689 0.0087302 0.00514157 0.0100372 0.0133956 0.00287247 0.0165481 0.0217968 0.0274197
internal_weight=24.2601 7.74315 6.36304 1.79638 4.56666 1.38011 16.517 15.1215 13.5504 12.7815 6.26993 4.49981 6.51157 5.55067
internal_count=19801 15557 14880 200 14680 677 4244 4157 1193 1143 771 578 372 259
is_linear=0
shrinkage=0.05


Tree=173
num_leaves=15
num_cat=0
split_feature=13 16 30 30 23 7 28 28 30 6 2 25 7 23
split_gain=1.02147 0.724643 0.843554 0.998856 1.1081 0.748069 0.73522 0.575517 0.533756 0.507456 0.492252 0.480188 0.310026 0.306723
threshold=4.5000000000000009 1.0000000180025095e-35 2.374575816842496 2.2085860340546035 0.6802189868331423 4.4186017428302957 0.82004012759363809 0.53337659528444747 1.8456444149686246 4.9339566026354147 2.4414009612931857 2.1383330595080281 3.1919587132661058 0.68690961221787317
decision_type=2 2 2 2 2 2 2 2 2 2 2 2 2 2
left_child=1 2 3 7 12 6 -4 -1 13 -7 -3 -8 -5 -9
right_child=-2 10 5 4 -6 9 11 8 -10 -11 -12 -13 -14 -15
leaf_value=-0.032668183767833821 0.027265088995943338 0.028020225080738849 -0.040521844806821541 -0.007568742087579643 -0.022319628919142454 0.018312509689678638 -0.021721717375732464 -0.022143038317377992 0.014701889305922047 -0.016310458523947538 -0.013689850489565525 0.0095969719369752987 0.029639399992110307 0.0074872625435877475
leaf_weight=1.481160556933 1.2630445684771974 1.2663751901127387 3.9306336717963841 0.23582488558349757 0.73711749176618457 1.2910146651265679 1.4049766594434916 1.9067350945433648 1.7944345479918409 0.9857679980341344 0.32200397457927454 1.6457649111434873 3.419685254972137 0.66982038451442338
leaf_count=3038 103 94 10549 1023 611 75 513 612 836 1210 15 670 277 244
internal_value=-0.00509263 -0.00817684 -0.0110249 -0.000796969 0.0153675 -0.0211619 -0.028397 -0.0134021 -0.00200672 0.00291916 0.0175424 -0.00662814 0.0261289 -0.0145004
internal_weight=22.3544 21.0913 19.5029 10.2448 4.39263 9.25816 6.98138 5.85215 4.37099 2.27678 1.58838 3.05074 3.65551 2.57656
internal_count=19870 19767 19658 6641 1911 13017 11732 4730 1692 1285 109 1183 1300 856
is_linear=0
shrinkage=0.05


Tree=174
num_leaves=15
num_cat=0
split_feature=14 7 5 28 25 23 5 0 6 6 23 25 7 6
split_gain=0.854109 0.700993 0.80768 0.920958 0.949323 0.795951 0.644328 0.582422 0.583705 0.547283 0.521982 0.83811 0.50081 0.462768
threshold=0.05552986400791847 4.4186017428302957 1.7500000000000002 0.38383087070168082 2.4414009612931857 0.33638400774405713 3.5833333333333335 2.3502401828962087 3.9574317443096203 3.9574317443096203 0.62000804389958808 1.8688348091416842 3.9179919320456364 3.7517567920960846
decision_type=2 2 2 2 2 2 2 2 2 2 2 2 2 2
left_child=6 2 -2 5 12 -4 7 9 -9 -1 -7 -12 -5 -8
right_child=1 -3 3 4 -6 10 13 8 -10 -11 11 -13 -14 -15
leaf_value=-0.036197096667685731 0.029478515321893651 0.02905819917913733 -0.022867630918571604 -0.017859899621182295 -0.036337523726066814 0.021754381965316462 0.02559981282640135 0.023431008035172798 -0.018734907579895082 -0.0032879601755396062 0.019867702563392757 -0.02853527340666788 0.015604916814150363 -0.013984229141532724
leaf_weight=2.7323416432345793 1.4234692188911147 2.2928903001593417 0.78335485759816936 0.84927753303600217 2.0705398936661368 5.0774982931434351 1.0150290930614572 0.93451613467186667 0.48889825931473752 2.2400101142729909 0.77361688042765286 0.8631175136215461 1.8728388097079003 0.38229772491104075
leaf_count=12924 86 84 393 953 749 904 20 19 197 1913 266 672 56 633
internal_value=0.00180611 0.00828247 0.00307001 -0.00197657 -0.0172241 0.00865001 -0.0109251 -0.0173504 0.00719369 -0.0244046 0.0148149 -0.00679889 0.00317091 0.0134542
internal_weight=23.7997 16.0066 13.7137 12.2902 4.79266 7.49759 7.79309 6.39577 1.42341 4.97235 6.71423 1.63673 2.72212 1.39733
internal_count=19869 4163 4079 3993 1758 2235 15706 15053 216 14837 1842 938 1009 653
is_linear=0
shrinkage=0.05


Tree=175
num_leaves=15
num_cat=0
split_feature=2 16 5 27 25 23 7 23 5 27 6 27 7 6
split_gain=0.604516 0.718042 0.513456 0.800932 0.648732 0.683824 0.647814 0.743086 0.667646 0.549786 0.546053 0.494653 0.471398 0.446186
threshold=2.4414009612931857 1.0000000180025095e-35 1.7500000000000002 0.32316875326443079 1.4978661367769956 0.72778012617792631 4.4186017428302957 0.34083864606854386 3.5833333333333335 0.66578700609031505 3.699446240432394 0.70520450683630642 2.9421514417660002 5.2724682103148881
decision_type=2 2 2 2 2 2 2 2 2 2 2 2 2 2
left_child=1 2 13 12 9 6 7 -6 -9 10 -5 -8 -4 -1
right_child=-2 -3 3 4 5 -7 11 8 -10 -11 -12 -13 -14 -15
leaf_value=0.022003908968882088 -0.025177254429965087 0.03044038856513212 -0.016008865828858205 -0.013826857109083143 0.011298839057743457 0.0077182222635579518 0.018365488801428648 -0.043136801118496763 0.0091469958186122351 -0.017010233681475456 0.026306108450290935 -0.019166344602024127 0.017329734511385982 -0.013761447571885844
leaf_weight=3.496911556794664 0.75616971091585483 1.5464239709544916 0.46975935494174947 0.45286126248356495 0.4463183228363049 1.756604887466892 1.0267625495762329 3.7359361771759723 0.34439318971999444 0.78316220545730164 2.1669419835761801 0.56142552604796936 5.0108855229791516 0.36662407294716093
leaf_count=75 166 141 6824 1242 284 1952 48 5366 91 1014 210 790 971 642
internal_value=0.00333956 0.0053573 0.00215498 -0.0018899 -0.00930335 -0.0165793 -0.023663 -0.0317831 -0.037792 0.00746983 0.0174654 0.00281883 0.0124429 0.0164783
internal_weight=22.9212 22.165 20.6186 16.7551 11.2744 7.87144 6.11484 4.52665 4.08033 3.40297 2.6198 1.58819 5.48064 3.86354
internal_count=19816 19650 19509 18792 10997 8531 6579 5741 5457 2466 1452 838 7795 717
is_linear=0
shrinkage=0.05


Tree=176
num_leaves=15
num_cat=0
split_feature=27 0 29 0 6 7 6 30 30 30 28 29 27 30
split_gain=0.891572 0.692874 0.628123 0.436126 0.629154 0.614086 0.383699 0.376411 0.281404 0.277601 0.34457 0.654418 0.510521 0.405668
threshold=0.17282135079393179 0.89587973461402759 0.30973942003438765 2.3502401828962087 3.9574317443096203 3.9674747795034579 4.7594095002760239 1.6703303154069353 1.6925026597870694 3.4731331151338662 0.63979010587579721 0.34144929990966583 0.3493412726778205 2.505994266901558
decision_type=2 2 2 2 2 2 2 2 2 2 2 2 2 2
left_child=-1 2 -2 5 -5 8 -7 -4 -3 10 11 12 -9 -13
right_child=1 3 7 4 -6 6 -8 9 -10 -11 -12 13 -14 -15
leaf_value=-0.02846419672110816 -0.018907618115082174 0.0038737891262146337 -0.0082482539064621507 0.025006784416926144 -0.018557274241609082 0.012230194700072921 -0.016696449368348971 0.034420297755070203 -0.036901749206698121 -0.0059942994391095549 0.027758170818637434 0.0068447299731731678 -0.0092873884070408339 -0.018210744087595029
leaf_weight=1.5139529628804691 0.96212494993506226 0.29031341743211614 1.4156385296328142 1.0476649701595304 0.48733185053424666 1.8068992860025903 0.93859483892811102 1.8665049292476363 1.7921206352757506 0.99463911181828812 3.8169514357368826 3.7281164515716227 0.40472345845773805 1.4670004986837737
leaf_count=4310 3842 46 866 19 215 268 1046 111 1380 1340 1854 2187 216 2186
internal_value=-0.000265229 0.0029664 0.00880101 -0.00984252 0.00931153 -0.0164852 0.000523636 0.0119021 -0.0318046 0.0146717 0.0168331 0.00862905 0.0261736 -0.00202793
internal_weight=22.5326 21.0186 14.6557 6.36292 1.535 4.82793 2.74549 13.6936 2.08243 12.2779 11.2833 7.46635 2.27123 5.19512
internal_count=19886 15576 12602 2974 234 2740 1314 8760 1426 7894 6554 4700 327 4373
is_linear=0
shrinkage=0.05


Tree=177
num_leaves=15
num_cat=0
split_feature=4 0 23 23 27 29 30 27 29 30 25 16 7 7
split_gain=0.793139 0.7386 0.555426 0.697676 0.679489 0.415487 0.430736 0.685121 0.396091 0.330035 0.288761 0.251428 0.272062 0.496853
threshold=4.2500000000000009 2.3502401828962087 0.47453067244967734 0.68837693805611899 0.56978649404763593 0.34144929990966583 2.5904001264890253 0.49752420639784295 0.25820768859100324 2.8266209429857212 2.6735537653587347 0.027207162672390661 3.8800433413825615 4.1728935973770644
decision_type=2 2 2 2 2 2 2 2 2 2 2 2 2 2
left_child=2 -2 11 5 -5 8 7 -7 -4 -8 -9 12 -1 -14
right_child=1 -3 3 4 -6 6 9 10 -10 -11 -12 -13 13 -15
leaf_value=-0.02146421857632258 -0.037402248903758671 0.0091383397124698423 -0.0090908698149755572 -0.025301283000626947 0.0091834719080596192 -0.026232620740165052 0.028298997579701668 0.018887164228780354 0.032760700004354097 -0.00072534016586156178 -0.0095861993655871336 0.013518646096488658 0.018396746225857911 -0.013626239331814713
leaf_weight=2.1136412001724301 1.3003520526217465 0.84076050500516419 0.220836333836813 1.5326589627711649 2.438262937905165 1.111896564311792 1.7375443744340375 1.626953175853487 3.2683198025006277 1.4490859133056799 0.60460861877709238 0.3684741377364843 1.0870236807786571 1.8868979476428647
leaf_count=5118 637 154 2014 3569 1856 1380 779 571 638 1910 654 32 78 346
internal_value=0.00142845 -0.0220358 0.00496335 0.010057 -0.00653889 0.016631 0.00724113 -0.0048733 0.0286768 0.0180798 0.0105935 -0.0076324 -0.0111334 -0.000237327
internal_weight=21.5873 2.14111 19.4462 13.9902 3.97092 10.0192 6.53009 3.34346 3.48916 3.18663 2.23156 5.45604 5.08756 2.97392
internal_count=19736 791 18945 13371 5425 7946 5294 2605 2652 2689 1225 5574 5542 424
is_linear=0
shrinkage=0.05


Tree=178
num_leaves=15
num_cat=0
split_feature=28 30 16 5 7 27 6 7 23 23 7 5 13 6
split_gain=0.743406 0.712573 0.632762 0.524993 0.533223 0.521756 0.613473 1.07682 0.761515 0.653567 0.640335 0.598346 0.397119 0.292974
threshold=0.9172857092698391 3.3177900677670569 1.0000000180025095e-35 1.7500000000000002 2.9421514417660002 0.70520450683630642 4.0231389717980077 3.7442327417766639 0.48502956425772725 0.31820885657795256 3.7087654965137542 3.5833333333333335 4.5000000000000009 5.2724682103148881
decision_type=2 2 2 2 2 2 2 2 2 2 2 2 2 2
left_child=2 -2 3 13 -5 6 7 8 9 -6 -10 -7 -9 -1
right_child=1 -3 -4 4 5 11 -8 12 10 -11 -12 -13 -14 -15
leaf_value=0.028048304440438678 -0.02656650443164198 0.014332552636495461 0.029740298339338989 -0.025285205674112316 -0.014453525626699838 -0.025177775328908178 0.019251137225291159 -0.035685472184206077 -0.024295847578622243 0.031260708997423552 0.017750455631001163 0.013026889294542578 0.0087314395740577862 -0.0086016059659869849
leaf_weight=1.5854561077430904 2.7675034509429675 0.75871244010158978 1.4564782886300225 1.0195943293038023 0.37259093264401455 2.08716873269077 4.6011178156550159 1.4631448882682887 1.5113519767537584 2.4807585995476984 0.54597239863142011 0.78814167769451149 0.21076764445751894 0.19833330523397297
leaf_count=49 1188 313 130 14649 237 839 259 290 1160 267 20 285 9 240
internal_value=0.00178507 -0.0165442 0.00598659 0.00238518 -0.00121888 0.0020892 0.00704921 -0.00289116 0.00937262 0.0230896 -0.0109814 -0.0140464 -0.028919 0.0223473
internal_weight=21.8471 3.52622 18.3209 16.8644 15.0806 14.061 11.1857 6.58459 4.91067 2.85335 2.05732 2.87531 1.67391 1.78379
internal_count=19935 1501 18434 18304 18015 3366 2242 1983 1684 504 1180 1124 299 289
is_linear=0
shrinkage=0.05


Tree=179
num_leaves=15
num_cat=0
split_feature=16 23 23 28 29 12 25 23 2 28 28 30 7 7
split_gain=0.548051 0.606945 0.860634 0.744571 1.1612 0.767161 0.890042 0.499385 0.473738 0.446655 0.497625 0.480868 0.347951 0.60852
threshold=1.0000000180025095e-35 0.45876258610661241 0.48502956425772725 0.68369523948441524 0.31360927477617201 0.87500000000000011 0.89587973461402759 0.61862383613355332 2.4414009612931857 0.9172857092698391 0.95463022597029557 3.4411679435429128 4.0181259238190483 4.1728935973770644
decision_type=2 2 2 2 2 2 2 2 2 2 2 2 2 2
left_child=1 12 -3 4 7 6 -6 -4 -2 11 -11 -5 -1 -14
right_child=8 2 3 9 5 -7 -8 -9 -10 10 -12 -13 13 -15
leaf_value=-0.025843834595645373 0.029881929824053095 0.027177087818685192 0.023789154047674427 0.024577956169642683 0.012952534696422116 0.014516953846521916 -0.040214468089276229 -0.01540447272597042 -0.012333022934637089 -0.021698726360923785 0.013234072354629537 -0.012554174934646351 0.020491104537588938 -0.01650427785153483
leaf_weight=2.6099899979162791 1.4750643409788597 1.9344498887676298 1.6179301059837579 3.2059967876057276 0.45825482435157061 0.44339916060562234 3.5188776491277167 0.38084605663971149 0.28710830630734552 1.2080479548658334 0.99369412774103683 0.44047642186251312 0.91715204823049168 1.6501465840847229
leaf_count=4889 142 674 1364 1667 211 28 5744 2613 14 590 458 884 31 455
internal_value=0.000134309 -0.00270432 0.00280478 -0.00279718 -0.0135963 -0.026175 -0.0327169 0.0136746 0.021029 0.00931099 -0.00672357 0.018356 -0.0158241 -0.00124862
internal_weight=21.1414 19.3793 14.202 12.2675 6.41931 4.42053 3.97713 1.99878 1.76217 5.84822 2.20174 3.64647 5.17729 2.5673
internal_count=19764 19608 14233 13559 9960 5983 5955 3977 156 3599 1048 2551 5375 486
is_linear=0
shrinkage=0.05


Tree=180
num_leaves=15
num_cat=0
split_feature=18 14 30 29 29 30 3 5 6 2 2 6 6 27
split_gain=0.600481 0.52137 0.488466 0.86341 0.541359 0.540355 0.438783 0.603709 0.603575 0.341494 0.329665 0.329147 0.324368 0.318294
threshold=1.0000000180025095e-35 0.056920056398945658 2.6219866034954085 0.33738955921583991 0.40492945346980941 3.062678130647996 2.4414009612931857 3.5833333333333335 3.8919082160237468 2.4414009612931857 2.4414009612931857 3.7226998520434811 3.6785681060026527 0.084672118404747795
decision_type=2 2 2 2 2 2 2 2 2 2 2 2 2 2
left_child=1 6 3 -3 -5 13 7 8 -1 -2 -8 -9 -6 -4
right_child=9 2 5 4 12 -7 10 11 -10 -11 -12 -13 -14 -15
leaf_value=-0.037994854577456369 0.030735958586195319 -0.030248264407638503 -0.009096293376121653 0.024829761313287815 -0.018197530885139836 -0.0090888110961423706 0.021720282834347265 0.022003836223560669 -0.0033289004472638593 -0.0091736075612856901 -0.012960321884540769 -0.012441028253486492 0.004570674924684554 0.02730331436825726
leaf_weight=2.0716369448009635 1.5838514626957465 1.1298925651517473 0.20564339455267999 1.5236432045367108 1.2750266321272645 1.0680391793903252 0.8651819772494489 0.76364946042303905 2.4819554158393657 0.19371655862778414 0.2731632727154647 0.32960466710937908 4.1427540845397743 3.6876046377783496
leaf_count=12735 147 754 197 155 945 929 61 11 2004 12 131 647 229 868
internal_value=0.00287724 -0.000165929 0.00559883 -0.00216706 0.00563721 0.016477 -0.0105354 -0.0159522 -0.0231017 0.0246498 0.0112291 0.0106367 -0.00278819 0.0239146
internal_weight=21.5954 19.8178 13.0326 8.07132 6.94142 4.96129 6.78519 5.64685 4.55359 1.77757 1.13835 1.09325 5.41778 3.89325
internal_count=19825 19666 4077 2083 1329 1994 15589 15397 14739 159 192 658 1174 1065
is_linear=0
shrinkage=0.05


Tree=181
num_leaves=15
num_cat=0
split_feature=6 7 8 18 30 30 30 5 25 14 30 6 2 7
split_gain=0.61098 0.434854 0.523905 0.414189 0.681355 0.338535 0.89546 0.51566 0.382791 0.367551 0.32396 0.239478 0.220424 0.192349
threshold=4.9339566026354147 4.4186017428302957 1.377709388886337 1.0000000180025095e-35 2.8923127545612006 2.6630943217977836 2.381204734820658 1.7500000000000002 3.1132683346437333 0.056920056398945658 1.6214223009987723 3.4916335344891389 2.4414009612931857 2.9421514417660002
decision_type=2 2 2 2 2 2 2 2 2 2 2 2 2 2
left_child=1 3 -3 4 5 6 8 -8 10 -7 -1 -6 -5 -12
right_child=-2 2 -4 12 11 9 7 -9 -10 -11 13 -13 -14 -15
leaf_value=-0.0091554934647739214 -0.018623513591045505 0.031681231734622929 -0.012079976945641731 0.02840379454228938 -0.00070454383607104168 -0.0076034825322363097 0.0080630694975930579 -0.03121815424054844 -0.01600170374437207 0.026174258177000139 -0.0060449235129211784 -0.027682641434275342 -0.0069230881203605644 0.016665612066310381
leaf_weight=0.98414257450168641 1.535934699790231 2.0796422364073801 0.3090795955795328 1.3058649362064887 1.3557074461132281 0.575111477427526 0.71355803941696683 1.7116157585523968 0.55636546797632114 2.2077660724662564 0.54061226649537086 1.325668156145184 0.13218972086906422 7.7887637984104003
leaf_count=657 1976 85 70 104 5094 1961 17 3144 596 572 4123 782 1 681
internal_value=0.00503185 0.00746505 0.0241251 0.00430022 0.00155635 0.00592342 0.00174891 -0.0206807 0.00865574 0.019029 0.0115374 -0.017939 0.0236488 0.0147017
internal_weight=23.122 21.5861 2.38872 19.1974 17.7593 15.0779 12.2951 2.42517 9.86988 2.78288 9.31352 2.68138 1.43805 8.32938
internal_count=19863 17887 155 17732 17627 11751 9218 3161 6057 2533 5461 5876 105 4804
is_linear=0
shrinkage=0.05


Tree=182
num_leaves=15
num_cat=0
split_feature=29 13 5 29 4 0 6 27 30 30 30 6 6 14
split_gain=0.748686 0.697311 0.816797 0.621446 0.596767 0.84876 0.514747 0.432171 0.410918 0.398566 0.368285 0.327619 0.387347 0.293486
threshold=0.62262677342918804 4.5000000000000009 1.7500000000000002 0.30973942003438765 4.2500000000000009 2.3502401828962087 3.9574317443096203 0.084672118404747795 1.6703303154069353 2.7890386329963035 2.885335451430616 5.2724682103148881 3.3408608595458582 0.27101739770380834
decision_type=2 2 2 2 2 2 2 2 2 2 2 2 2 2
left_child=3 2 4 9 11 -6 -7 -5 -9 -1 13 12 -2 -10
right_child=1 -3 -4 7 5 6 -8 8 10 -11 -12 -13 -14 -15
leaf_value=-0.023036684564167288 -0.0048950031747286146 0.022471303216954976 -0.025163517851252943 -0.014047390092237988 -0.034202618844883653 0.024449045962704724 -0.016331349851699466 -0.012694523000158692 0.028950221852981874 0.011007498814734187 -0.003359561543363239 -0.011296885298556027 0.031232921354341858 -0.0014886081096208287
leaf_weight=1.126960375057936 0.69866408052621398 0.84384505543857891 4.2425896001041083 0.35669566874912462 1.0450111461796043 1.0052585052326319 0.39918347366619844 0.30022330471638081 6.1485289566971915 0.67090255476432492 1.0105020941909968 0.27435768413124595 1.6246593222022054 0.78392113796326146
leaf_count=3705 18 74 6584 714 513 21 138 352 2484 2477 2072 60 51 551
internal_value=0.0026185 -0.00673571 -0.0113148 0.0115262 0.00256252 -0.0126886 0.0108866 0.0168729 0.0195859 -0.0109389 0.0220891 0.016473 0.0221648 0.0257545
internal_weight=20.5313 10.1336 9.28972 10.3977 5.04713 2.44945 1.40444 8.59987 8.24318 1.79786 7.94295 2.59768 2.32332 6.93245
internal_count=19814 7459 7385 12355 801 672 159 6173 5459 6182 5107 129 69 3035
is_linear=0
shrinkage=0.05


Tree=183
num_leaves=15
num_cat=0
split_feature=6 27 7 29 28 27 6 30 14 30 29 25 14 23
split_gain=0.556534 0.417504 0.452149 0.64745 0.567615 0.52634 0.564376 0.561937 0.461103 0.416531 0.40795 0.638457 0.398142 0.395531
threshold=5.2724682103148881 0.98244843891995137 3.3630845931548374 0.45253659677927999 0.824547970038222 0.70520450683630642 4.0231389717980077 2.2527837100284853 0.29992276023777087 3.8086306038254105 0.55560933634505771 1.8688348091416842 0.1162330617881263 0.57528489523283732
decision_type=2 2 2 2 2 2 2 2 2 2 2 2 2 2
left_child=1 2 3 12 5 6 7 -4 -8 -6 11 13 -1 -9
right_child=-2 -3 4 -5 9 -7 8 10 -10 -11 -12 -13 -14 -15
leaf_value=-0.012079054152360828 -0.021647929037551458 -0.016641818352215419 -0.021050640496766634 -0.016255333902478391 0.033552811817527284 -0.014517323149729963 0.027450407741731388 -0.011461337966618341 -0.011903098627724346 -0.0093079479238024256 0.023066012236734174 -0.024169314359379 0.02043258988030407 0.025574316142981213
leaf_weight=0.55860410453079667 0.74426935648443659 0.72384013177906936 1.2112605168476855 2.8544843727777334 3.2890736185654528 1.4608144939938927 4.0528898478660267 0.42012876120134091 0.29835078022369987 0.2225280954298795 1.6064022480850324 0.99573156293627096 2.339223482649686 0.97351082065870287
leaf_count=6635 1938 113 255 7549 103 428 234 91 42 31 246 246 1850 42
internal_value=0.0061485 0.00807226 0.00969473 -0.0019628 0.0141389 0.00724307 0.0116287 -7.57195e-05 0.0230319 0.0293757 0.00922349 -0.00414261 0.0126744 0.0142856
internal_weight=21.7511 21.0068 20.283 5.75231 14.5307 11.0191 9.55827 5.20703 4.35124 3.5116 3.99577 2.38937 2.89783 1.39364
internal_count=19803 17865 17752 16034 1718 1584 1156 880 276 134 625 379 8485 133
is_linear=0
shrinkage=0.05


Tree=184
num_leaves=15
num_cat=0
split_feature=13 14 28 7 6 27 32 6 7 16 30 30 7 19
split_gain=0.683212 0.799942 0.987473 0.688837 0.706851 0.779549 0.599248 0.825844 0.569433 0.328165 0.328004 0.327872 0.277998 0.214914
threshold=4.5000000000000009 0.15562789528499019 0.55505760190641473 3.3630845931548374 3.5841285577673907 0.70520450683630642 0.41428571428571431 3.2109335079208243 3.4630510996668664 1.0000000180025095e-35 2.2602776356749144 2.0447141586999069 4.0181259238190483 1.5000000000000002
decision_type=2 2 2 2 2 2 2 2 2 2 2 2 2 2
left_child=1 2 -1 -4 -5 -6 7 -3 -8 11 -10 12 -9 -7
right_child=-2 6 3 4 5 13 8 9 10 -11 -12 -13 -14 -15
leaf_value=-0.036631052426360881 0.025727509168037316 0.016518976365392121 -0.027421780513449064 0.026751457898025251 0.019956737662754079 0.0089965020206052657 -0.013741915007968604 -0.016237795240565369 -0.0056096453359547986 0.010622070844345959 0.031663127599915873 -0.032127515380990651 0.014219032670447582 -0.018608486237821222
leaf_weight=2.2172899387351261 1.1016987855546165 1.9211471839989807 1.2402564734529731 1.4190965710731687 1.2689445389769387 0.21889623347669873 0.43443341238889877 0.37736353457512517 0.38090253014888764 0.26851917337626208 2.7113337719638366 1.7962528223943079 0.64374619611044182 3.775928710711014
leaf_count=10080 101 2126 3830 129 108 19 821 49 36 13 63 420 11 1978
internal_value=-0.00145225 -0.00428193 -0.0132128 -0.0032885 0.00417658 -0.00520873 0.00660324 -0.00451152 0.0198941 -0.0184428 0.026823 -0.0232699 0.000498307 -0.0155975
internal_weight=19.7758 18.6741 10.1404 7.92312 6.68287 5.26377 8.5337 5.00703 3.52667 3.08588 3.09224 2.81736 1.02111 3.99482
internal_count=19784 19683 16144 6064 2234 2105 3539 2619 920 493 99 480 60 1997
is_linear=0
shrinkage=0.05


Tree=185
num_leaves=15
num_cat=0
split_feature=23 23 30 26 7 16 20 5 6 30 12 12 0 6
split_gain=1.17265 0.660303 0.510833 0.486681 0.355134 0.354625 0.336416 0.318437 0.304393 0.306858 0.282712 0.268028 0.207245 0.170902
threshold=0.47453067244967734 0.68837693805611899 2.0447141586999069 1.5000000000000002 2.9421514417660002 0.027207162672390661 1.0000000180025095e-35 1.7500000000000002 5.2724682103148881 3.4411679435429128 0.87500000000000011 0.87500000000000011 0.89587973461402759 2.5756249388690775
decision_type=2 2 2 2 2 2 2 2 2 2 2 2 2 2
left_child=5 3 12 4 -2 11 7 -4 9 -6 -9 13 -3 -1
right_child=1 2 6 -5 8 -7 -8 10 -10 -11 -12 -13 -14 -15
leaf_value=0.0024216203186892792 -0.0062449888326521971 0.020271925349388584 0.00253711604842139 -0.01314655875295581 0.026808549903127671 0.012518058096801475 0.011877270500982131 -0.034435502977336593 -0.009042144719923385 -0.0083800099287513075 0.0062846247542639845 0.0091256589637077699 -0.0083220106634962539 -0.025010158530931755
leaf_weight=0.45379701611455203 0.72650489613533586 1.2404836265714028 0.89151969924205365 0.52101713177489806 7.9725429115514963 0.33240193082019676 0.31038276781328011 1.5267999799452812 0.21979232095327539 0.22310551976806881 0.1835118562739807 0.23296390345785756 0.25629770049272327 3.9102921933690595
leaf_count=3363 5903 786 183 739 990 35 33 4539 576 95 19 17 89 2417
internal_value=0.00364378 0.0108968 -0.0044827 0.0176765 0.0205562 -0.0154071 -0.0151349 -0.0207602 0.0232875 0.0250435 -0.0293596 -0.0193021 0.0140036 -0.022238
internal_weight=19.0014 14.072 4.409 9.66296 9.14195 4.92946 2.91221 2.60183 8.41544 8.19565 1.71031 4.59705 1.49678 4.36409
internal_count=19784 13952 5649 8303 7564 5832 4774 4741 1661 1085 4558 5797 875 5780
is_linear=0
shrinkage=0.05


Tree=186
num_leaves=15
num_cat=0
split_feature=6 6 12 16 5 6 23 6 23 28 27 5 14 14
split_gain=0.588217 0.763351 0.51598 0.517788 0.488117 0.458816 0.35029 0.389173 0.312686 0.556334 0.275876 0.294508 0.270426 0.269904
threshold=3.4916335344891389 4.0231389717980077 0.87500000000000011 0.07043583197337959 3.5833333333333335 5.2724682103148881 0.47157354738430385 2.9384588441731685 0.6802189868331423 0.66277904227708972 0.56526414082322896 1.7500000000000002 0.99615729292963973 0.1476094510282788
decision_type=2 2 2 2 2 2 2 2 2 2 2 2 2 2
left_child=6 2 3 4 -2 8 -1 12 10 -10 13 -12 -8 -3
right_child=1 5 -4 -5 -6 -7 7 -9 9 -11 11 -13 -14 -15
leaf_value=-0.0097183060157013373 -0.037871479035210834 -0.0037366950105567199 0.011897076461970068 0.010976235668159768 0.0091544631900050411 -0.022146446064818484 -0.018514119615905388 0.019529735950826282 -0.024978235738048464 0.012732734609132474 0.016528028542026986 -0.010055978300426626 0.0099643971590108078 0.027839921784710894
leaf_weight=1.3977559963327646 3.3737660221217984 0.60514986989164787 0.36691735571366724 0.28006254788488139 0.241608269381686 0.77179059485388268 0.75016407070506808 4.4709218747802879 1.0103036698656072 1.0364180864089574 0.64410837017931077 1.8453768143444902 0.71885556385495875 1.8593171004995381
leaf_count=4590 1516 114 23 17 18 1920 7798 1685 197 130 23 482 1231 41
internal_value=-0.00230956 -0.00884705 -0.0235564 -0.0286439 -0.0334263 0.000985185 0.00818789 0.0131947 0.00598467 -0.00797075 0.0121207 -0.000412433 -0.00618682 0.0212458
internal_weight=19.3725 12.0348 4.26235 3.89544 3.61537 7.77246 7.3377 5.93994 7.00067 2.04672 4.95395 2.48949 1.46902 2.46447
internal_count=19785 4481 1574 1551 1534 2907 15304 10714 987 327 660 505 9029 155
is_linear=0
shrinkage=0.05


Tree=187
num_leaves=15
num_cat=0
split_feature=16 7 14 14 7 14 13 29 30 7 30 27 8 14
split_gain=0.733084 0.725601 0.759427 0.453254 0.493633 0.598834 0.607872 0.564395 0.410975 0.381165 0.324685 0.387941 0.305563 0.278983
threshold=1.0000000180025095e-35 3.3630845931548374 0.99615729292963973 0.065473630007609987 4.5314614791380778 0.19307250269339882 4.5000000000000009 0.59913038754673409 2.839658921357886 5.3234555491048932 2.2316701037974789 0.17282135079393179 2.8146337265085291 0.28916283568923556
decision_type=2 2 2 2 2 2 2 2 2 2 2 2 2 2
left_child=1 2 -1 8 5 6 -5 10 9 12 -7 -12 -3 -13
right_child=-2 3 -4 4 -6 7 -8 -9 -10 -11 11 13 -14 -15
leaf_value=-0.031260992350180997 0.024324554092595579 0.027090107847162089 0.009276599629551345 -0.036005861618693472 0.015481827058182369 -0.011623373553364777 0.012045354889192155 -0.020955417607408187 -0.0076326981334656017 -0.011651545840116751 -0.011943424209177371 0.030253151714107862 -0.0089913974832745418 -0.0070811628080812879
leaf_weight=3.0957487203854788 1.379464158322661 3.2499188999263415 1.0818064203540414 2.0101313133345688 1.1327139567001721 0.43175236668321382 0.31630199635401357 0.94115685176075192 1.4803412611636302 0.30354562222055381 0.2594299987140406 1.8516493852948772 0.19483947108892596 0.20892899764658057
leaf_count=14232 150 677 1952 77 34 36 19 157 999 1187 18 14 124 95
internal_value=-0.00183431 -0.00527484 -0.0209993 0.00120383 -0.00664365 -0.0124196 -0.0278157 0.00113987 0.0112813 0.0187855 0.0122681 0.0188761 0.0234855 0.0253909
internal_weight=17.9377 16.5583 4.17756 12.3807 7.15206 6.01935 2.32643 3.69292 5.22865 3.7483 2.75176 2.32001 3.44476 2.06058
internal_count=19771 19621 16184 3437 450 416 96 320 2987 1988 163 127 801 109
is_linear=0
shrinkage=0.05


Tree=188
num_leaves=15
num_cat=0
split_feature=6 7 8 16 30 5 14 29 25 29 25 14 12 2
split_gain=0.491456 0.50863 0.639416 0.520497 0.630739 0.788414 0.537133 0.433601 1.24811 0.535079 0.511673 0.425004 0.423341 0.409629
threshold=5.2724682103148881 4.321497902261858 1.0000000180025095e-35 1.0000000180025095e-35 2.381204734820658 1.7500000000000002 0.058516247000031857 0.40492945346980941 2.6735537653587347 0.5914265478164733 2.6735537653587347 0.05552986400791847 0.87500000000000011 2.4414009612931857
decision_type=2 2 2 2 2 2 2 2 2 2 2 2 2 2
left_child=1 3 -3 4 7 13 11 8 -1 -9 -11 -7 -8 -6
right_child=-2 2 -4 -5 5 6 12 9 -10 10 -12 -13 -14 -15
leaf_value=0.031483108500406316 -0.021449795219894152 0.032388474465550134 -0.0065975501266146404 0.02566011476298672 0.022698319356764821 -0.014222914772913615 -0.038487184503936872 -0.023413097338151341 -0.022766583342874774 -0.01071884916430638 0.019736450042992695 0.019588248094895941 0.0083287313018140016 -0.014383312507057551
leaf_weight=2.8467314792478704 0.72964863176093686 2.3945935786032346 1.1006453042718929 1.04797227308154 1.254500263785302 1.2191183662198453 2.3599379114384651 1.0758434577810474 0.65252266244078772 1.6163467861169922 2.1242109579270618 0.59922435648149974 0.19855186715722073 0.30878916382789601
leaf_count=1592 1931 114 158 94 39 9016 2531 1434 684 1549 796 9 6 3
internal_value=0.00452133 0.00656182 0.0213752 0.00207503 -0.0012271 -0.0125675 -0.0222377 0.00735315 0.0185552 -0.00257639 0.00709128 -8.38535e-05 -0.0335345 0.01262
internal_weight=19.5286 18.799 3.49524 15.3037 14.2558 5.94012 4.37683 8.31566 3.49925 4.8164 3.74056 1.81834 2.55849 1.56329
internal_count=19956 18025 272 17753 17659 11604 11562 6055 2276 3779 2345 9025 2537 42
is_linear=0
shrinkage=0.05


Tree=189
num_leaves=15
num_cat=0
split_feature=0 0 28 30 30 14 25 12 6 30 27 30 6 27
split_gain=0.589671 0.534873 0.482884 0.785781 0.885781 0.482588 0.627507 0.577393 0.47928 0.440854 0.434688 0.291616 0.277723 0.273178
threshold=0.89587973461402759 2.3502401828962087 0.5462682864368259 2.6630943217977836 1.7666480653774166 0.27015020050567046 2.9700856263602158 0.87500000000000011 3.9574317443096203 1.6480770926468293 0.49329925435954708 3.4411679435429128 5.2724682103148881 0.4572269890125007
decision_type=2 2 2 2 2 2 2 2 2 2 2 2 2 2
left_child=2 10 3 4 -1 6 7 -6 -3 -4 -2 12 -11 -5
right_child=1 8 9 13 5 -7 -8 -9 -10 11 -12 -13 -14 -15
leaf_value=0.019304587235917978 0.011176182437175577 0.023057224699490661 -0.010159445720373653 0.021162909800424443 -0.041850924662449676 0.0072226921687540318 0.0045329590791590565 0.0093388280623109207 -0.016340974879818296 0.026292156489889185 -0.026996506467677081 -0.0036582915836186102 -0.0082345394279663298 -0.0097607982115768214
leaf_weight=0.89184347964419597 0.32650009269127567 0.90264826407656051 0.93971195106496352 2.2871416548182428 2.7913032991859841 0.80985365798096598 0.96958365568752913 0.26959341121255409 0.40654114828066668 4.2673523390321861 3.4341936498608447 0.90391330491365796 0.19702503226653778 0.28285430265759703
leaf_count=653 83 20 454 4149 4485 1131 821 34 217 2312 2589 1542 632 746
internal_value=-0.000642323 -0.0138383 0.00452998 -0.00335921 -0.0131149 -0.0213709 -0.0274099 -0.0361529 0.00904453 0.0139521 -0.0220309 0.0191053 0.0235403 0.0159787
internal_weight=19.6801 5.06988 14.6102 8.30217 5.73218 4.84033 4.03048 3.0609 1.30919 6.308 3.76069 5.36829 4.46438 2.57
internal_count=19868 2909 16959 12019 7124 6471 5340 4519 237 4940 2672 4486 2944 4895
is_linear=0
shrinkage=0.05


Tree=190
num_leaves=15
num_cat=0
split_feature=13 30 6 29 6 5 25 30 29 5 4 28 14 19
split_gain=0.509791 0.590295 0.49464 0.593325 0.591694 0.433244 0.348013 0.375109 0.299429 0.24276 0.601271 0.243935 0.205393 0.203835
threshold=4.5000000000000009 1.9929134900057537 3.7226998520434811 0.42864856525763656 3.1881110137345856 1.7500000000000002 2.602003343538398 2.7581913944084167 0.33348402652200126 1.7500000000000002 4.2500000000000009 0.39930705608374156 0.99615729292963973 7.5000000000000009
decision_type=2 2 2 2 2 2 2 2 2 2 2 2 2 2
left_child=1 -1 4 6 5 12 8 -8 -4 10 -5 -11 -3 -13
right_child=-2 2 3 9 -6 -7 7 -9 -10 11 -12 13 -14 -15
leaf_value=-0.018750898733984864 0.025117364086811235 -0.0091170751135700463 -0.008751392222029284 0.017795601080605794 0.019762156739438763 -0.020436733874387745 -0.021765922261570328 0.013689636719487986 0.026697211519469761 0.0037339868799348697 -0.02177849183818395 0.0055844060404678219 0.02040323812692935 -0.030772165225973865
leaf_weight=2.8318153446989589 1.0474028168246139 0.20813018717308485 0.2530676630967722 1.0980274031389852 5.1851498860378342 1.3562937216138344 0.678530062374193 0.45347064512407087 1.5191379743910145 0.49138688995753943 0.76948235531745002 0.12543706875294525 0.68463739333674312 2.1850803172410447
leaf_count=2842 97 7 84 81 1662 12055 48 22 74 234 568 9 51 2061
internal_value=0.00147339 -0.00117434 0.00310635 -0.00556457 0.0115523 -0.00763221 0.0101559 -0.00780359 0.0203044 -0.0154088 -0.00041883 -0.0226618 0.0123404 -0.0277077
internal_weight=18.887 17.8396 15.0078 7.57362 7.43421 2.24906 2.90421 1.132 1.77221 4.66941 1.86751 2.8019 0.892768 2.31052
internal_count=19895 19798 16956 3181 13775 12113 228 70 158 2953 649 2304 58 2070
is_linear=0
shrinkage=0.05


Tree=191
num_leaves=15
num_cat=0
split_feature=29 6 7 28 30 14 26 4 28 30 28 30 14 14
split_gain=0.507575 0.614507 0.393393 0.356722 0.339842 0.621577 0.339224 0.331231 0.268329 0.312154 0.277673 0.417296 0.554791 0.337424
threshold=0.38908439092369401 5.2724682103148881 3.3630845931548374 0.84105050196587416 2.7524759372112677 0.26416805702315976 1.5000000000000002 1.5833333333333337 0.98171116168917061 3.5029877005381955 0.74429078877222266 1.8456444149686246 0.14488015981396343 0.30517998154080928
decision_type=2 2 2 2 2 2 2 2 2 2 2 2 2 2
left_child=4 2 3 -2 5 -1 8 -5 9 10 11 -4 -13 -14
right_child=1 -3 6 7 -6 -7 -8 -9 -10 -11 -12 12 13 -15
leaf_value=-0.029582945865293489 -0.018345178083858851 -0.021167166866868471 -0.011154658733232563 0.021152266279219092 0.0079496178292515884 0.0098476944242150283 -0.012617020533947879 -0.010180230999709355 -0.0064379608257203493 -0.0088891626595526737 0.033720321884784667 -0.0044302097631276748 0.02968674564712891 -0.0087515017587246457
leaf_weight=1.9747879193819273 1.1974784237913785 0.71352659636613758 0.87573354868799658 0.95279443145409437 1.2086170281709199 0.90709534483357845 0.33087060470916263 0.6873518398097076 0.64135968545451838 0.39655019578640427 2.6506780637137126 1.7662150825217393 3.5875942613347438 0.20679195200136735
leaf_count=3553 7942 1951 92 465 3374 837 351 441 9 81 129 497 43 87
internal_value=0.00375237 0.00821789 0.0111657 -0.00421738 -0.0101493 -0.0178322 0.0153443 0.00913904 0.01731 0.0193769 0.0213694 0.0124324 0.0172811 0.0262035
internal_weight=18.0974 14.0069 13.2934 2.83762 4.0905 2.88188 10.4558 1.64015 10.1249 9.48356 9.08701 6.43633 5.5606 3.79439
internal_count=19852 12088 10137 8848 7764 4390 1289 906 938 929 848 719 627 130
is_linear=0
shrinkage=0.05


Tree=192
num_leaves=15
num_cat=0
split_feature=23 6 23 7 23 0 23 14 23 23 30 30 6 31
split_gain=0.467638 0.443588 0.316536 0.522731 0.377789 0.399756 0.384052 0.37074 0.745733 0.300209 0.308547 0.373519 0.244219 0.220739
threshold=0.47733982948708442 4.9339566026354147 0.48502956425772725 4.2507480497034171 0.57528489523283732 2.3502401828962087 0.66124115946559814 0.26555728142207846 0.72778012617792631 0.34083864606854386 2.4133814490630696 2.2602776356749144 4.6173733737079372 1.377709388886337
decision_type=2 2 2 2 2 2 2 2 2 2 2 2 2 2
left_child=9 2 -2 4 5 -4 -6 8 -8 10 11 -1 -11 -5
right_child=1 -3 3 13 6 -7 7 -9 -10 12 -12 -13 -14 -15
leaf_value=-0.0075334213349421211 0.027461911799776639 -0.015265567676525022 -0.022981032531793417 0.027698489095133668 0.018474878960457582 0.013007400521254096 -0.027747463519347645 0.015313014467359432 0.0090117439449230122 -0.024410394503361164 -0.011616338505794438 0.02498377748279642 0.0069504138243607384 -0.0066756506837173787
leaf_weight=0.91586638790977604 1.5478798196645556 0.93632266998065539 1.656594320481416 2.1281453420597241 2.640483013679841 0.34612742997705925 1.705725364229693 1.1153570186961586 2.0769455577392364 1.797783196292585 1.4296941954653446 1.0606818415499217 0.32109584457430163 0.15310866267100198
leaf_count=921 193 1501 2778 99 3204 9 1941 1044 3115 2321 2114 292 260 90
internal_value=0.00373617 0.00837005 0.0109724 0.0068401 0.000831017 -0.0145007 0.00612538 -0.00253574 -0.00989998 -0.00770658 0.00200317 0.0124475 -0.0189532 0.0240601
internal_weight=19.8318 14.3067 13.3704 11.8225 9.54123 2.00272 7.53851 4.89803 3.78267 5.52512 3.40624 1.97655 2.11888 2.28125
internal_count=19882 13974 12473 12280 12091 2787 9304 6100 5056 5908 3327 1213 2581 189
is_linear=0
shrinkage=0.05


Tree=193
num_leaves=15
num_cat=0
split_feature=2 4 6 27 14 5 6 13 16 29 30 27 28 30
split_gain=0.883767 0.348186 0.396042 0.278426 0.29813 0.32863 0.324944 0.254619 0.231737 0.225557 0.314032 0.244005 0.557881 0.269615
threshold=0.89587973461402759 9.5000000000000018 3.7517567920960846 0.084672118404747795 0.05552986400791847 3.5833333333333335 3.7517567920960846 4.5000000000000009 0.59480585214883275 0.30179375804375813 2.7890386329963035 0.32316875326443079 0.53337659528444747 2.3552523625041273
decision_type=2 2 2 2 2 2 2 2 2 2 2 2 2 2
left_child=3 8 -3 -1 5 7 -7 -5 -2 10 -6 -11 13 -13
right_child=1 2 -4 4 9 6 -8 -9 -10 11 -12 12 -14 -15
leaf_value=-0.012651383092654959 -0.022406723534200639 0.021107075834135059 -0.015632602230990889 -0.023060535244333158 -0.017938578803137255 0.022494784402312021 -0.012031276754210063 0.0093442462782587377 0.0082503659899114696 0.027472678925105638 0.01365899009560686 -0.020727671065171843 0.017890077345729564 0.0054591554584729135
leaf_weight=0.48750189187922188 3.4845822824322563 0.71942234970629193 0.36075157065351959 1.0700043979481955 0.62215080385249055 0.80093378503806867 0.31290057926344161 0.22908642119728018 0.19701565196737636 3.0547374483166987 0.55951010138414858 0.95772158924410211 5.0021336435183912 1.3277338130410496
leaf_count=2146 2531 19 128 11035 638 20 660 18 14 670 546 282 904 277
internal_value=0.00382247 -0.0131191 0.0072205 0.00990314 0.0114862 -0.00337973 0.0116924 -0.0157673 -0.0193543 0.0146203 -0.00357423 0.0168309 0.00959351 -0.00848331
internal_weight=19.1862 4.76177 1.08017 14.4244 13.9369 2.41293 1.11383 1.29909 3.6816 11.524 1.18166 10.3423 7.28759 2.28546
internal_count=19888 2692 147 17196 15050 11733 680 11053 2545 3317 1184 2133 1463 559
is_linear=0
shrinkage=0.05


Tree=194
num_leaves=15
num_cat=0
split_feature=4 16 30 7 5 5 12 24 25 30 23 6 7 14
split_gain=0.515477 0.519754 0.69089 0.886565 0.594203 0.542298 0.519861 0.458605 0.416382 0.39772 0.260213 0.258205 0.208931 0.227534
threshold=4.2500000000000009 1.0000000180025095e-35 2.381204734820658 4.4186017428302957 1.7500000000000002 3.5833333333333335 0.87500000000000011 1.0000000180025095e-35 3.0677824455408698 1.6480770926468293 0.59695192210081038 5.2724682103148881 2.9421514417660002 0.2721087720154029
decision_type=2 2 2 2 2 2 2 2 2 2 2 2 2 2
left_child=1 2 8 4 -4 6 -6 11 9 10 -1 -5 -11 -14
right_child=-2 -3 3 7 5 -7 -8 -9 -10 12 -12 -13 13 -15
leaf_value=-0.020890528280169917 -0.020640774380491732 0.02638894341731822 0.010163337513605909 0.026557832226683675 -0.038329064354268041 0.011344217900367723 0.0086583905795751051 -0.014584622213482246 -0.016919097000421043 -0.0051095313828703522 0.0089327701876881754 -0.0080770285616006254 0.022366865733588689 -0.0061694492851071744
leaf_weight=0.57806426618890838 1.6223968185404363 1.1118779876269389 0.70344730463693927 1.6028379646013493 3.3659684238136824 0.29486383957919304 0.30540369969094161 0.48465730701354903 0.48373705768244679 0.54046495530701566 0.58149249329653685 0.19030785463473865 5.4727384392945169 0.36176020688071719
leaf_count=389 774 136 34 79 11398 48 29 276 898 3977 346 600 746 123
internal_value=-1.01542e-06 0.00316843 -0.000101525 -0.0108437 -0.0218776 -0.0284625 -0.0334036 0.0115499 0.00937648 0.0128493 -0.00872377 0.0213063 0.0174242 0.0199537
internal_weight=17.7 16.0776 14.9657 6.94749 4.66968 3.96624 3.67137 2.2778 8.01826 7.53452 1.15956 1.79315 6.37496 5.8345
internal_count=19853 19079 18943 12464 11509 11475 11427 955 6479 5581 735 679 4846 869
is_linear=0
shrinkage=0.05


Tree=195
num_leaves=15
num_cat=0
split_feature=16 30 28 23 30 14 25 30 30 23 26 7 14 23
split_gain=0.385684 0.516968 0.766093 0.569141 0.499042 0.417619 0.377759 0.405764 0.324813 0.286565 0.281612 0.239057 0.23144 0.228396
threshold=1.0000000180025095e-35 2.2738506859561105 0.34333339583372402 0.71075305377562292 2.8923127545612006 0.22180231756945226 3.1132683346437333 1.6214223009987723 3.4039473102082698 0.59695192210081038 1.5000000000000002 2.9421514417660002 0.23226975964619209 0.65614028182833561
decision_type=2 2 2 2 2 2 2 2 2 2 2 2 2 2
left_child=1 6 -3 4 10 13 7 9 -5 -1 -4 -9 -13 -6
right_child=-2 2 3 8 5 -7 -8 11 -10 -11 -12 12 -14 -15
leaf_value=-0.020920460336387801 0.023098966052796543 -0.029904311668453198 0.020805243735864603 -0.026251554239078403 -0.027000323491639045 0.011487308115618254 -0.014743274085407473 -0.0058234492353731668 0.0071890178203571093 0.0098295489857900716 -0.010282863897660508 0.024265516740632341 -0.00691299429193228 0.005386093184851868
leaf_weight=0.5712914944433638 1.3320515905506898 1.5453512507779112 3.9387253548347854 1.3833570406823126 1.0950543741628282 0.96259645385089232 0.49407231956774911 0.46650781020070997 0.53525718473974837 0.63065709004877135 0.23903583501669334 4.9835694099865577 0.23437624366488297 0.34751147879433109
leaf_count=382 162 6185 1921 1467 2696 549 604 3334 505 344 402 727 116 463
internal_value=0.00398379 0.0013485 -0.00582975 0.0012331 0.00834061 -0.00785994 0.0106498 0.01411 -0.0176556 -0.00764937 0.0173841 0.019167 0.0219785 -0.0201875
internal_weight=18.7594 17.4274 10.0469 8.50154 6.58292 2.40516 7.38047 6.8864 1.91861 1.20195 4.17776 5.68445 5.21795 1.44257
internal_count=19857 19695 14188 8003 6031 3708 5507 4903 1972 726 2323 4177 843 3159
is_linear=0
shrinkage=0.05


Tree=196
num_leaves=15
num_cat=0
split_feature=23 23 28 29 7 13 29 6 19 25 28 28 25 7
split_gain=0.463877 0.485611 0.429648 0.7181 0.545047 0.618394 0.483411 0.368509 0.303323 0.319164 0.28663 0.300411 0.2484 0.215733
threshold=0.45107813009021513 0.48502956425772725 0.63979010587579721 0.26604932155414585 4.321497902261858 4.5000000000000009 0.9931910576958104 5.2724682103148881 7.5000000000000009 3.1132683346437333 0.53337659528444747 0.66813857333220439 2.602003343538398 3.1717757263905457
decision_type=2 2 2 2 2 2 2 2 2 2 2 2 2 2
left_child=10 12 3 -3 5 8 7 13 -5 -10 -1 -12 -2 -4
right_child=1 2 6 4 -6 -7 -8 -9 9 -11 11 -13 -14 -15
leaf_value=-0.0246136179480517 -0.0058672907540077797 0.017450690584091176 -0.0008440305216929104 0.0070032778517317906 0.0085800140330459761 0.013505400024297218 -0.01260730871117741 -0.012569623458141692 -0.039997653980470671 0.00020151629554915221 0.013883951568518427 -0.010881139338668272 0.029986451931176984 0.024094260876842424
leaf_weight=1.2168451152570039 0.23944598049183596 1.3223334993581355 0.97031182728551346 0.16206868179142553 1.1707309362573139 0.36882293759845186 1.09510017915818 0.33285060489106388 2.4029702411412477 0.56588443611508399 1.097406139327177 1.9464856888071151 1.6174800709304689 3.9732834953574638
leaf_count=3317 412 3466 2316 5 171 25 88 1289 5209 818 562 1307 493 385
internal_value=0.00198592 0.00631977 0.00186903 -0.00715295 -0.0159679 -0.0242615 0.0101739 0.0161574 -0.0309028 -0.0342152 -0.0109311 -0.000727229 0.0249278 0.019881
internal_weight=18.482 14.2213 12.3644 5.99281 4.67048 3.49975 6.37155 5.27645 3.13092 2.96885 4.26074 3.04389 1.85693 4.9436
internal_count=19863 14677 13772 9694 6228 6057 4078 3990 6032 6027 5186 1869 905 2701
is_linear=0
shrinkage=0.05


Tree=197
num_leaves=15
num_cat=0
split_feature=6 23 28 9 13 5 23 28 7 23 5 29 16 6
split_gain=0.412098 0.405112 0.426507 0.529543 0.411107 0.354276 0.569856 0.356133 0.339375 0.319348 0.300134 0.274855 0.268235 0.245214
threshold=5.2724682103148881 0.67018150865257564 0.68369523948441524 1.0000000180025095e-35 4.5000000000000009 1.7500000000000002 0.47733982948708442 0.39930705608374156 4.1728935973770644 0.35087609290579891 3.5833333333333335 0.25820768859100324 0.027207162672390661 4.4288206438694759
decision_type=2 2 2 2 2 2 2 2 2 2 2 2 2 2
left_child=1 5 4 -4 12 -1 9 11 10 -7 -9 -8 -3 -11
right_child=-2 2 3 -5 -6 6 7 8 -10 13 -12 -13 -14 -15
leaf_value=0.027724788253114953 -0.019394697904949392 -0.030869825858619165 0.017945793281339516 -0.016192542468760139 0.012045344331010914 0.0042318670397366647 -0.00825374764285422 -0.020888492388430612 0.015610480707000919 -0.027011813136803498 0.010485273973399378 0.026298897054384058 0.0072004618083916106 0.0070859930610580688
leaf_weight=1.9391017565794761 0.61988549842862894 1.5191165538926719 2.2754611830214349 0.8228565455356146 0.31573508377186943 2.1922803013426386 0.19463468658977978 1.1911110248083789 0.99391455249133276 1.1585642212094169 0.42678738135145966 3.5301773905507616 0.16753199533559371 0.23763724255059049
leaf_count=85 1953 4698 1093 12 24 3135 1482 2878 149 2167 41 2052 9 33
internal_value=0.005348 0.00728135 -0.00397419 0.00714051 -0.0178223 0.0120531 0.00673386 0.0149382 8.78272e-05 -0.00785173 -0.0117685 0.0231286 -0.0258158 -0.0206731
internal_weight=17.5848 16.9649 5.1007 3.09832 2.00238 11.8642 9.92511 6.33663 2.61181 3.58848 1.6179 3.72481 1.68665 1.3962
internal_count=19811 17858 5836 1105 4731 12022 11937 6602 3068 5335 2919 3534 4707 2200
is_linear=0
shrinkage=0.05


Tree=198
num_leaves=15
num_cat=0
split_feature=29 6 28 5 6 14 3 30 29 30 30 23 28 29
split_gain=0.504647 0.414365 0.402545 0.552843 0.70193 0.517574 0.436371 0.398444 0.323523 0.229927 0.224662 0.282837 0.361149 0.46621
threshold=0.30179375804375813 5.2724682103148881 0.9739704942183679 1.7500000000000002 3.2109335079208243 0.29647069744014076 2.602003343538398 3.1832118886033336 0.82240404523013233 1.7501243067603773 3.306159024072342 0.53244461467683091 0.53337659528444747 0.34144929990966583
decision_type=2 2 2 2 2 2 2 2 2 2 2 2 2 2
left_child=-1 2 3 6 -5 8 -2 -4 9 -6 11 -11 13 -13
right_child=1 -3 7 4 5 -7 -8 -9 -10 10 -12 12 -14 -15
leaf_value=-0.020215704917191837 0.030921429732600626 -0.019432019109474574 -0.026637109800849403 -0.022305313674976075 -0.0046861404679989383 -0.019215912957036049 -0.01067778653424431 0.011346443296373888 -0.0072977215237653983 0.029340535441084316 -0.0047253291853170598 0.012658659524822584 0.021102592789726992 -0.02090108800455838
leaf_weight=1.1902271349054014 2.8197537640808146 0.62005628297993176 0.72400996479700619 1.2066566910871177 0.87541865717002476 0.60773537262684918 0.24481002427637566 0.42714994349717017 1.27223682759086 3.3494789428077638 0.63163111260564608 1.1317991003879804 1.4141824429279948 1.0796368481164789
leaf_count=5980 134 1948 93 8634 138 411 5 34 765 577 279 59 179 598
internal_value=0.00259313 0.00531445 0.00738637 0.00983194 0.00388946 0.00863447 0.0257889 -0.0138202 0.0119951 0.0153533 0.017936 0.0203233 0.0074508 -0.00513196
internal_weight=17.5948 16.4046 15.7845 14.6333 11.5688 10.3621 3.06456 1.15116 9.75438 8.48215 7.60673 6.9751 3.62562 2.21144
internal_count=19834 13854 11906 11779 11640 3006 139 127 2595 1830 1692 1413 836 657
is_linear=0
shrinkage=0.05


Tree=199
num_leaves=15
num_cat=0
split_feature=14 25 5 6 23 23 23 14 23 29 7 30 27 2
split_gain=0.627419 0.301394 0.262237 0.263685 0.214521 0.275501 0.536873 0.368535 0.241919 0.23881 0.545638 0.546049 0.247659 0.206105
threshold=0.05552986400791847 3.1567740231385479 3.5833333333333335 3.7517567920960846 0.6971946466103689 0.46655440147515387 0.35087609290579891 0.2013024171148253 0.72424851718103012 0.34144929990966583 4.1728935973770644 2.535714918723238 0.41894929121492469 1.4978661367769956
decision_type=2 2 2 2 2 2 2 2 2 2 2 2 2 2
left_child=2 4 13 -4 5 6 7 -2 -6 12 11 -11 -7 -1
right_child=1 -3 3 -5 8 9 -8 -9 -10 10 -12 -13 -14 -15
leaf_value=-0.022253142551384466 0.023646436766598583 -0.011621960157210424 0.020094963792918922 -0.011381597729494271 -0.016156174148729784 0.032291727824901716 -0.020625722480218579 -0.0090944514090250828 0.0086784870544583306 -0.021903829706900309 0.025219443809399056 0.013104037098048521 -0.0060859455221763201 -0.0033479140897408298
leaf_weight=1.9243329481223579 1.4273509404338209 0.72478731654519002 0.66181830645655271 0.29099849558042479 0.66534278640665556 2.694607511912182 0.81830801641626738 0.67231048315261421 1.4123252642802979 1.2937100260996888 1.5246763703325994 1.2496471646009011 0.15370340597291932 3.7033560533309355
leaf_count=14120 120 419 20 637 190 450 353 583 869 475 53 480 158 924
internal_value=0.00354853 0.00981634 -0.0081949 0.00957619 0.0119198 0.0147567 0.00119591 0.013611 -0.00193986 0.0196042 0.00846667 -0.00585929 0.0291774 -0.0121946
internal_weight=19.2173 12.6368 6.58051 0.952817 11.912 9.83431 2.91797 2.09966 2.07767 6.91634 4.06803 2.54336 2.84831 5.62769
internal_count=19851 4150 15701 657 3731 2672 1056 703 1059 1616 1008 955 608 15044
is_linear=0
shrinkage=0.05


Tree=200
num_leaves=15
num_cat=0
split_feature=23 29 28 25 13 28 4 25 29 25 13 28 19 23
split_gain=0.606819 0.472891 0.508115 0.310761 0.383118 0.391889 0.452739 0.442918 0.306509 0.283503 0.263691 0.253076 0.218665 0.197444
threshold=0.47453067244967734 0.34144929990966583 0.38383087070168082 2.8617925509761908 4.5000000000000009 0.68369523948441524 4.2500000000000009 0.89587973461402759 0.25820768859100324 3.1132683346437333 4.5000000000000009 0.55505760190641473 7.5000000000000009 0.6802189868331423
decision_type=2 2 2 2 2 2 2 2 2 2 2 2 2 2
left_child=10 2 8 4 5 7 -7 -3 -2 -5 11 -1 -9 -10
right_child=1 3 -4 9 -6 6 -8 12 13 -11 -12 -13 -14 -15
leaf_value=-0.030294721209920633 -0.0058804589766814717 0.0099844845368212212 -0.012073675189759318 0.018035975163198013 0.01747645574949894 0.011126725755095079 -0.017767641650440025 0.0053517934677253 0.033509068845555205 -0.0074260080872689859 0.010781685342069226 -0.004807202733467463 -0.034205994126234866 -0.0039420264510334124
leaf_weight=1.2757126009041742 0.340375482633135 0.34479157243458614 0.48019551417928585 2.315405865510002 0.53513207961805154 2.5971899777323419 1.1758483619869364 0.11942672729492376 2.5007922423310451 0.96284404545440327 0.27403561584651459 2.5204670402035845 1.782381571749736 0.17366492650762655
leaf_count=3740 2793 213 1406 1084 56 1956 406 7 235 1617 26 2023 4015 194
internal_value=0.000677079 0.00590356 0.0193388 -0.000216166 -0.00629565 -0.0105975 0.000286034 -0.023334 0.0261031 0.0105699 -0.0142261 -0.0179029 -0.0307337 0.0306662
internal_weight=17.3983 13.328 3.49503 9.83302 6.55477 6.01964 3.77304 2.2466 3.01483 3.27825 4.07022 3.79618 1.90181 2.67446
internal_count=19771 13982 4628 9354 6653 6597 2362 4235 3222 2701 5789 5763 4022 429
is_linear=0
shrinkage=0.05


Tree=201
num_leaves=15
num_cat=0
split_feature=2 0 6 6 5 6 25 30 28 28 13 23 25 30
split_gain=0.659606 0.383315 0.402018 0.299927 0.346572 0.333415 0.292052 0.219858 0.319348 0.528989 0.383266 0.303052 0.42918 0.209991
threshold=0.89587973461402759 2.3502401828962087 3.9574317443096203 4.0857123850075974 1.7500000000000002 5.2724682103148881 3.1567740231385479 3.069904172084724 0.53337659528444747 0.38383087070168082 4.5000000000000009 0.62000804389958808 1.8688348091416842 1.6925026597870694
decision_type=2 2 2 2 2 2 2 2 2 2 2 2 2 2
left_child=6 3 -3 13 5 -5 7 8 9 11 -11 -1 -13 -2
right_child=1 2 -4 4 -6 -7 -8 -9 -10 10 -12 12 -14 -15
leaf_value=0.016770424338068145 0.0032611465218916561 0.021701932851512586 -0.015068580181776304 0.022912734331980052 -0.01878017428576564 -0.012099581454971213 -0.011776626060069734 -0.0049828378883220864 0.022533486466830524 -0.025561955386753727 0.011932465221836223 0.014563572713649007 -0.022653223658330852 -0.033184157107862058
leaf_weight=4.7967168950653996 0.2704626225486203 0.80770880868658401 0.37220231929313741 0.83196004712954141 0.56069739745907998 0.30766878600843484 0.78611621149229982 1.4500437964911732 4.2435255991563281 1.0832945616039067 0.31233494286425401 0.54572940276375426 0.646172386498165 1.5350477436904837
leaf_count=4259 59 21 215 22 630 546 1477 3704 2580 1779 24 977 2320 1250
internal_value=0.00333348 -0.0113589 0.00851119 -0.0184511 -0.00116919 0.0122231 0.00872934 0.0107109 0.0129076 0.00534812 -0.0156926 0.0117954 -0.0067429 -0.0285083
internal_weight=18.5497 4.68575 1.17991 3.50584 1.70033 1.13963 13.8639 13.0778 11.6278 7.38425 1.39563 5.98862 1.1919 1.80551
internal_count=19863 2743 236 2507 1198 568 17120 15643 11939 9359 1803 7556 3297 1309
is_linear=0
shrinkage=0.05


Tree=202
num_leaves=15
num_cat=0
split_feature=4 5 2 3 25 6 30 30 30 14 2 4 6 30
split_gain=0.828773 0.508647 0.592267 0.58168 0.361029 0.299268 0.24274 0.24213 0.744321 0.250999 0.182463 0.175754 0.196359 0.138307
threshold=4.2500000000000009 1.7500000000000002 0.89587973461402759 1.2424533248940004 3.1567740231385479 5.2724682103148881 3.306159024072342 2.6578760701179731 2.381204734820658 0.23226975964619209 1.7005986908310777 9.5000000000000018 3.7517567920960846 2.2666638780985315
decision_type=2 2 2 2 2 2 2 2 2 2 2 2 2 2
left_child=1 5 3 -3 6 10 7 8 9 13 -1 -2 -13 -5
right_child=11 2 -4 4 -6 -7 -8 -9 -10 -11 -12 12 -14 -15
leaf_value=0.029979643025587106 -0.032031478944743196 -0.022757378585258656 -0.025318600650456442 0.019425915686650766 -0.015993128851635518 -0.0091260106760190137 -0.0089372723325368622 0.022334205278582223 -0.020546164866579397 -0.0085560784818889402 -0.0027186226661197535 0.012858035999403104 -0.014278206950962911 -5.5130343551873685e-05
leaf_weight=2.0657831683347503 1.0741338606730995 0.83058569622426048 0.97006302967702218 4.5031667864541269 0.5990478566909595 0.21297913768648857 0.82314358630765205 3.0187600003919215 1.1877549222986088 0.56816274695302116 0.31392076238989819 0.34333316097035993 0.32673009362042649 1.0850800809248538
leaf_count=117 611 13088 1976 829 391 58 474 1111 542 215 5 16 125 185
internal_value=0.000736283 0.00477579 0.000327123 0.00401379 0.00753297 0.0215074 0.0100019 0.0121604 0.00580307 0.0130473 0.0261381 -0.024819 -0.00100038 0.016209
internal_weight=17.9226 16.1784 13.5858 12.6157 11.7851 2.59268 11.1861 10.3629 7.34416 6.15641 2.3797 1.7442 0.670063 5.58825
internal_count=19743 18991 18811 16835 3747 180 3356 2882 1771 1229 122 752 141 1014
is_linear=0
shrinkage=0.05


Tree=203
num_leaves=15
num_cat=0
split_feature=6 7 8 6 28 28 3 25 27 14 6 28 27 14
split_gain=0.333665 0.302 0.618298 0.50418 0.244118 0.346653 0.316323 0.344443 0.569517 0.632251 0.275431 0.262187 0.449072 0.268388
threshold=5.2724682103148881 4.4186017428302957 1.431516576078939 4.1764197098782452 0.824547970038222 0.9172857092698391 1.2424533248940004 1.8688348091416842 0.10686784993773017 0.19808314489709036 3.699446240432394 0.29842660850486119 0.3694223390840064 0.1162330617881263
decision_type=2 2 2 2 2 2 2 2 2 2 2 2 2 2
left_child=1 3 -3 4 6 -6 -1 10 -9 11 -8 -10 13 -13
right_child=-2 2 -4 -5 5 -7 7 8 9 -11 -12 12 -14 -15
leaf_value=-0.019562891665709691 -0.018754606002780422 0.027894259670905221 -0.015166235695098465 -0.016978453803614919 0.024749227107367183 -0.0011926444534149322 -0.0034989589071859391 0.018116461474767059 -0.015839604252193697 -0.031035721296060956 0.024849067240591376 -0.0074431263110553807 -0.0098910290630262309 0.028690496572390995
leaf_weight=0.63998644942012539 0.58834043287242721 2.1190635044476944 0.4228974100697086 1.9271785189084756 2.1866174012757247 2.0136684242361298 0.93985928678466768 1.3414798904468623 0.44952478115874361 1.3487192366319503 1.653550779575198 0.21748949069478873 1.1320995314567879 1.2346109333011552
leaf_count=12213 1974 103 109 522 1032 153 925 396 570 466 87 166 1038 11
internal_value=0.00358068 0.00529302 0.0184711 0.00206206 0.00585316 0.0144746 0.00076272 0.00425846 -0.00289611 -0.011499 0.0164609 0.00272741 0.00947534 0.0224502
internal_weight=18.2151 17.6267 2.54196 15.0848 13.1576 4.20029 8.95732 8.31733 5.72392 4.38244 2.59341 3.03372 2.5842 1.4521
internal_count=19765 17791 212 17579 17057 1185 15872 3659 2647 2251 1012 1785 1215 177
is_linear=0
shrinkage=0.05


Tree=204
num_leaves=15
num_cat=0
split_feature=0 0 7 5 3 28 6 6 30 30 30 30 30 29
split_gain=0.60923 0.312254 0.390557 0.229609 0.610871 0.233465 0.201346 0.319662 0.198379 0.201298 0.739268 0.187831 0.154518 0.154184
threshold=0.89587973461402759 2.3502401828962087 3.9674747795034579 1.7500000000000002 1.2424533248940004 0.86472935019385966 4.5033188460601865 4.1764197098782452 2.8923127545612006 2.6578760701179731 2.381204734820658 1.6703303154069353 1.6925026597870694 0.6187574228028504
decision_type=2 2 2 2 2 2 2 2 2 2 2 2 2 2
left_child=3 2 12 -1 -5 6 7 8 9 10 11 -6 -2 -12
right_child=1 -3 -4 4 5 -7 -8 -9 -10 -11 13 -13 -14 -15
leaf_value=0.024080718304168639 0.002069706026210085 0.0095207306213833803 -0.00057825680630168436 -0.02276814271043091 -0.0067371906217606539 -0.012990123696531778 0.025145714253356162 -0.010421918993962756 -0.0065260174419553415 0.023869015756067046 -0.025407801081075182 0.016669558670674791 -0.033541444398421376 0.0052006220699962399
leaf_weight=0.92393323872238653 0.22085985292778731 0.7187046805902354 2.062229952762209 0.83074109594281154 0.44826152997301694 0.36895060071947305 0.9922825320245473 1.5072683527232573 0.98840643027188058 1.8822037649806587 0.91891135005198499 5.0030101238826319 1.4527748157647691 0.14993054890828716
leaf_count=87 48 222 1280 12867 164 511 60 58 1078 458 508 1064 1384 55
internal_value=0.0025187 -0.0119442 -0.017212 0.00760532 0.00481589 0.00826129 0.0098773 0.00649049 0.00994679 0.0123726 0.00632109 0.0139988 -0.0298256 -0.0206758
internal_weight=18.4685 4.45457 3.73586 14.0139 13.09 12.2592 11.8903 10.898 9.39072 8.40232 6.52011 5.45127 1.67363 1.06884
internal_count=19844 2934 2712 16910 16823 3956 3445 3385 3327 2249 1791 1228 1432 563
is_linear=0
shrinkage=0.05


Tree=205
num_leaves=15
num_cat=0
split_feature=0 0 27 27 23 25 14 30 30 13 6 25 6 30
split_gain=0.435917 0.515278 0.291896 0.259342 0.379476 0.501638 0.551677 0.374962 0.333729 0.315596 0.226377 0.223791 0.181858 0.195588
threshold=0.89587973461402759 2.3502401828962087 0.49329925435954708 0.53670502298940892 0.63265403391783048 2.249904835165133 0.10609597385889938 2.7524759372112677 3.1182523740259862 4.5000000000000009 4.7594095002760239 3.1567740231385479 5.2724682103148881 1.9071755012240892
decision_type=2 2 2 2 2 2 2 2 2 2 2 2 2 2
left_child=3 2 -2 4 5 7 -7 -1 12 -6 -3 -8 13 -5
right_child=1 10 -4 8 9 6 11 -9 -10 -11 -12 -13 -14 -15
leaf_value=-0.023213082070469543 0.010120926373664206 0.021862718074011859 -0.021201767963948778 0.0024030414408336368 -0.024136104844659272 -0.015261337846445153 0.025295509563474934 0.011073776056169507 -0.0035603606817457313 0.010658198691348174 -0.0091090293987000099 -0.0073145653539612434 -0.0065636845169399737 0.02820859535213718
leaf_weight=1.0598122733404141 0.28408394437337792 0.81856269109994151 3.2052890421146003 1.1397547351125465 1.1574937397135725 0.47926281016998507 3.3313144922503857 0.54495732378245509 1.5237883892873467 0.26953430450521398 0.2162904164451902 0.16083729863021279 0.15102222786481423 3.0624630031029483
leaf_count=2288 81 21 2603 726 4745 2784 709 1092 2431 16 212 124 582 1386
internal_value=0.00352966 -0.00859558 -0.0169653 0.00810111 0.00115549 0.00726716 0.0157895 -0.0117884 0.0150062 -0.0158806 0.0140941 0.0224996 0.0209562 0.0230168
internal_weight=17.4045 4.52423 3.48937 12.8802 7.00321 5.57618 3.97141 1.60477 5.87703 1.42703 1.03485 3.49215 4.35324 4.20222
internal_count=19800 2917 2684 16883 11758 6997 3617 3380 5125 4761 233 833 2694 2112
is_linear=0
shrinkage=0.05


Tree=206
num_leaves=15
num_cat=0
split_feature=27 14 25 7 7 23 25 14 25 27 0 30 13 30
split_gain=0.434143 0.559994 0.398052 0.343296 0.581105 0.28807 0.344169 0.265493 0.282535 0.246361 0.24391 0.212095 0.182023 0.160537
threshold=0.17282135079393179 1.0000000180025095e-35 1.8688348091416842 3.3895424254263582 3.7754418671853878 0.53244461467683091 2.602003343538398 0.1162330617881263 3.1132683346437333 0.54614814124119915 0.89587973461402759 2.8793213169290244 4.5000000000000009 2.9409127601852609
decision_type=2 2 2 2 2 2 2 2 2 2 2 2 2 2
left_child=-1 3 13 -2 -5 6 -4 -8 -9 11 -11 12 -7 -3
right_child=1 2 5 4 -6 9 7 8 -10 10 -12 -13 -14 -15
leaf_value=-0.02123371004622561 -0.025584111858639982 0.024679081058436105 -0.01117992503851812 0.01880961707626308 -0.014055366754936167 -0.028057347693433096 -0.0067062105156145543 0.029355123497010294 -0.0074053325952751466 0.011748362029131598 -0.014332864921972627 0.0054123954290709415 0.005706894092622955 -0.001647459812302415
leaf_weight=1.0820049648696137 1.175503312215368 2.8653197035582694 0.60603660412562055 1.3255438921205498 2.1902639317095236 1.151825705313968 0.42696693803554842 1.8001731094836944 0.21891070031597326 1.7795509583947935 0.36562774727281055 0.43006683346720809 0.12851171893998969 0.54033443911612256
leaf_count=4360 9401 678 229 532 2347 505 46 259 115 439 204 241 10 370
internal_value=0.000259027 0.00303878 0.00931562 -0.0099724 -0.000243088 0.00158527 0.0112653 0.0184569 0.0242368 -0.00681943 0.00415932 -0.0170433 -0.0236519 0.0210763
internal_weight=16.0866 15.0046 10.3133 4.69131 3.51581 6.90767 3.05209 2.44605 2.01908 3.85558 2.14518 1.7104 1.28034 3.40565
internal_count=19736 15376 3096 12280 2879 2048 649 420 374 1399 643 756 515 1048
is_linear=0
shrinkage=0.05


Tree=207
num_leaves=15
num_cat=0
split_feature=7 16 6 28 30 14 5 25 30 28 30 1 28 29
split_gain=0.610223 0.456143 0.375569 0.365818 0.354311 0.327468 0.282647 0.236442 0.236737 0.266201 0.8025 0.319363 0.300486 0.267746
threshold=3.3630845931548374 0.027207162672390661 5.2724682103148881 0.96840281502856862 3.3177900677670569 0.99615729292963973 3.5833333333333335 3.1567740231385479 3.1347193248216354 0.53337659528444747 2.3552523625041273 0.89587973461402759 0.42960738103699458 0.29384750074222027
decision_type=2 2 2 2 2 2 2 2 2 2 2 2 2 2
left_child=1 5 3 7 -5 6 -1 8 9 10 -2 -11 13 -12
right_child=2 -3 -4 4 -6 -7 -8 -9 -10 11 12 -13 -14 -15
leaf_value=-0.031677491669788345 -0.02100061182235026 0.014212034851312595 -0.018327276809215899 -0.024737274489577021 0.012041513084158897 0.0043832512610872294 0.0060877878207274069 -0.0082866446610398697 -0.0054281152784338193 0.027621915391953789 -0.0023958847918286764 -0.0060315420041824235 -0.0093860734467959405 0.028140821381035137
leaf_weight=2.4289028363700731 1.1058029482519396 0.39541566721163679 0.56600851199255053 0.68327760556712824 0.31225837441161275 0.71390465672084236 0.24366723111779709 0.77747663395530331 1.0286433483233857 3.7806476374644262 0.73699133043555853 0.45559592008157768 0.36583514568701492 2.1762030349373163
leaf_count=14162 253 46 1776 10 6 1956 155 341 250 281 136 119 118 220
internal_value=-0.000151217 -0.0154131 0.00547918 0.00803916 -0.012948 -0.0213236 -0.0275142 0.0110006 0.0131868 0.0157412 0.00523254 0.0235419 0.0169196 0.0217774
internal_weight=15.7706 3.78189 11.9887 11.4227 0.995536 3.38647 2.67257 10.4272 9.64972 8.62108 4.38483 4.23624 3.27903 2.91319
internal_count=19829 16319 3510 1734 16 16273 14317 1718 1377 1127 727 400 474 356
is_linear=0
shrinkage=0.05


Tree=208
num_leaves=15
num_cat=0
split_feature=29 25 28 23 7 30 29 0 4 5 6 6 14 16
split_gain=0.306846 0.399792 0.38388 0.70443 0.42795 0.378876 0.369313 0.306502 0.291435 0.353672 0.424538 0.206381 0.200013 0.174851
threshold=0.35330032829664554 2.6735537653587347 0.61359785073982087 0.32710114721250966 4.5314614791380778 2.8793213169290244 0.78352825303219908 2.3502401828962087 4.2500000000000009 1.7500000000000002 3.3408608595458582 4.7594095002760239 0.27388500249655207 0.027207162672390661
decision_type=2 2 2 2 2 2 2 2 2 2 2 2 2 2
left_child=1 5 3 -2 13 12 -4 8 9 10 -8 -9 -1 -5
right_child=2 -3 6 4 -6 -7 7 11 -10 -11 -12 -13 -14 -15
leaf_value=0.029380383289239361 0.017504627613180963 -0.012109590866833204 0.016330084258328856 -0.027127434710650974 0.010539275007064823 -0.01031265538114799 -0.013355362559688489 0.021151732485611519 -0.025816610613194364 -0.015658556493846971 0.023067016146093754 -0.0087101724307516136 -0.0052560621143974253 0.0054778799506237956
leaf_weight=2.5255973282733106 0.90500452943024168 0.46841347997997207 3.4842443389920845 3.2327418511745245 0.4637707521469564 0.30518899248954756 0.44853163840889498 0.77280739578418423 0.78311148384273099 1.0249461000366866 1.2378748792179974 0.2050727356763673 0.1632270762711413 0.12281141011044372
leaf_count=2556 1142 2210 2389 6151 105 1633 12 20 619 2155 96 162 656 16
internal_value=0.00356358 0.0148412 -0.000375404 -0.010464 -0.0193483 0.0210338 0.00611432 -0.00337417 -0.010116 0.000152963 0.0120144 0.0136518 0.0264229 -0.0249504
internal_weight=16.1433 3.46243 12.6809 4.72433 3.81932 2.99401 7.95659 4.47234 3.49446 2.71135 1.68641 0.97788 2.68882 3.35555
internal_count=19922 7055 12867 7414 6272 4845 5453 3064 2882 2263 108 182 3212 6167
is_linear=0
shrinkage=0.05


Tree=209
num_leaves=15
num_cat=0
split_feature=13 6 7 27 29 27 5 4 7 6 29 7 7 6
split_gain=0.309729 0.391419 0.42269 0.424457 0.251282 0.357188 0.302309 0.536625 0.244064 0.229457 0.357158 0.321009 0.258581 0.217569
threshold=4.5000000000000009 3.7226998520434811 3.9179919320456364 0.3694223390840064 0.44477936942124968 0.53670502298940892 1.7500000000000002 4.2500000000000009 4.5314614791380778 3.4710683599890517 0.55560933634505771 3.2162712959246451 3.7087654965137542 3.1881110137345856
decision_type=2 2 2 2 2 2 2 2 2 2 2 2 2 2
left_child=1 9 -3 -4 5 -5 7 -6 -8 11 12 13 -11 -1
right_child=-2 2 3 4 6 -7 8 -9 -10 10 -12 -13 -14 -15
leaf_value=-0.00046930387247345038 0.02215625155797224 -0.025264550725576998 0.021478455113407152 -0.014377461016749048 0.019751234670496796 0.017283022121805363 -0.027769965237249797 -0.019428739669729085 -0.00042412158577837249 -0.018169025450054593 0.024472300021962812 -0.01527164423875025 0.012463020315020772 0.021109474655457761
leaf_weight=3.036908457051601 0.81597688421606918 1.3287715107262537 0.76233571064221894 0.49908700893865887 1.0786893911426885 1.4294847312557974 1.6639499291013637 0.53411079484430946 1.221560679219692 0.54415002563564518 2.2438966846880248 1.229581717689143 0.33127723306097323 0.85652455009676476
leaf_count=14120 95 1331 16 47 83 27 340 582 1252 372 457 645 13 503
internal_value=0.00254016 0.000391405 -0.00674686 -0.000657101 -0.0058212 0.00697807 -0.0115798 0.00430605 -0.0192819 0.00770021 0.0164885 0.000530187 -0.00611272 0.00762159
internal_weight=17.5763 16.7603 8.51799 7.18922 6.42688 1.92857 4.49831 1.6128 2.88551 8.24234 3.11932 5.12301 0.875427 3.89343
internal_count=19883 19788 3678 2347 2331 74 2257 665 1592 16110 842 15268 385 14623
is_linear=0
shrinkage=0.05


Tree=210
num_leaves=15
num_cat=0
split_feature=16 12 25 29 14 7 4 25 7 14 29 7 7 29
split_gain=0.532255 0.342148 0.431135 0.461027 0.685725 0.411172 0.473101 0.378009 0.286159 0.238202 0.204442 0.178556 0.172881 0.179444
threshold=1.0000000180025095e-35 0.87500000000000011 2.8617925509761908 0.26604932155414585 0.27015020050567046 4.0622605259338789 9.5000000000000018 3.1567740231385479 4.1728935973770644 0.23010151916197541 0.25820768859100324 3.1919587132661058 3.7087654965137542 0.47601641796697475
decision_type=2 2 2 2 2 2 2 2 2 2 2 2 2 2
left_child=1 2 3 10 5 6 -5 11 -7 -10 -1 -4 -13 -14
right_child=-2 -3 7 4 -6 8 -8 -9 9 -11 -12 12 13 -15
leaf_value=-0.00900441387874505 0.022915652514931068 0.018299248926658095 -0.0074942452306082808 -0.033692782113826633 0.0097396406556163623 0.0099446835909225255 0.010036422006187286 -0.010656328912438654 -0.019087285120844729 0.0096105313851338383 0.019958141460767163 0.025447566480100461 0.013028440780149801 -0.011954252178268218
leaf_weight=0.21937382040004993 1.1544352351920668 0.67296274867840189 0.2077588437805401 3.8947151462753009 1.7610453989263986 1.1705023626636832 0.25835469009325596 1.2624748722137153 2.0426188939600256 0.27887100708903734 0.86034255357299116 1.6993672255248387 0.37623055488802482 0.50456833097632625
leaf_count=4068 157 67 1969 7920 1502 44 14 2293 1117 4 129 173 22 351
internal_value=-0.000459945 -0.00353852 -0.00566229 -0.0107477 -0.0143757 -0.0204148 -0.0295527 0.00702431 -0.00538731 -0.0137844 0.0125735 0.0157303 0.0191713 -2.96953e-05
internal_weight=16.3636 15.2092 14.5362 10.4858 9.40611 7.64506 4.15307 4.0504 3.49199 2.32149 1.07972 2.78792 2.58017 0.880799
internal_count=19830 19673 19606 14798 10601 9099 7934 4808 1165 1121 4197 2515 546 373
is_linear=0
shrinkage=0.05


Tree=211
num_leaves=15
num_cat=0
split_feature=14 23 29 25 7 7 4 4 14 30 14 14 0 5
split_gain=0.457177 0.305727 0.423809 0.411448 0.285809 0.500338 0.271324 0.465997 0.240825 0.210549 0.246823 0.192909 0.160175 0.121535
threshold=0.05552986400791847 0.57528489523283732 0.50023041474654384 2.6735537653587347 3.3630845931548374 3.5899642080707999 4.2500000000000009 2.7500000000000004 0.075195850170964071 2.0447141586999069 0.16530076646749856 0.13745164240511995 2.0126758453675748 1.7500000000000002
decision_type=2 2 2 2 2 2 2 2 2 2 2 2 2 2
left_child=4 2 8 11 12 -6 7 -7 -2 -5 -11 -4 -1 -10
right_child=1 -3 3 9 5 6 -8 -9 13 10 -12 -13 -14 -15
leaf_value=-0.026335381228022758 0.0072748942643938554 0.016465878098010058 0.0089991725540794956 -0.0074347733993623336 0.020190556667742277 -0.014743385337026696 -0.022711647506488634 0.017621413906621659 0.004281960927060886 -0.0064279466139425968 0.029354634124412245 -0.016659651630133353 0.0050396026604892603 -0.025938001444272576
leaf_weight=1.1157168255176682 0.38676424465665871 5.1450004698453995 0.38708631918780179 0.15446268790856299 1.0665504481548849 1.288564379042328 1.0962587613685171 1.1683677982655352 0.093553256010636354 0.2073852840985636 1.6476083853522139 0.9491784926449327 0.1552840461499726 1.1968096477721701
leaf_count=12665 24 2192 62 67 392 1951 601 75 14 44 182 427 42 1122
internal_value=0.00287517 0.00898638 -0.000136869 0.00952325 -0.00744654 -0.000251998 -0.00947489 0.00129263 -0.0157668 0.0203942 0.0245039 -0.0085564 -0.0219709 -0.0228341
internal_weight=16.0586 10.1678 5.02285 3.34572 5.89074 4.61974 3.55319 2.45693 1.67713 2.00946 1.85499 1.33626 1.271 1.29036
internal_count=19860 4134 1942 782 15726 3019 2627 2026 1160 293 226 489 12707 1136
is_linear=0
shrinkage=0.05


Tree=212
num_leaves=15
num_cat=0
split_feature=13 5 2 14 14 25 23 25 23 25 5 25 29 27
split_gain=0.273636 0.272648 0.467051 0.442866 0.442759 0.518248 0.467203 0.387258 0.352277 0.417093 0.341519 0.450094 0.22509 0.214394
threshold=4.5000000000000009 1.7500000000000002 2.4414009612931857 0.29647069744014076 0.1162330617881263 2.3502401828962087 0.66723794770089928 1.2424533248940004 0.6802189868331423 3.1567740231385479 3.5833333333333335 0.89587973461402759 0.30179375804375813 0.8672394362198913
decision_type=2 2 2 2 2 2 2 2 2 2 2 2 2 2
left_child=1 2 7 4 10 6 -6 -1 9 12 11 -3 -7 -12
right_child=-2 3 -4 -5 5 8 -8 -9 -10 -11 13 -13 -14 -15
leaf_value=-0.0056497113560815132 0.022002219331289184 0.006295129253061995 -0.016572590398732375 -0.024575672667780869 -0.020718918506811578 -0.0060875323716033554 0.011999432964438931 0.025924086093215112 -0.0082855483805588433 -0.011194688557898158 0.01905412337051237 -0.027321872129593996 0.030595748196454459 -0.010059616168873478
leaf_weight=0.92446218672012026 0.81482344854157496 1.0121619839856055 0.42025819506852702 0.94296342509005704 1.4613971850276359 0.13504212376210567 1.0889833339333561 2.4366900470413384 0.55741665259574791 0.25303753797925299 0.62642645627784066 2.0297660862092926 3.1336024347938292 0.2493309530273109
leaf_count=119 95 2426 71 2871 276 55 164 640 105 71 33 12145 162 620
internal_value=0.00362117 0.00134852 0.0114366 -0.00262132 0.0012998 0.00874224 -0.00730369 0.0179357 0.0182374 0.0233395 -0.010511 -0.0173462 0.0280091 0.00982128
internal_weight=16.0864 15.2715 3.78141 11.4901 10.5472 6.62948 2.55038 3.36115 4.0791 3.52168 3.91769 3.04193 3.26864 0.875757
internal_count=19853 19758 830 18928 16057 833 440 759 393 288 15224 14571 217 653
is_linear=0
shrinkage=0.05


Tree=213
num_leaves=15
num_cat=0
split_feature=16 29 13 25 30 5 7 5 2 28 30 25 29 14
split_gain=0.42866 0.31312 0.387821 0.374546 0.593016 0.34585 0.39027 0.623401 0.377944 0.370706 0.326046 0.300029 0.296976 0.287264
threshold=1.0000000180025095e-35 0.45253659677927999 4.5000000000000009 2.6735537653587347 2.381204734820658 3.5833333333333335 4.4186017428302957 1.7500000000000002 1.7005986908310777 0.17558597387394578 2.5186166447254852 2.1383330595080281 0.77548658352229782 0.058516247000031857
decision_type=2 2 2 2 2 2 2 2 2 2 2 2 2 2
left_child=1 3 5 4 -1 6 7 8 -3 -9 -5 -10 -8 -6
right_child=-2 2 -4 10 13 -7 12 9 11 -11 -12 -13 -14 -15
leaf_value=0.024973619168626143 0.022296326885984836 0.015592774495121045 0.017366704539492531 -0.023377652036062971 0.010736674151053172 0.01097229748105741 0.019276235597516719 0.00066891984161230483 -0.022693192338072557 -0.037642238795563082 0.0090489894831559843 0.0096284427363827075 -0.0081350884303081333 -0.019511690551984442
leaf_weight=2.6870094104074296 1.114421629696152 1.1112723829010041 0.564548624679447 0.7276270590914462 0.51380600637821749 0.9530030814821665 0.65326848108088631 0.72550551414360365 1.0387051322504701 2.5635033250823653 0.67171380001263969 0.42109603672179208 1.53525165802057 0.8989569994246267
leaf_count=1809 161 84 44 1030 3292 686 13 1214 20 7337 1789 16 1395 1026
internal_value=0.00118522 -0.00166708 -0.00689001 0.00708078 0.013977 -0.00999559 -0.0134165 -0.0193358 9.48758e-05 -0.0310058 -0.0105281 -0.0132457 0.00352649 -0.00862025
internal_weight=16.1797 15.0653 9.56615 5.49911 4.09977 9.00161 8.0486 5.86008 2.57107 3.28901 1.39934 1.4598 2.18852 1.41276
internal_count=19916 19755 10809 8946 6127 10765 10079 8671 120 8551 2819 36 1408 4318
is_linear=0
shrinkage=0.05


Tree=214
num_leaves=15
num_cat=0
split_feature=27 28 27 13 7 14 14 7 28 27 30 23 7 8
split_gain=0.491372 0.348857 0.38172 0.447183 0.48406 0.291667 0.476911 0.273637 0.243582 0.415058 0.24229 0.230047 0.183653 0.182932
threshold=0.96556199512184226 0.824547970038222 0.32316875326443079 4.5000000000000009 4.4186017428302957 0.059731716970009806 0.056920056398945658 5.3234555491048932 0.30193507888796345 0.10686784993773017 3.8086306038254105 0.32710114721250966 3.1919587132661058 1.377709388886337
decision_type=2 2 2 2 2 2 2 2 2 2 2 2 2 2
left_child=1 2 8 4 5 6 -4 10 9 12 -3 -11 -1 -6
right_child=-2 7 3 -5 13 -7 -8 -9 -10 11 -12 -13 -14 -15
leaf_value=-0.005399016521650645 -0.022273204434846532 0.024166614996020647 -0.017630130537884783 0.018049893773910711 0.016492670784060245 -0.024422316058599923 0.019952179609866148 -0.010111692097568927 0.023580611571966444 0.0059415251758536984 -0.0079582086988916039 -0.021386742019848529 0.022824742469873312 -0.0094937398182254329
leaf_weight=0.35899410338015358 0.9441281553754387 2.8666897816119672 0.72643984204046297 0.59984996390994627 1.1101552122854625 3.5444079299577425 0.6539546799758682 0.25332211997374532 1.0764420815944502 0.67428751036686652 0.20271358325044264 1.050888702726297 0.99559264720119245 0.23267597543599539
leaf_count=2648 672 845 6679 91 44 1771 13 1201 477 737 435 3963 67 196
internal_value=0.00151706 0.00443203 -0.000264843 -0.00717457 -0.0117401 -0.0182997 0.00107656 0.0164711 0.0103296 0.00105341 0.0206107 -0.0124447 0.0162286 0.00985961
internal_weight=15.2905 14.3464 11.0237 6.86748 6.26763 4.9248 1.38039 3.32273 4.15621 3.07976 3.0694 1.72518 1.35459 1.34283
internal_count=19839 19167 16686 8794 8703 8463 6692 2481 7892 7415 1280 4700 2715 240
is_linear=0
shrinkage=0.05


Tree=215
num_leaves=15
num_cat=0
split_feature=6 7 21 6 28 30 28 28 28 6 0 28 2 16
split_gain=0.344127 0.281153 0.299011 0.278495 0.189609 0.34361 0.26165 0.235554 0.300946 0.333873 0.295244 0.302323 0.2151 0.180494
threshold=4.9339566026354147 4.4186017428302957 0.77500000000000013 4.1764197098782452 0.28819328626491741 2.2666638780985315 0.17558597387394578 0.32268354953415196 0.34002782209688187 3.3408608595458582 0.89587973461402759 0.82853025493380594 2.4414009612931857 0.077075245101965825
decision_type=2 2 2 2 2 2 2 2 2 2 2 2 2 2
left_child=1 3 -3 4 5 6 -1 -6 -9 10 11 -10 -11 -7
right_child=-2 2 -4 -5 7 13 -8 8 9 12 -12 -13 -14 -15
leaf_value=0.018419175390186168 -0.017595473600176204 -0.0087085433460683866 0.025187991050843819 -0.013698836430512291 0.021973277940697287 -0.024197081373587209 -0.011847750277062244 -0.018591344482083324 -0.012683379263761389 0.01564245492286322 -0.022633258283904643 0.017918508184944944 -0.0084028383941269283 0.0066210158366581638
leaf_weight=0.93882643879805916 1.0693225035192888 0.3191000316874123 1.5332615791121487 1.696055030975457 1.179406656061017 1.0813611073729132 0.29567664893966139 0.44687953893208021 0.52667828013500206 4.6563247318679259 0.6953796628663439 0.82435569050903723 0.46054781228303898 0.15176370786502946
leaf_count=882 1998 65 91 481 811 5421 810 394 5908 1527 854 533 4 6
internal_value=0.00170372 0.00412264 0.0183428 0.000920255 0.00406075 -0.00645291 0.00911197 0.00737005 0.00281771 0.00626713 -0.00822136 0.00566827 0.0124583 -0.0191378
internal_weight=15.8749 14.8056 1.85236 12.9533 11.2572 2.46763 1.2345 8.78957 7.61017 7.16329 2.04641 1.35103 5.11687 1.23312
internal_count=19785 17787 156 17631 17150 7119 1692 10031 9220 8826 7295 6441 1531 5427
is_linear=0
shrinkage=0.05


Tree=216
num_leaves=15
num_cat=0
split_feature=23 28 16 30 30 28 28 28 30 7 13 29 30 8
split_gain=0.454551 0.404682 0.318561 0.24149 0.238299 0.456827 0.306856 0.613982 0.278074 0.25692 0.213803 0.185873 0.127395 0.123732
threshold=0.47733982948708442 0.92084043453978792 0.027207162672390661 3.3177900677670569 2.5780349620761673 0.30193507888796345 0.32268354953415196 0.68369523948441524 3.4731331151338662 4.1184654580375586 4.5000000000000009 0.98529865595727339 1.6925026597870694 2.8146337265085291
decision_type=2 2 2 2 2 2 2 2 2 2 2 2 2 2
left_child=2 4 10 12 5 -2 -7 9 13 -8 11 -1 -3 -6
right_child=1 3 -4 -5 8 6 7 -9 -10 -11 -12 -13 -14 -15
leaf_value=-0.025099342423380445 -0.020873881709928203 0.0032381054355561235 0.011838174958853177 0.0080077641350931091 0.021977019240045911 0.023661325135387035 -0.024231006736529292 0.018059208701714072 -0.0091642922533855756 0.0048855831945185833 0.0077684804108543145 0.0061208476706389285 -0.024136678641208473 -0.0049812522888871402
leaf_weight=2.9270781604998342 0.83854059620352739 0.25988525462344014 0.30914510448928911 0.47676137272446784 3.4836468809137395 0.98026494449049995 1.2999427506269974 1.420255246270244 0.37126647254490297 0.70242307418811822 0.18336389865726221 0.15292201798547456 1.2287808057435539 0.10901914313490113
leaf_count=5787 2775 61 40 205 5496 175 2103 944 1018 148 12 38 755 292
internal_value=-0.00123798 0.00388878 -0.0146133 -0.0127773 0.00835049 0.000764811 0.00798666 -0.000837672 0.0162061 -0.0157917 -0.0193081 -0.022429 -0.0199769 0.0202525
internal_weight=14.7433 11.1708 3.57251 1.96543 9.20536 5.24143 4.40289 3.42262 3.96393 2.00237 3.26336 3.08 1.48867 3.59267
internal_count=19849 13972 5877 1021 12951 6145 3370 3195 6806 2251 5837 5825 816 5788
is_linear=0
shrinkage=0.05


Tree=217
num_leaves=15
num_cat=0
split_feature=14 27 16 3 5 7 14 5 28 7 27 23 2 6
split_gain=0.371818 0.323497 0.249769 0.35596 0.258327 0.309516 0.218391 0.712833 0.217678 0.214297 0.579318 0.18411 0.17534 0.141376
threshold=0.22051435730853819 0.38562485961776977 1.0000000180025095e-35 2.4414009612931857 3.5833333333333335 4.4186017428302957 0.29647069744014076 1.7500000000000002 0.31932752040909712 3.9179919320456364 0.087785303612859564 0.32710114721250966 2.4414009612931857 3.9574317443096203
decision_type=2 2 2 2 2 2 2 2 2 2 2 2 2 2
left_child=1 8 3 4 5 -3 9 -8 11 10 -2 -1 -4 -5
right_child=6 2 12 13 -6 -7 7 -9 -10 -11 -12 -13 -14 -15
leaf_value=0.0094107269412436138 0.018659307055877594 -0.026644510896493775 0.017685749755456521 0.016974770970024474 0.0058804814934083835 0.00066384107578721253 0.020948584010957325 -0.023698880891494904 0.017193278861692491 0.025891221051221422 -0.021014270701248099 -0.014092636709988102 -0.0092502143223592553 -0.0067178491483152027
leaf_weight=0.58215533921293017 1.1230295359437161 3.8184795771123845 0.54591452830936749 0.54748055586969702 0.61540494339897112 1.2615071304280716 0.71779651415999957 0.88149805790089886 1.4138924681828937 1.555881042157125 0.62952962545296021 0.89695600791742436 0.20934318425133824 0.36014413316661376
leaf_count=1024 83 6978 88 12 655 1246 83 2910 1116 24 204 5274 16 176
internal_value=0.000526027 -0.00483871 -0.0100619 -0.0131861 -0.0175323 -0.0208692 0.0106541 -0.00331013 0.0076185 0.016606 0.00195123 -0.00477747 0.00920319 0.00898022
internal_weight=15.159 10.2513 7.35827 6.60302 5.69539 5.07999 4.90773 1.59929 2.893 3.30844 1.75256 1.47911 0.755258 0.907625
internal_count=19889 16585 9171 9067 8879 8224 3304 2993 7414 311 287 6298 104 188
is_linear=0
shrinkage=0.05


Tree=218
num_leaves=15
num_cat=0
split_feature=6 25 14 23 30 23 7 6 14 14 28 25 30 7
split_gain=0.368584 0.320324 0.485375 0.24542 0.244788 0.225564 0.276848 0.20035 0.168089 0.124207 0.120797 0.119539 0.113938 0.109777
threshold=3.5841285577673907 1.8688348091416842 0.05552986400791847 0.385840179706951 2.5780349620761673 0.47733982948708442 2.9421514417660002 3.699446240432394 0.25684626211028377 0.99615729292963973 0.7556858452486831 2.249904835165133 2.5240250260067101 4.4186017428302957
decision_type=2 2 2 2 2 2 2 2 2 2 2 2 2 2
left_child=5 2 12 -3 10 -1 9 -4 11 -7 13 -8 -2 -5
right_child=1 3 7 4 -6 6 8 -9 -10 -11 -12 -13 -14 -15
leaf_value=-0.0078667395702476783 0.0013436023077186064 0.0073133409341481093 -0.0079170143997152609 -0.032796228543620826 -0.0020075549093591097 -0.015170250138225528 0.0012790118865825015 0.021197394579740989 -0.0062006252414444239 0.0061630309232383398 -0.0029338024013497092 0.024237399690260796 -0.021101572102330254 0.0002469698861660393
leaf_weight=1.1700008259397243 0.68368976418923766 0.56555519569610613 0.1953219852193796 1.8345881301288507 1.8291715110406128 0.49499416175058275 0.81504320463545887 1.7417426462116052 0.23728956264312717 0.4997840368641846 0.74992477657815459 2.5025864935751088 0.6747677628331985 0.2594969109413795
leaf_count=4838 399 201 35 491 1580 8382 421 168 205 1253 751 596 453 89
internal_value=-0.00179655 -0.00801746 0.00362619 -0.0147493 -0.0182378 0.00729736 0.0119118 0.0165657 0.0174631 -0.0067357 -0.0254387 0.0201998 -0.0140253 -0.0299451
internal_weight=14.254 8.53426 3.29552 5.23874 4.67318 5.7197 4.5497 1.93706 3.55492 0.994778 2.84401 3.31763 1.35846 2.09409
internal_count=19862 4167 1055 3112 2911 15695 10857 203 1222 9635 1331 1017 852 580
is_linear=0
shrinkage=0.05


Tree=219
num_leaves=15
num_cat=0
split_feature=21 0 0 7 25 23 14 14 30 13 14 6 7 25
split_gain=0.309199 0.210602 0.277417 0.229482 0.207205 0.198087 0.148929 0.316179 0.309495 0.153825 0.257322 0.342285 0.183747 0.147043
threshold=0.49137931034482768 0.89587973461402759 1.8688348091416842 4.1184654580375586 2.3502401828962087 0.82008836985232014 0.22051435730853819 0.19631391732905409 2.2085860340546035 4.5000000000000009 0.16530076646749856 3.7226998520434811 4.4186017428302957 2.6735537653587347
decision_type=2 2 2 2 2 2 2 2 2 2 2 2 2 2
left_child=-1 6 3 -3 -5 -4 7 9 -8 10 11 13 -13 -2
right_child=1 2 5 4 -6 -7 8 -9 -10 -11 -12 12 -14 -15
leaf_value=-0.01220403012567879 0.013901726022588762 -0.024559916095914017 0.018460709212003958 0.012791756482922793 -0.012352550969980121 -0.0088356347083209819 -0.0058154900916092371 -0.016681624429330959 0.021914123281065265 0.020839684727367597 0.017333890962100276 -0.02197140123272984 0.005030875064924261 -0.0058612712570554615
leaf_weight=2.0089246501747757 1.6406809527084063 0.85794315594648818 0.82848180793371262 0.77528956209425792 0.53185109453352197 0.30962609325069934 0.87870834746809157 0.67499932458849787 2.8998068614682779 0.71219234750606109 1.0942856911169654 1.3625507319929964 0.42693199151108263 0.76901204580053661
leaf_count=2895 6437 1312 439 123 513 56 665 106 1864 86 113 821 593 3754
internal_value=0.00261204 0.00545497 -0.0045688 -0.0132205 0.00164134 0.0103754 0.00874311 0.00334001 0.015598 0.00765028 0.00284639 -0.0035368 -0.0160352 0.00772544
internal_weight=15.7713 13.7624 3.30319 2.16508 1.30714 1.13811 10.4592 6.68065 3.77852 6.00565 5.29346 4.19918 1.78948 2.40969
internal_count=19777 16882 2443 1948 636 495 14439 11910 2529 11804 11718 11605 1414 10191
is_linear=0
shrinkage=0.05


Tree=220
num_leaves=15
num_cat=0
split_feature=13 19 27 5 28 30 6 5 27 28 27 6 28 28
split_gain=0.371945 0.283127 0.261331 0.3795 0.389421 0.291996 0.226577 0.410667 0.446011 0.707117 0.360753 0.213593 0.20631 0.323059
threshold=4.5000000000000009 7.5000000000000009 0.087785303612859564 1.7500000000000002 0.89727157876980923 3.3918004488310562 4.5033188460601865 3.5833333333333335 0.38562485961776977 0.30193507888796345 0.70520450683630642 3.1881110137345856 0.32268354953415196 0.34333339583372402
decision_type=2 2 2 2 2 2 2 2 2 2 2 2 2 2
left_child=1 -1 11 4 -4 -6 7 8 9 -5 -8 -3 -11 -14
right_child=-2 2 3 6 5 -7 10 -9 -10 12 -12 -13 13 -15
leaf_value=0.015594809071853347 0.021480110487860634 -0.0097315792579962535 0.023179622916429596 -0.02665202606513873 -0.013823735487001075 0.014369738284047376 0.017444970499681179 0.01302249107784253 -0.029269395688842088 0.021432460324985164 -0.01445598574850002 0.018880944568729571 -0.019189049171465172 0.011635566603593375
leaf_weight=0.93483622593339255 0.78991391882300455 0.23605680079208546 0.91807064611566014 1.0461263950337563 1.8231948668180851 0.43041805211214512 0.89543131478876581 0.4534380073473584 3.4883231085862008 0.94255076663330362 0.69228547430884646 1.0015911555497039 0.48531687772401699 1.0051008354976145
leaf_count=101 96 2191 79 5195 612 80 69 61 8259 452 1442 76 447 824
internal_value=-9.54151e-05 -0.0026046 -0.00486626 -0.00727788 0.00622957 -0.00567749 -0.0121808 -0.0154989 -0.0187566 -0.00403454 0.0033242 0.0115135 0.0106212 -0.00207649
internal_weight=15.1427 14.3527 13.4179 12.1803 3.17168 2.25361 9.00857 7.42086 6.96742 3.47909 1.58772 1.23765 2.43297 1.49042
internal_count=19984 19888 19787 17520 771 692 16749 15238 15177 6918 1511 2267 1723 1271
is_linear=0
shrinkage=0.05


Tree=221
num_leaves=15
num_cat=0
split_feature=0 29 28 0 30 16 27 0 19 6 30 28 25 27
split_gain=0.467062 0.376801 0.458882 0.347935 0.248212 0.239836 0.229836 0.137382 0.124025 0.121228 0.119696 0.138613 0.219972 0.258274
threshold=0.89587973461402759 0.33738955921583991 0.047262926722907446 2.3502401828962087 3.2625872487408762 0.077075245101965825 0.084672118404747795 2.524928003624769 1.5000000000000002 5.2724682103148881 1.5970786018174881 0.59876237285261447 2.3502401828962087 0.3694223390840064
decision_type=2 2 2 2 2 2 2 2 2 2 2 2 2 2
left_child=1 2 -1 8 6 -4 -3 -5 -2 10 -8 12 -12 -14
right_child=3 4 5 7 -6 -7 9 -9 -10 -11 11 -13 13 -15
leaf_value=0.014017033363474183 0.0048655656939392165 -0.010946781842103154 -0.027916306451739654 0.016053219315554059 -0.0081536700952480091 0.007302609861666181 -0.0034080214582171819 -0.0081071642795400821 -0.022669246925146835 -0.0063972806027763124 -0.0054005946877708298 0.025983695924864592 0.02202189553898494 -0.0048375772954145184
leaf_weight=0.51392733238480914 0.10759966401383358 0.26608338259575059 1.2706768783741607 0.54148412772337895 1.0465919308671798 0.17004526709206391 0.43995053978687781 0.18874769246394862 2.774284731238823 0.14663789740370692 1.379306521122089 2.2917572227406708 2.0322107391755257 0.83258914417547192
leaf_count=698 12 968 5941 90 1871 6 600 140 2679 632 2799 1174 1531 749
internal_value=-0.0007255 0.00475679 -0.0113799 -0.0141069 0.00930592 -0.0224706 0.0124563 0.00873201 -0.0206526 0.0145706 0.0157582 0.0173294 0.00859252 0.0149839
internal_weight=14.0019 10.3898 1.95465 3.61212 8.43513 1.44072 7.38854 0.730232 2.88188 7.12245 6.97581 6.53586 4.24411 2.8648
internal_count=19890 16969 6645 2921 10324 5947 8453 230 2691 7485 6853 6253 5079 2280
is_linear=0
shrinkage=0.05


Tree=222
num_leaves=15
num_cat=0
split_feature=5 9 0 7 32 30 25 30 25 16 6 14 28 6
split_gain=0.272156 0.489511 0.431986 0.39923 0.387033 0.305384 0.664923 0.522206 0.243463 0.238524 0.237429 0.215705 0.21539 0.196652
threshold=1.7500000000000002 1.0000000180025095e-35 2.3502401828962087 3.1919587132661058 0.41428571428571431 2.3875337925565705 2.4414009612931857 1.9071755012240892 2.6735537653587347 1.0000000180025095e-35 3.9574317443096203 0.156924354909007 0.77912936625401741 5.2724682103148881
decision_type=2 2 2 2 2 2 2 2 2 2 2 2 2 2
left_child=1 13 -3 -2 5 6 7 -5 11 -7 -4 -6 -8 -1
right_child=3 2 10 4 8 9 12 -9 -10 -11 -12 -13 -14 -15
leaf_value=0.026337930849433651 -0.021355876828080281 -0.024417399150873945 0.020079881326707356 -0.012553721270580241 0.0097590729770025541 -0.019693072670092428 -0.024195415220533437 0.02709375607539094 0.022671102316022301 0.0095388645156577242 -0.010574026859851529 -0.015985920585814446 0.0070429468010570241 -0.0063976930012588267
leaf_weight=2.1070935941315834 1.3122370728594894 0.66043495111989636 0.70800621621310711 0.49205977264500589 0.87952324346588306 2.5430990931185993 1.017069247830477 1.8694911168086035 1.7062527491189028 0.23511997202876944 0.23272938404079468 0.44873709639796289 0.25230478519006272 0.1409304815751965
leaf_count=125 15724 497 22 103 329 1686 236 240 406 26 129 57 186 53
internal_value=0.00150257 0.0113943 -0.00741276 -0.00270549 0.00168278 -0.00525869 0.00410943 0.0175557 0.0140133 -0.0153493 0.0109555 -0.00206892 -0.0176189 0.0229478
internal_weight=14.6051 3.84919 1.60117 10.7559 9.44366 6.40914 3.63092 2.36155 3.03451 2.77822 0.940736 1.32826 1.26937 2.24802
internal_count=19819 826 648 18993 3269 2477 765 343 792 1712 151 386 422 178
is_linear=0
shrinkage=0.05


Tree=223
num_leaves=15
num_cat=0
split_feature=19 30 29 28 27 23 30 28 27 12 25 7 4 32
split_gain=0.337867 0.402885 0.283103 0.360891 0.285599 0.241146 0.528258 0.425472 0.473197 0.458851 0.465385 0.25303 0.200042 0.217696
threshold=7.5000000000000009 2.885335451430616 0.36142941330539552 0.30193507888796345 0.047316813222543073 0.50114174352191476 2.2602776356749144 0.68369523948441524 0.92484732959158478 0.87500000000000011 0.89587973461402759 3.3630845931548374 9.5000000000000018 0.87500000000000011
decision_type=2 2 2 2 2 2 2 2 2 2 2 2 2 2
left_child=-1 2 3 4 -2 6 -4 9 -9 10 -7 -8 13 -3
right_child=1 12 5 -5 -6 7 11 8 -10 -11 -12 -13 -14 -15
leaf_value=0.01993633807312006 0.011863015570717429 -0.027163403699683217 -0.012873005873201629 0.022805096955131356 -0.019417096869866941 0.0097967071553118207 -0.0078734821705176029 0.018608774296254769 -0.014600451706505492 0.011908800861224235 -0.035017442066618186 0.024598142842536287 0.0077203699288584619 0.0033439900187588164
leaf_weight=1.0023225931217883 0.45594135435703653 1.6452230570344015 1.3158186596356229 1.9299694998740049 0.59033796776157033 0.26610827614376908 0.25562785798683796 1.4732195365913869 0.95222296368228843 0.32847971052979108 1.8168335569457665 1.7757560736090452 0.19665423006517802 0.49341326078911141
leaf_count=156 705 5653 1266 1467 2566 157 1087 1055 624 25 3905 316 41 896
internal_value=0.000722394 -0.00198152 0.00237636 0.013382 -0.00665007 -0.00264731 0.00657451 -0.00906202 0.00511474 -0.0206407 -0.0279715 0.0192626 -0.0172761 -0.021302
internal_weight=14.4979 13.4956 11.1603 2.97625 1.04628 8.18407 3.3472 4.83686 2.42544 2.41142 2.08294 2.03138 2.33529 2.13864
internal_count=19919 19763 13173 4738 3271 8435 2669 5766 1679 4087 4062 1403 6590 6549
is_linear=0
shrinkage=0.05


Tree=224
num_leaves=15
num_cat=0
split_feature=6 7 24 6 23 30 14 30 14 7 5 30 12 27
split_gain=0.260965 0.23622 0.465676 0.230878 0.265333 0.521135 0.360791 0.324677 0.292822 0.270147 0.248788 0.175561 0.202495 0.171683
threshold=5.2724682103148881 4.4186017428302957 0.24568965517241384 4.1764197098782452 0.65775080478345382 2.8980255883368193 0.22448775294267295 2.6578760701179731 0.26555728142207846 2.9421514417660002 3.5833333333333335 3.3396433811772126 0.87500000000000011 0.8388413307628364
decision_type=2 2 2 2 2 2 2 2 2 2 2 2 2 2
left_child=1 3 -3 4 5 6 9 13 10 -1 11 12 -6 -8
right_child=-2 2 -4 -5 8 -7 7 -9 -10 -11 -12 -13 -14 -15
leaf_value=-0.0075430668262701506 -0.017424723219474861 0.026348280562151567 -0.010448379269232408 -0.01252500666157781 -0.025865950862599664 -0.013615930046165065 -0.022767651539821059 0.014116807595475057 0.011463350826638579 0.023801204917579557 0.010614041311928715 0.0043999339613267612 0.0063338502963659867 0.0066681097495289113
leaf_weight=0.31929173167486435 0.5239419795661896 1.6803327909656212 0.6202571766625623 1.5807661952071601 1.9812753786936825 1.2298199726747041 0.78799977846620073 0.55254124415205297 0.9088460830025723 4.3546543700626898 0.27510636316583248 0.41785921619339195 0.17797716728819057 0.17617362117380253
leaf_count=5198 1930 145 64 519 4321 3647 1054 305 1063 927 14 617 29 38
internal_value=0.00259257 0.00433027 0.0162677 0.00115269 0.0039558 0.00904769 0.0148174 -0.00435042 -0.00588064 0.0207079 -0.0129484 -0.0177277 -0.0220471 -0.0167326
internal_weight=15.5868 15.0629 2.30059 12.7623 11.1815 7.42048 6.19066 1.51671 3.76106 4.67395 2.85222 2.57711 2.15925 0.964173
internal_count=19871 17941 209 17732 17213 11169 7522 1397 6044 6125 4981 4967 4350 1092
is_linear=0
shrinkage=0.05


Tree=225
num_leaves=15
num_cat=0
split_feature=14 24 7 23 25 6 5 7 13 14 25 18 7 5
split_gain=0.339837 0.30847 0.265647 0.305856 0.589702 0.376301 0.400519 0.238446 0.215561 0.168037 0.141065 0.168903 0.151389 0.111396
threshold=1.0000000180025095e-35 0.24568965517241384 4.2507480497034171 0.48502956425772725 1.8688348091416842 4.0857123850075974 1.7500000000000002 3.7087654965137542 4.5000000000000009 0.11062945808524556 2.9174053685313028 2.7963894776993548 4.2507480497034171 1.7500000000000002
decision_type=2 2 2 2 2 2 2 2 2 2 2 2 2 2
left_child=10 2 3 7 -5 6 -6 -2 -8 -3 11 -1 -12 -11
right_child=1 9 -4 4 5 -7 8 -9 -10 13 12 -13 -14 -15
leaf_value=-0.016498804297443225 0.022636094495494145 0.00600918122731426 0.023830778365063192 0.017216364777329875 0.010435314173821425 0.0087568429154403805 -0.032733056928144981 -0.0051643471273966684 0.0055310417722602562 0.0048355453591567314 0.012575894093682231 0.0082247982339008607 -0.010465430111434311 -0.021727389871211703
leaf_weight=2.9729605863815336 1.670157331712286 0.57439132822401073 1.6710767774857229 1.2521198451390771 0.26330661086831209 0.71026603008886002 1.8607439195939157 0.64050292286265165 0.12403045711107563 0.10688093956559896 0.74562038088129134 0.20542941777966905 0.27239771579115768 0.82847740544821136
leaf_count=11995 647 60 100 679 39 88 1987 29 8 11 2684 27 846 617
internal_value=0.00155854 0.00656121 0.0103493 0.00418539 -0.00393266 -0.014972 -0.0228568 0.0156977 -0.0292899 -0.00992723 -0.00904435 -0.0133149 0.00427972 -0.0177619
internal_weight=13.8984 9.70195 8.1922 6.52113 4.21047 2.95835 2.24808 2.31066 1.98477 1.50975 4.19641 3.17839 1.01802 0.935358
internal_count=19817 4265 3577 3477 2801 2122 2034 676 1995 688 15552 12022 3530 628
is_linear=0
shrinkage=0.05


Tree=226
num_leaves=15
num_cat=0
split_feature=28 28 4 0 5 14 0 6 16 28 28 30 30 13
split_gain=0.299694 0.3412 0.316132 0.405537 0.254761 0.360779 0.253221 0.243468 0.231979 0.193831 0.54148 0.252838 0.292706 0.22218
threshold=0.29842660850486119 0.047262926722907446 4.2500000000000009 2.3502401828962087 1.7500000000000002 0.29647069744014076 0.89587973461402759 5.2724682103148881 0.077075245101965825 0.53337659528444747 0.32268354953415196 1.6480770926468293 3.306159024072342 4.5000000000000009
decision_type=2 2 2 2 2 2 2 2 2 2 2 2 2 2
left_child=1 -1 4 -4 7 6 9 -2 -3 10 -6 -11 -13 -12
right_child=2 8 3 -5 5 -7 -8 -9 -10 11 13 12 -14 -15
leaf_value=0.0089615143635805999 0.02460351507059232 -0.028519466443434994 -0.026385529131994337 0.0094341061504600171 0.020681906841374345 -0.01946425824106145 -0.011588669600068859 -0.0082418877663409974 0.0069560373271351566 -0.005946336447075571 -0.018253309835245979 0.026315328627515185 -0.004284057684866358 0.0097744229058190132
leaf_weight=0.61060314813084993 1.8208376901238783 1.2128438640686452 0.80400472342080209 0.70912428534575156 0.92620565347215267 0.62688694145936086 0.83863057589542211 0.18983492159895821 0.1607506745494901 0.66878600451264025 1.9016410401268333 2.5933311912813228 0.67766419941835909 0.24234911333769549
leaf_count=1212 114 6225 633 165 424 1599 1854 62 7 402 3276 2211 1662 24
internal_value=0.000734889 -0.0136055 0.00397042 -0.0125245 0.00723376 0.00247926 0.00623356 0.0197949 -0.0231863 0.0095463 -0.000241684 0.0156787 0.0204572 -0.0129839
internal_weight=13.9835 1.9842 11.9993 1.51313 10.4862 8.47549 7.84861 2.01067 1.37359 7.00998 3.0702 3.93978 3.271 2.14399
internal_count=19870 7444 12426 798 11628 11452 9853 176 6232 7999 3724 4275 3873 3300
is_linear=0
shrinkage=0.05


Tree=227
num_leaves=15
num_cat=0
split_feature=29 4 27 29 28 13 2 30 27 28 7 30 23 27
split_gain=0.469123 0.244724 0.247046 0.180842 0.34063 0.171287 0.169523 0.156672 0.129888 0.469343 0.197335 0.19321 0.188364 0.165743
threshold=0.79534143875311358 9.5000000000000018 0.52725915249477417 0.30973942003438765 0.047262926722907446 4.5000000000000009 0.89587973461402759 3.306159024072342 0.53670502298940892 0.32268354953415196 4.0622605259338789 1.7982394373231771 0.67402293222660281 0.084672118404747795
decision_type=2 2 2 2 2 2 2 2 2 2 2 2 2 2
left_child=3 2 -2 4 -1 -4 7 8 9 13 -11 -10 -12 -5
right_child=1 -3 5 6 -6 -7 -8 -9 11 10 12 -13 -14 -15
leaf_value=0.013700635869692626 0.0094156693419959712 0.0088786728095361818 -0.021962221433082123 -0.006740158715775546 -0.018872723156024361 0.0064130689693594079 -0.010013596286164756 -0.0045423552660127575 -0.0022402685774367444 -0.020257421812215289 0.014632113680879626 0.024943462305790177 -0.011228373009301594 0.021352539214807273
leaf_weight=0.48767525409584667 0.2765779481169387 0.60654613088991016 3.1610627290265261 0.15057424444694234 0.87356610696178905 0.16650662873871613 0.24772127417440959 0.85519243454609739 0.61096158203827178 0.85967625334706077 0.59429010750318412 2.557546702451873 0.32388232299126685 2.0378807656998106
leaf_count=635 398 140 3480 927 5515 42 628 1525 439 2018 28 1425 14 2651
internal_value=0.00131743 -0.0110583 -0.0156132 0.00727733 -0.00634293 -0.0193885 0.009971 0.0116355 0.0138947 0.00561825 -0.0105151 0.0204218 0.0044119 0.0179119
internal_weight=13.8097 4.21069 3.60415 9.59897 1.36124 3.32757 8.23773 7.99 7.13481 3.9663 1.77785 3.16851 0.918172 2.18846
internal_count=19865 4060 3920 15805 6150 3522 9655 9027 7502 5638 2060 1864 42 3578
is_linear=0
shrinkage=0.05


Tree=228
num_leaves=15
num_cat=0
split_feature=4 0 5 7 14 2 6 30 6 30 16 27 6 30
split_gain=0.283834 0.377819 0.321239 0.466365 0.346653 0.271856 0.231646 0.186761 0.182386 0.180621 0.170776 0.136404 0.110091 0.0985392
threshold=4.2500000000000009 2.3502401828962087 1.7500000000000002 3.1717757263905457 0.28129072276892103 0.89587973461402759 5.2724682103148881 2.8923127545612006 3.9574317443096203 1.8456444149686246 0.044024523456437405 0.49329925435954708 5.2724682103148881 1.462236684459864
decision_type=2 2 2 2 2 2 2 2 2 2 2 2 2 2
left_child=2 -2 6 10 5 7 -1 9 -3 -5 -4 -7 -11 -6
right_child=1 8 3 4 13 11 -8 -9 -10 12 -12 -13 -14 -15
leaf_value=0.023964366702653506 -0.026070513918585038 0.017193875498522703 -0.025062717910768834 -0.0048006342760266059 0.0047001236871942517 0.0065625859048320974 -0.0080511877944846461 -0.0035424601451862648 -0.0098794622046303616 0.018716019910510247 0.0061104437556168817 -0.017837588969838777 -0.0051455675729688306 -0.020001164472353575
leaf_weight=2.0112029683368724 0.80005871999128497 0.55736667686142027 0.98264286751396024 0.61235065932214272 0.11186531008570533 0.26806058628699236 0.1848458067543105 1.2414356128665529 0.21536109404587478 5.6832142650309834 0.13848698325455189 0.52469374136717306 0.11464866675669316 0.62803866613285209
leaf_count=128 600 20 15611 178 4 93 61 610 143 718 7 982 406 345
internal_value=0.00299751 -0.0124994 0.00572853 0.00130216 0.00564155 0.00897802 0.0195936 0.0119824 0.00833182 0.0150613 -0.0201467 -0.0105286 0.0175566 -0.0157117
internal_weight=14.0743 1.57279 12.5015 10.3054 9.18431 8.4444 2.19605 7.65165 0.772728 6.41021 1.12113 0.792754 5.79786 0.739904
internal_count=19906 763 19143 18954 3336 2987 189 1912 163 1302 15618 1075 1124 349
is_linear=0
shrinkage=0.05


Tree=229
num_leaves=15
num_cat=0
split_feature=25 19 25 30 7 5 14 14 2 25 29 12 29 5
split_gain=0.238137 0.164328 0.205842 0.202992 0.327477 0.329435 0.218145 0.206729 0.201429 0.295778 0.343303 0.176559 0.167642 0.198241
threshold=3.1567740231385479 7.5000000000000009 3.0201273556387074 2.381204734820658 4.4186017428302957 1.7500000000000002 0.058516247000031857 0.05552986400791847 1.7005986908310777 2.6735537653587347 0.56345361167436769 0.87500000000000011 0.40492945346980941 1.7500000000000002
decision_type=2 2 2 2 2 2 2 2 2 2 2 2 2 2
left_child=1 -1 3 8 5 -5 7 -7 9 12 -11 -8 -3 -14
right_child=-2 2 -4 4 -6 6 11 -9 -10 10 -12 -13 13 -15
leaf_value=0.020398088092298126 -0.011896598851089039 0.023688178169144255 0.017177192947810043 0.0074961812361697888 0.011776203821641198 -0.011849998487732834 -0.031150461848377727 0.014007562887535296 -0.011685875858261941 -0.020258200702061985 0.011880415871602617 0.0048078237698767155 0.016538763288644866 -0.0062805535159299476
leaf_weight=0.93345743021927496 1.0648666016861632 1.9106880323361091 1.4308370546946214 0.96287803195081823 1.0626086956126526 0.76894128712479426 1.4904512378670913 0.37491837384732207 0.44493374699050026 0.77462532363233527 0.67123341535625514 0.11571174161508668 0.56654155323849398 1.5269591750500242
leaf_count=141 2302 1598 1047 64 802 7645 2135 8 174 638 565 7 53 2722
internal_value=0.00448495 0.00657553 0.00403373 0.000950457 -0.00604509 -0.0125619 -0.0197111 -0.00079422 0.00667236 0.00975048 -0.00658082 -0.0277091 0.0157841 0.00324485
internal_weight=14.0997 13.0348 12.1013 10.6705 4.77551 3.7129 2.75002 1.14386 5.89498 5.45005 1.44586 1.60616 4.00419 2.0935
internal_count=19901 17599 17458 16411 10661 9859 9795 7653 5750 5576 1203 2142 4373 2775
is_linear=0
shrinkage=0.05


Tree=230
num_leaves=15
num_cat=0
split_feature=19 13 14 14 14 3 25 29 6 2 6 28 25 14
split_gain=0.368365 0.253894 0.309225 0.235228 0.30385 0.213858 0.296039 0.232442 0.28292 0.167194 0.157474 0.162287 0.150929 0.215349
threshold=7.5000000000000009 4.5000000000000009 0.19307250269339882 0.11903714941306653 0.1162330617881263 1.4978661367769956 1.8688348091416842 0.2621043250291295 4.4288206438694759 1.7005986908310777 5.2724682103148881 0.82004012759363809 2.249904835165133 0.29647069744014076
decision_type=2 2 2 2 2 2 2 2 2 2 2 2 2 2
left_child=-1 2 3 4 5 7 9 -2 -9 -7 11 -8 -4 -14
right_child=1 -3 12 -5 -6 6 10 8 -10 -11 -12 -13 13 -15
leaf_value=0.021279282082555511 0.0068535991965277768 0.017195617516755159 -0.005149113404276864 -0.025690973601763391 0.016662647860847434 0.0040275963196875469 -0.0070260263998598626 -0.029156555166697504 0.005102753435592914 -0.020687879033891885 -0.008386927943406737 0.020280477322110038 0.015248852514573408 -0.0080145866369807205
leaf_weight=0.89776964881457288 0.36251428323248402 0.54726069897878993 1.9055633197622226 0.99555287155635586 0.47295093952379819 0.65890189490301077 0.16271562946349138 1.6286429035196763 0.439924149316539 0.80626076792032109 0.19994745888288878 1.4703165811788492 2.6929699976390116 0.65369833465865657
leaf_count=155 4000 48 1651 336 8 243 433 9051 1181 141 711 130 244 1532
internal_value=0.000643632 -0.00220017 -0.00426785 -0.0104299 -0.00475321 -0.00873455 0.000274476 -0.0174745 -0.0225821 -0.012448 0.0112482 0.0159246 0.0044942 0.0099064
internal_weight=13.895 12.9972 12.45 7.19773 6.20217 5.72922 3.29814 2.43108 2.06857 1.46516 1.83298 1.63303 5.25223 3.34667
internal_count=19864 19709 19661 16234 15898 15890 1658 14232 10232 384 1274 563 3427 1776
is_linear=0
shrinkage=0.05


Tree=231
num_leaves=15
num_cat=0
split_feature=4 5 3 30 30 27 30 6 6 5 7 23 2 30
split_gain=0.396621 0.281714 0.400493 0.169282 0.297993 0.209806 0.167339 0.148027 0.138051 0.137018 0.098921 0.0884782 0.0864078 0.0982496
threshold=4.2500000000000009 1.7500000000000002 1.2424533248940004 2.381204734820658 2.6169551037928227 0.70520450683630642 3.1832118886033336 3.699446240432394 5.2724682103148881 3.5833333333333335 2.9421514417660002 0.66856559533419568 0.89587973461402759 1.6703303154069353
decision_type=2 2 2 2 2 2 2 2 2 2 2 2 2 2
left_child=1 8 -3 10 -5 7 -2 -6 -1 -7 -4 -9 13 -12
right_child=6 2 3 4 5 9 -8 11 -10 -11 12 -13 -14 -15
leaf_value=0.022671417572523247 -0.021838424383758756 -0.020991151785730661 -0.0068248850892759678 -0.017276839695799538 -0.0049357728598431261 -0.015263470211804917 0.0065236836633261689 0.020539254956280228 -0.0054792793119889062 0.0077560644849206219 -0.0024795454933716292 -0.0024278445334512799 -0.0056909005151998633 0.015291041280882873
leaf_weight=1.7013386308681191 1.1698517290433308 0.72052898511833596 0.1575949652012677 1.0940973836011378 0.50164522329532779 0.74923457643581037 0.18660437572998478 1.5454247007091906 0.11899303466270783 0.26698193445372453 0.61073017160379084 0.26897502291694753 0.12765614127147262 4.472973111455758
leaf_count=114 656 13922 1046 781 1356 750 133 137 58 173 81 64 178 417
internal_value=0.00227755 0.00548195 0.00156275 0.00501257 -0.0020757 0.00575124 -0.016824 0.0126019 0.0195409 -0.00836844 0.0102648 0.0174816 0.0117971 0.0130995
internal_weight=13.6926 12.3362 10.5158 9.79531 4.42636 3.33226 1.35646 2.31604 1.82033 1.01622 5.36895 1.8144 5.21136 5.0837
internal_count=19866 19077 18905 4983 3261 2480 789 1557 172 923 1722 201 676 498
is_linear=0
shrinkage=0.05


Tree=232
num_leaves=15
num_cat=0
split_feature=2 0 6 12 29 27 7 27 25 29 25 23 23 29
split_gain=0.356627 0.263647 0.29144 0.14154 0.200638 0.184973 0.326592 0.422845 0.329388 0.208216 0.421343 0.327592 0.285012 0.193699
threshold=0.89587973461402759 2.3502401828962087 3.9574317443096203 0.87500000000000011 0.79534143875311358 0.82039099244797919 4.4186017428302957 0.38562485961776977 2.4414009612931857 0.34144929990966583 2.6735537653587347 0.48274579741104501 0.4794481826621973 0.25820768859100324
decision_type=2 2 2 2 2 2 2 2 2 2 2 2 2 2
left_child=3 -2 -3 4 5 6 7 9 -9 11 -11 -1 -12 -13
right_child=1 2 -4 -5 -6 -7 -8 8 -10 10 12 13 -14 -15
leaf_value=-0.010774793189308834 -0.016842681344282219 0.019098683059644805 -0.013141803760997045 0.019575861551660044 -0.013394104917772818 0.018149157148744249 0.02141024427027538 0.00096359588877964323 -0.028176060614031492 -0.022003437019520782 0.019563700234665748 -0.0056421787690768763 -0.011911888924667434 0.025141196545036944
leaf_weight=0.40813943806233011 2.7715196204139843 0.65203903149813403 0.32083254428835062 0.66703319246880788 0.64458364805932511 1.2996068302995798 0.73542848275974382 1.6653631016599777 1.1271880203612452 0.73634181709553592 1.0782294823006848 0.23446499335022997 0.29819868438835317 1.858344952864172
leaf_count=1491 2523 20 219 113 1917 806 18 3334 2189 2806 360 2784 933 438
internal_value=0.00125922 -0.0103973 0.00719441 0.00585756 0.0032663 0.00557761 0.00180509 -0.00245702 -0.0151263 0.00653989 -0.00418008 0.0142032 0.0106016 0.0209832
internal_weight=14.4973 3.74439 0.972872 10.7529 10.0859 9.44131 8.1417 7.40627 2.79255 4.61372 2.11277 2.50095 1.37643 2.09281
internal_count=19951 2762 239 17189 17076 15159 14353 14335 5523 8812 4099 4713 1293 3222
is_linear=0
shrinkage=0.05


Tree=233
num_leaves=15
num_cat=0
split_feature=14 30 14 28 23 19 30 29 7 14 6 14 29 29
split_gain=0.295363 0.147312 0.360777 0.232301 0.143312 0.141256 0.17238 0.108739 0.17024 0.291305 0.115122 0.10152 0.0864862 0.0800548
threshold=0.05552986400791847 2.2085860340546035 0.11903714941306653 0.68369523948441524 0.71075305377562292 1.5000000000000002 3.3918004488310562 0.81865834427661699 4.0622605259338789 0.18750893119965364 3.699446240432394 0.156924354909007 0.42069930519814724 0.65007171909127703
decision_type=2 2 2 2 2 2 2 2 2 2 2 2 2 2
left_child=5 2 12 -4 7 -1 -7 8 9 -3 -11 -9 -2 -14
right_child=1 4 3 -5 -6 6 -8 11 -10 10 -12 -13 13 -15
leaf_value=0.009102847731136782 0.018312645309822941 -0.013434474670020831 -0.023039713599380174 0.0062022487541248403 -0.0054290522740250225 -0.015275381051648286 0.0058029505276991217 0.0082528153981983494 0.024990894402865924 0.016447985266777924 -0.0047808158850986583 -0.01169676606790359 -0.0098186351878853696 0.0080635536504301934
leaf_weight=0.22221590077970077 0.65342994548336564 0.66165201786407157 1.1088993942848899 0.48930376221142058 0.76917373586366 3.6063723189590764 0.66185759148424939 0.2767459236383728 1.4389929171593392 1.8509779650939893 0.33859430899155984 0.3377040041023065 0.30247007018533623 0.22971484034769674
leaf_count=35 20 319 833 107 770 14008 1700 46 36 1619 110 189 37 44
internal_value=0.000205573 0.00554705 -0.00315695 -0.0151456 0.00965073 -0.00903292 -0.0115258 0.0125346 0.0149564 0.00471794 0.0126955 -0.0031652 0.0125393 -0.00187484
internal_weight=12.9481 8.45766 2.78382 1.5982 5.67384 4.49045 4.26823 4.90467 4.29022 2.85122 2.18957 0.61445 1.18561 0.532185
internal_count=19873 4130 1041 940 3089 15743 15708 2319 2084 2048 1729 235 101 81
is_linear=0
shrinkage=0.05


Tree=234
num_leaves=15
num_cat=0
split_feature=13 14 29 5 0 16 28 25 6 14 28 25 25 0
split_gain=0.329325 0.483795 0.313599 0.27935 0.324882 0.317398 0.167688 0.136129 0.177629 0.223564 0.201546 0.185218 0.332489 0.104591
threshold=4.5000000000000009 0.15562789528499019 0.30973942003438765 3.5833333333333335 2.3502401828962087 0.077075245101965825 0.86472935019385966 3.1567740231385479 3.4710683599890517 0.29647069744014076 0.83305235594070148 2.3502401828962087 1.8688348091416842 2.4414009612931857
decision_type=2 2 2 2 2 2 2 2 2 2 2 2 2 2
left_child=1 3 -3 4 5 -1 -5 8 10 11 -4 12 -10 -6
right_child=-2 2 7 6 13 -7 -8 -9 9 -11 -12 -13 -14 -15
leaf_value=-0.024181728506054212 0.018848418337618938 -0.015786605304737075 -0.015827002488465899 0.016732462394321048 0.013912828156665391 0.0097763705794106509 -0.0092517871017436994 -0.0069679855703781504 0.016370150190765577 -0.006288784023007323 0.010682299057066478 0.027427681775990427 -0.014901549136288203 -0.0060904365021654068
leaf_weight=4.7700665686672874 0.63533363468013782 0.57378077257180837 0.49128531681617449 0.51146765165321983 0.44152614587073902 0.24188712798058976 0.23636569098562177 0.45100468442615227 0.89106854529745827 0.49898186593509297 0.44437058022231213 1.9085209200147799 0.5670788634283781 0.41783432614101912
leaf_count=15370 94 1294 1431 33 68 15 640 254 37 255 197 56 37 160
internal_value=-0.00259005 -0.00500495 0.00510157 -0.0134026 -0.0168772 -0.0211893 0.00792523 0.00954342 0.0120282 0.016021 -0.00422254 0.0200105 0.00309386 0.00614215
internal_weight=13.0806 12.4452 5.82609 6.61915 5.87131 5.01195 0.747833 5.25231 4.80131 3.86565 0.935656 3.36667 1.45815 0.85936
internal_count=19941 19847 3561 16286 15613 15385 673 2267 2013 385 1628 130 74 228
is_linear=0
shrinkage=0.05


Tree=235
num_leaves=15
num_cat=0
split_feature=13 14 19 7 14 28 23 30 14 29 28 7 4 7
split_gain=0.277449 0.268084 0.199949 0.214092 0.191451 0.267273 0.161179 0.449733 0.195124 0.149038 0.168607 0.380821 0.356382 0.198886
threshold=4.5000000000000009 0.22051435730853819 7.5000000000000009 3.1919587132661058 0.22448775294267295 0.77912936625401741 0.67878796347532877 2.6578760701179731 0.27808882026540188 0.31360927477617201 0.82004012759363809 4.4186017428302957 4.2500000000000009 5.3234555491048932
decision_type=2 2 2 2 2 2 2 2 2 2 2 2 2 2
left_child=1 2 -1 -4 -3 6 7 -6 -8 -5 11 -11 13 -12
right_child=-2 4 3 9 5 -7 8 -9 -10 10 12 -13 -14 -15
leaf_value=0.010666297069886116 0.019254024888465487 0.020511656787514987 -0.024940287582078745 0.010058833065090565 -0.027220392800066814 0.015444415310531173 0.016139487145640116 0.0086654244508682053 -0.010966654000992407 -0.022600354166856226 0.019339105897283614 0.0076833475245476528 -0.013896739164877721 -0.0087225716272392225
leaf_weight=0.52054055721964498 0.65115770546253848 0.68828550017497026 0.94599196680860576 0.56634470956487337 1.0682278757703905 0.88902319885528402 0.56847446498159104 0.86710815602373248 0.25998475859114478 2.201873464970959 1.3887139659200332 0.93820592508927791 1.1343481851581598 0.21117694972963352
leaf_count=53 94 17 13031 318 1100 402 60 876 819 1101 74 218 585 1118
internal_value=-7.81903e-05 -0.00248169 -0.00764107 -0.0100492 0.00658708 0.000118794 -0.00760459 -0.0136675 0.00628757 -0.00480407 -0.0074918 -0.0138818 0.00159886 0.0137048
internal_weight=12.8995 12.2483 7.9072 7.38666 4.3411 3.65282 2.7638 1.93534 0.828459 6.44066 5.87432 3.14008 2.73424 1.59989
internal_count=19866 19772 16498 16445 3274 3257 2855 1976 879 3414 3096 1319 1777 1192
is_linear=0
shrinkage=0.05


Tree=236
num_leaves=15
num_cat=0
split_feature=12 14 28 27 6 6 25 28 27 25 16 32 6 6
split_gain=0.265164 0.357153 0.538535 0.224759 0.266606 0.228797 0.190927 0.241257 0.219966 0.210093 0.188803 0.156431 0.12563 0.145188
threshold=0.87500000000000011 0.19307250269339882 0.55505760190641473 0.96556199512184226 3.3408608595458582 5.2724682103148881 2.8617925509761908 0.77912936625401741 0.047316813222543073 1.8688348091416842 0.077075245101965825 0.19453044375644998 3.920285016091412 4.0553829449995442
decision_type=2 2 2 2 2 2 2 2 2 2 2 2 2 2
left_child=1 2 10 4 -4 11 7 8 -3 12 -1 -6 -10 -14
right_child=-2 6 3 -5 5 -7 -8 -9 9 -11 -12 -13 13 -15
leaf_value=-0.031914373830486717 0.017922762151259829 0.0097376803428527465 -0.012247168424851376 -0.014052130568819652 0.019580629864114255 -0.010487055833756394 0.016215245384424266 0.013905949647719249 -0.010681361425592659 -0.024723469989150381 0.0050855140457865362 -0.0065979737105453162 0.017549060598373672 -0.0078869092311363853
leaf_weight=1.5174054382478042 0.70648884272668588 0.46442252184442701 0.66514033036173748 1.0051739315667871 2.5349250910103374 0.26501364605155675 1.6812758722853685 0.7439155590145673 0.26223361471238582 0.97004659903586798 0.11254630424082268 0.18043963578793398 0.51798822719138116 0.17696587633236049
leaf_count=10078 120 235 3265 691 598 1340 735 332 851 1217 3 219 19 36
internal_value=-0.000574133 -0.00313587 -0.010314 -7.23696e-05 0.00597738 0.0120997 0.0063877 -0.0015285 -0.0090139 -0.0153155 -0.0283973 0.0165334 0.00197951 0.0102402
internal_weight=11.804 11.0975 6.28064 4.65069 3.64552 2.98038 4.81685 3.13557 2.39166 1.92723 1.62995 2.71536 0.957188 0.694954
internal_count=19739 19619 16194 6113 5422 2157 3425 2690 2358 2123 10081 817 906 55
is_linear=0
shrinkage=0.05


Tree=237
num_leaves=15
num_cat=0
split_feature=13 6 14 25 6 19 30 25 30 25 30 30 7 16
split_gain=0.20158 0.249314 0.302216 0.229605 0.189509 0.177087 0.176902 0.17033 0.161722 0.147548 0.144885 0.141906 0.120229 0.106406
threshold=4.5000000000000009 3.7226998520434811 0.22051435730853819 2.249904835165133 3.699446240432394 7.5000000000000009 3.2217446902566684 2.9700856263602158 2.2666638780985315 3.0677824455408698 1.7314670419391309 2.4745099572761258 2.9421514417660002 0.24417336269529613
decision_type=2 2 2 2 2 2 2 2 2 2 2 2 2 2
left_child=1 3 13 4 5 -1 10 11 12 -10 -7 -4 -5 -3
right_child=-2 2 7 8 -6 6 -8 -9 9 -11 -12 -13 -14 -15
leaf_value=0.0095288690529971298 0.017687631406244846 -0.016267467611692048 0.018907326112969181 -0.0049891538193422309 0.012431524392224759 0.0047413999124393544 0.0050716499685415257 -0.010178705580282069 -0.0094331638349301316 0.010869524996191211 -0.024071604867903589 -0.0037470891432337993 0.021786547838533489 0.0049155526350653615
leaf_weight=0.23448434600140977 0.57734212581999678 3.9434335690621083 1.0456121558418092 0.11053546749622079 0.33818995210276614 0.17911670879698105 0.47209456598898203 0.36815107164056815 0.97099148332540586 0.63957390209930054 1.4543058572166954 0.61842957352746442 1.9040599691024906 0.22258515376597632
leaf_count=27 91 3299 89 1873 38 495 1312 84 4544 1463 6074 118 301 23
internal_value=0.000817724 -0.0012137 -0.00774092 0.00538575 -0.00479135 -0.0102572 -0.0148196 0.00616275 0.0123147 -0.000295452 -0.0203114 0.0122418 0.0191498 -0.0144033
internal_weight=13.0789 12.5016 6.19821 6.30335 2.67819 2.34 2.10552 2.03219 3.62516 1.61057 1.63342 1.66404 2.0146 4.16602
internal_count=19831 19740 3613 16127 7946 7908 7881 291 8181 6007 6569 207 2174 3322
is_linear=0
shrinkage=0.05


Tree=238
num_leaves=15
num_cat=0
split_feature=13 5 28 29 6 23 25 23 29 7 5 17 7 19
split_gain=0.239953 0.222025 0.406189 0.365874 0.228109 0.429962 0.379036 0.33911 0.20594 0.214705 0.190326 0.176645 0.144134 0.152205
threshold=4.5000000000000009 1.7500000000000002 0.9172857092698391 0.59522452082315269 4.0857123850075974 0.48502956425772725 1.4978661367769956 0.47733982948708442 0.5914265478164733 4.0181259238190483 3.5833333333333335 0.020033064723987238 4.6845444215551852 7.5000000000000009
decision_type=2 2 2 2 2 2 2 2 2 2 2 2 2 2
left_child=1 2 -1 4 5 7 -7 8 9 -3 12 -8 13 -5
right_child=-2 3 -4 10 -6 6 11 -9 -10 -11 -12 -13 -14 -15
leaf_value=0.022464169129643906 0.018030501142054574 -0.021545460658145499 -0.0061822143201765677 0.0042369772545594675 0.013578804409645854 0.010137022031239513 -0.030363589351464972 0.023141360195387119 0.011696840704097692 0.008573776670507384 0.0030801426585205884 0.0050665378700569391 0.0012699825689157815 -0.031441461724915749
leaf_weight=1.1934736468228941 0.58839696296490807 0.89640860668714439 2.1071101448142144 0.092409965116531212 1.4052388295849594 0.36516181547835902 1.3902598263530306 0.82424292431005586 0.29333268799609857 0.22646351803268772 0.53646127578394942 0.1122897034510969 0.38011988307152922 1.5468765481880382
leaf_count=328 93 3563 507 7 123 937 6947 122 22 8 665 4 730 5746
internal_value=-0.000285617 -0.00261448 0.00699108 -0.00688109 0.00100674 -0.00511005 -0.0185175 0.00833212 -0.00629734 -0.0142936 -0.0193944 -0.0267493 -0.0244075 -0.0285869
internal_weight=11.9582 11.3698 3.30058 8.06927 5.5134 4.10816 1.86771 2.24045 1.4162 1.12287 2.55587 1.50255 2.01941 1.63929
internal_count=19802 19709 835 18874 11726 11603 7888 3715 3593 3571 7148 6951 6483 5753
is_linear=0
shrinkage=0.05


Tree=239
num_leaves=15
num_cat=0
split_feature=6 30 1 23 23 28 4 13 7 3 4 30 6 28
split_gain=0.274622 0.159255 0.18826 0.175021 0.157991 0.242245 0.172978 0.135643 0.1354 0.158389 0.134476 0.123772 0.0981596 0.096517
threshold=5.2724682103148881 2.2085860340546035 0.89587973461402759 0.45642458671999692 0.50114174352191476 0.68369523948441524 4.2500000000000009 4.5000000000000009 3.1536255296799243 1.2424533248940004 10.406250000000002 3.6166217800193383 4.5033188460601865 0.87877816004820508
decision_type=2 2 2 2 2 2 2 2 2 2 2 2 2 2
left_child=1 3 8 12 -5 7 -7 -6 -3 -10 11 -11 -1 -4
right_child=-2 2 13 4 5 6 -8 -9 9 10 -12 -13 -14 -15
leaf_value=-0.017208076613195355 -0.016085579896438201 -0.0014575514405964784 -0.014217950209104636 0.016793411390130259 -0.020549114049630387 0.016825339158184186 -0.0080655695351043791 0.0061606511511033803 -0.0066697357432198463 0.020127233794657574 -0.0062424150715964391 -0.004545130761318023 0.0053050510372991307 0.0055484763863893538
leaf_weight=0.85360456925241068 0.46591229560817815 1.1756695217597988 0.37628113952769116 0.70651025504548703 0.74300715495496694 0.87494428072841379 0.36891522119549336 0.14029345195740461 0.24177606271268803 5.6622934107717811 0.12030506879091252 0.19477024283696653 0.13878019314506673 0.38907526060938835
leaf_count=1228 1924 11493 901 257 2461 372 15 18 622 504 1 35 15 9
internal_value=0.00515094 0.00715152 0.0107373 -0.00113641 0.00531379 -0.00264995 0.00913849 -0.0152882 0.0131291 0.0157065 0.0174378 0.0187636 -0.0129773 -0.00671856
internal_weight=12.4521 11.9862 8.16017 3.82606 2.83367 2.12716 1.24386 0.883301 7.39481 6.21914 5.97737 5.85706 0.992385 0.765356
internal_count=19855 17931 13565 4366 3123 2866 387 2479 12655 1162 540 539 1243 910
is_linear=0
shrinkage=0.05


Tree=240
num_leaves=15
num_cat=0
split_feature=27 5 14 23 14 5 7 27 14 19 7 23 23 7
split_gain=0.280052 0.343983 0.404812 0.276412 0.227078 0.381503 0.188911 0.186014 0.172038 0.150878 0.148703 0.121015 0.147952 0.147728
threshold=0.96556199512184226 1.7500000000000002 0.22448775294267295 0.67878796347532877 1.0000000180025095e-35 3.5833333333333335 4.4186017428302957 0.72517439747219481 0.27808882026540188 7.5000000000000009 3.5899642080707999 0.71254125320667627 0.72587618214390781 3.6785812731335512
decision_type=2 2 2 2 2 2 2 2 2 2 2 2 2 2
left_child=1 -1 4 6 5 -3 9 11 -5 -4 -2 13 -13 -6
right_child=10 2 3 8 7 -7 -8 -9 -10 -11 -12 12 -14 -15
leaf_value=0.019194675333981198 0.0043572380097476951 -0.021445737014713116 0.0043894506133156826 0.015239093076754584 0.0024405103938753519 0.012652945113762401 0.0047682272913097991 -0.0088714609804956702 -0.010412552048646589 -0.030368561267988488 -0.022253205340792826 -0.013560421052619892 0.0092019720363548264 0.022683959531221667
leaf_weight=2.0713783052287882 0.35906699352290228 0.83464242342097328 0.09602512512356054 0.52940656259488594 1.5965813677366898 0.60874980057997163 0.24494804377900425 0.38750961495497893 0.24586010612620157 1.3228594414385952 0.66946959711094678 0.30873671950894266 0.58745125070345239 2.3582414846059692
leaf_count=738 177 13963 6 56 549 319 14 131 914 2187 520 20 197 96
internal_value=0.00199238 0.00472182 -0.000136724 -0.0143818 0.00625844 -0.00777191 -0.0224469 0.0107504 0.0058212 -0.0271741 -0.015395 0.0135662 -0.00165561 0.0166535
internal_weight=12.2209 11.1924 9.12101 2.4391 6.68191 1.44339 1.66383 5.23852 0.775267 1.41888 1.02854 4.85101 0.896188 3.95482
internal_count=19887 19190 18452 3177 15275 14282 2207 993 970 2193 697 862 217 645
is_linear=0
shrinkage=0.05


Tree=241
num_leaves=15
num_cat=0
split_feature=14 30 14 5 14 4 4 3 6 6 28 6 6 24
split_gain=0.28607 0.19897 0.204165 0.247239 0.20098 0.123694 0.191971 0.266221 0.174446 0.217966 0.161938 0.121314 0.117544 0.110021
threshold=1.0000000180025095e-35 1.6480770926468293 0.22448775294267295 1.7500000000000002 0.29647069744014076 9.5000000000000018 4.2500000000000009 1.4978661367769956 5.2724682103148881 3.2109335079208243 0.824547970038222 3.9574317443096203 3.4710683599890517 0.45000000000000007
decision_type=2 2 2 2 2 2 2 2 2 2 2 2 2 2
left_child=5 -2 -3 -4 12 6 7 -1 9 -9 -11 -7 -5 -14
right_child=1 2 3 4 -6 11 -8 8 -10 10 -12 -13 13 -15
leaf_value=-0.016963159209338819 -0.010368834376774411 0.016237141223076436 0.017052435300357691 -0.010714429223118521 -0.019963742586181929 0.014613231907039956 -0.02317436392798794 -0.0093838844009298504 -0.010192175188699422 -0.0054756175631471568 0.024037123279679898 -0.008186876517129401 0.01230285608080512 -0.0076180973991618467
leaf_weight=0.6569729542766275 0.51381695359805046 4.4815839806065014 0.51649024838116053 0.26259869976911465 0.65375037206922559 0.40924046421423543 0.75856068955181388 0.21602215263328606 0.24923536802089064 0.18395006306218409 1.2630552430637179 0.17328554192863521 1.4760017063908888 0.20207485280479875
leaf_count=13818 170 948 83 219 2731 18 635 392 319 204 55 124 55 17
internal_value=0.00305977 0.00811853 0.0104308 0.000151098 -0.00702162 -0.00694495 -0.0104187 -0.00121495 0.0081624 0.0137075 0.0195809 0.00694334 0.00264441 0.0079551
internal_weight=12.0166 8.10632 7.5925 3.11092 2.59443 3.91032 3.3278 2.56924 1.91226 1.66303 1.44701 0.582526 1.94068 1.67808
internal_count=19788 4223 4053 3105 3022 15565 15423 14788 970 651 259 142 291 72
is_linear=0
shrinkage=0.05


Tree=242
num_leaves=15
num_cat=0
split_feature=6 7 8 6 6 7 14 25 6 18 5 14 13 30
split_gain=0.213257 0.182087 0.357504 0.22058 0.146467 0.218168 0.238104 0.16602 0.154551 0.154153 0.161502 0.191732 0.147058 0.14308
threshold=5.2724682103148881 4.4186017428302957 1.377709388886337 4.1764197098782452 4.0231389717980077 3.7442327417766639 0.27015020050567046 2.249904835165133 3.699446240432394 1.0000000180025095e-35 3.5833333333333335 0.99615729292963973 4.5000000000000009 1.365693133521547
decision_type=2 2 2 2 2 2 2 2 2 2 2 2 2 2
left_child=1 3 13 4 5 7 -7 8 9 10 11 12 -1 -3
right_child=-2 2 -4 -5 -6 6 -8 -9 -10 -11 -12 -13 -14 -15
leaf_value=-0.025188564939491332 -0.016164321459567501 -0.0048065046304330821 -0.011855226890191516 -0.014457491881024033 0.013921078189719563 -0.018825657104946932 0.0094209836804125969 0.010741100977065333 0.011647417422590954 0.0094689053615939385 0.0081026349745595815 0.0056559465661474859 0.00520270035332214 0.026715627943823414
leaf_weight=1.5672274550017808 0.46940219209136635 0.10488984012044866 0.30496754102205148 0.98747404910682313 1.6399403441450893 1.4022130270063824 0.36782147680150945 3.6120231696490919 0.3482213076613333 0.23280568723566819 0.19039400666952122 0.36973269822556165 0.11563184857368458 1.384043530328199
leaf_count=6849 1931 5 109 506 307 328 63 8359 246 32 3 1048 5 97
internal_value=0.00214834 0.00396529 0.0153584 0.000940274 0.00367514 0.000337798 -0.0116739 0.0047669 -0.00368498 -0.00857206 -0.012787 -0.0167442 -0.0219395 0.0234561
internal_weight=13.0968 12.6274 1.7939 10.8335 9.84601 8.20607 1.77003 6.43604 2.82401 2.47579 2.24299 2.05259 1.68286 1.48893
internal_count=19888 17957 211 17746 17240 16933 391 16542 8183 7937 7905 7902 6854 102
is_linear=0
shrinkage=0.05


Tree=243
num_leaves=15
num_cat=0
split_feature=13 5 9 6 5 6 27 28 25 16 29 19 29 6
split_gain=0.296531 0.26819 0.317972 0.278452 0.23599 0.389065 0.570594 0.341007 0.426171 0.219004 0.183109 0.170575 0.150566 0.149328
threshold=4.5000000000000009 1.7500000000000002 1.0000000180025095e-35 3.5841285577673907 3.5833333333333335 4.5033188460601865 0.32316875326443079 0.30193507888796345 3.0201273556387074 1.0000000180025095e-35 0.86907878334579924 7.5000000000000009 0.55560933634505771 5.2724682103148881
decision_type=2 2 2 2 2 2 2 2 2 2 2 2 2 2
left_child=1 2 13 -4 5 6 7 8 11 -8 -7 -3 -10 -1
right_child=-2 4 3 -5 -6 10 9 -9 12 -11 -12 -13 -14 -15
leaf_value=0.020945877522570648 0.018605779603829 0.0057368853455378671 0.011512990478905707 -0.019507500893565038 0.010152426575674764 0.016726764664322508 -0.028509136302717147 0.018947914423594052 -0.0076312065352847061 0.006309397394824539 -0.0095236706631991498 -0.026512373784898752 0.018441711625174922 -0.0063467270318027375
leaf_weight=1.622665169648825 0.60985967441229227 0.12921407911926519 0.37254276243038476 0.80784583648346597 0.71421070508677065 0.94947838999451029 3.6690854012820187 0.75408150084786019 0.17399578617460054 0.14401283068582404 0.23298182875760176 1.0478460290864842 0.64115003282449834 0.14053886602050636
leaf_count=119 105 6 14 647 667 156 9404 451 788 9 733 6500 188 60
internal_value=-0.00174587 -0.00424735 0.00715866 -0.00892707 -0.00855499 -0.0112448 -0.015764 0.00179583 -0.00885918 -0.0261564 0.00956075 -0.0219631 0.0117382 0.0172609
internal_weight=12.0095 11.3996 2.94359 1.18039 8.45606 7.74185 6.55939 2.74629 1.99221 3.8131 1.18246 1.17706 0.815146 1.7632
internal_count=19847 19742 840 661 18902 18235 17346 7933 7482 9413 889 6506 976 179
is_linear=0
shrinkage=0.05


Tree=244
num_leaves=15
num_cat=0
split_feature=27 30 29 23 23 0 6 4 0 27 12 6 7 19
split_gain=0.44356 0.305206 0.232818 0.136834 0.128207 0.106766 0.215595 0.178403 0.223384 0.180563 0.169378 0.140218 0.151192 0.10098
threshold=0.4146735317505254 2.7890386329963035 0.79534143875311358 0.32710114721250966 0.32304519422201738 2.3502401828962087 3.9574317443096203 4.2500000000000009 1.4978661367769956 0.52725915249477417 0.87500000000000011 5.2724682103148881 3.1717757263905457 7.5000000000000009
decision_type=2 2 2 2 2 2 2 2 2 2 2 2 2 2
left_child=1 3 -2 4 -1 7 -7 8 9 -4 -11 12 -10 -5
right_child=2 -3 5 13 -6 6 -8 -9 11 10 -12 -13 -14 -15
leaf_value=-0.011525651102528225 0.0091792399336320819 0.0072319485901895467 0.0087769991678472905 0.0029081442977765418 0.010828317539703277 0.016678332948783344 -0.011695459327411501 -0.022322635521802792 -0.0064425342959344937 -0.022544246911459325 0.0066866168031563524 -0.0076864272761765703 0.021761410830143556 -0.031236882218470392
leaf_weight=0.30186866682379498 4.4197787680084257 0.4922229263374901 0.23976640760361156 0.061591293662787039 0.26751721575897136 0.53019480104558159 0.27919457836469519 0.64250789371726558 0.13830903226880742 1.0202875206537099 0.15958606405183662 0.17570946142404864 0.84500904320157133 1.5825718747441888
leaf_count=1155 6272 2776 198 6 17 21 223 622 12 2549 41 159 49 5730
internal_value=-0.00391235 -0.0183693 0.00217065 -0.0245411 -0.000815481 -0.00581169 0.00583641 -0.00942781 -0.000874997 -0.0111218 -0.0173369 0.0110139 0.0165462 -0.0293417
internal_weight=11.1561 2.70577 8.45034 2.21355 0.569386 4.03056 0.809389 3.22118 2.57867 1.41964 1.17987 1.15903 0.983318 1.64416
internal_count=19830 9684 10146 6908 1172 3874 244 3630 3008 2788 2590 220 61 5736
is_linear=0
shrinkage=0.05


Tree=245
num_leaves=15
num_cat=0
split_feature=2 23 7 14 27 25 0 6 6 30 23 13 6 23
split_gain=0.218091 0.214063 0.23482 0.319603 0.188501 0.186086 0.155791 0.280139 0.181865 0.124922 0.111353 0.110633 0.109534 0.107979
threshold=0.89587973461402759 0.57528489523283732 4.0181259238190483 0.23226975964619209 0.70038698198532157 2.740319461670996 2.3502401828962087 4.0857123850075974 3.9574317443096203 2.4133814490630696 0.59427077591085187 4.5000000000000009 4.6173733737079372 0.74672599727761158
decision_type=2 2 2 2 2 2 2 2 2 2 2 2 2 2
left_child=1 2 3 11 -4 13 7 -2 -8 -5 -9 -1 -12 -3
right_child=6 5 4 9 -6 -7 8 10 -10 -11 12 -13 -14 -15
leaf_value=-0.025443623834527959 -0.026618786484889939 0.018683079793358894 0.015183503436946317 -0.0076661187907966404 -0.0096693910244121922 -0.0040084970682504684 0.015504673089775198 -0.0084973976131955085 -0.010888428123581383 0.013475272456371796 0.015471540293109624 0.0039948260024167898 -0.0065732278823977105 -0.0012489918973456792
leaf_weight=1.321813759763016 1.0716081147909351 2.5952804144233146 1.2064014446987128 0.35924405673858906 0.34973251050178067 1.2940961513186264 0.47913260525092471 0.65568217961936148 0.25437259048339911 0.69024284085571708 0.60873860458923446 0.086698026745580026 0.18722735068240581 0.69040105292560827
leaf_count=6280 1303 4037 65 538 365 2346 19 574 209 872 92 11 547 2603
internal_value=-0.000693808 0.00353721 -0.00437324 -0.012255 0.00800029 0.0100118 -0.0100667 -0.0147951 0.00535062 0.006029 0.0012305 -0.0227253 0.0095134 0.0151807
internal_weight=11.8507 8.59391 4.01413 2.458 1.55613 4.57978 3.25676 2.52326 0.733505 1.04949 1.45165 1.40851 0.795966 3.28568
internal_count=19861 17117 8131 7701 430 8986 2744 2516 228 1410 1213 6291 639 6640
is_linear=0
shrinkage=0.05


Tree=246
num_leaves=15
num_cat=0
split_feature=30 30 19 28 28 23 13 28 28 23 5 7 5 29
split_gain=0.289059 0.243755 0.242658 0.229112 0.230257 0.205401 0.18602 0.155746 0.114306 0.121893 0.0915507 0.146346 0.207972 0.150987
threshold=2.2085860340546035 2.374575816842496 7.5000000000000009 0.34333339583372402 0.42246688032197366 0.68690961221787317 4.5000000000000009 0.6516063915444722 0.93846944609710936 0.66262421647421166 1.7500000000000002 4.4186017428302957 3.5833333333333335 0.74021038261357142
decision_type=2 2 2 2 2 2 2 2 2 2 2 2 2 2
left_child=6 5 -3 -4 -5 -2 7 -1 9 -9 -6 12 -12 -13
right_child=1 2 3 4 10 -7 -8 8 -10 -11 11 13 -14 -15
leaf_value=-0.024713642838606841 0.020289638502935581 0.016542789672734672 -0.020274942559649137 0.015673957174300049 0.0031178118806187336 -0.0074471540140843562 0.0095145405565354342 -0.0060369803485502537 -0.013013536727494985 0.013566760383406191 -0.022300733126194835 0.014141115921529421 0.0073260910284664756 -0.0098835392638249187
leaf_weight=1.0710407880183099 1.9590183680934372 0.55372436722973262 0.86397810732251024 0.78874357824884089 1.4960858083504711 0.30254789933610471 0.23468407924519841 0.73721651992445891 0.50173338075001073 0.61023031973491015 1.2601246772080696 0.44609332113759581 0.26163833708596929 0.27273509195401857
leaf_count=3624 1339 95 5508 975 480 571 45 592 213 336 4983 51 128 836
internal_value=-0.000553625 0.0044301 -0.00137682 -0.00551888 0.00045783 0.0154334 -0.0114612 -0.015144 -0.00287268 0.00483848 -0.005385 -0.0102726 -0.0163217 0.00457884
internal_weight=11.3596 8.20469 5.94312 5.3894 4.52542 2.26157 3.15491 2.92022 1.84918 1.34745 3.73668 2.24059 1.52176 0.718828
internal_count=19776 14966 13056 12961 7453 1910 4810 4765 1141 928 6478 5998 5111 887
is_linear=0
shrinkage=0.05


Tree=247
num_leaves=15
num_cat=0
split_feature=6 27 5 14 30 1 6 27 3 30 27 27 30 25
split_gain=0.201536 0.174 0.262363 0.299245 0.248748 0.205571 0.172627 0.154804 0.140059 0.105914 0.111517 0.285351 0.17514 0.12137
threshold=5.2724682103148881 0.9731042786738352 1.7500000000000002 0.29647069744014076 3.1832118886033336 0.89587973461402759 3.2983662569885674 0.90354513849217366 1.2424533248940004 1.5970786018174881 0.53670502298940892 0.38562485961776977 3.306159024072342 2.249904835165133
decision_type=2 2 2 2 2 2 2 2 2 2 2 2 2 2
left_child=1 2 6 5 -3 8 7 -1 -4 -10 11 13 -12 -11
right_child=-2 4 3 -5 -6 -7 -8 -9 9 10 12 -13 -14 -15
leaf_value=0.012561662550657502 -0.014926336375089763 -0.020455468448343072 -0.0098951107167982236 -0.018088587178241158 0.010307472870905599 -0.013641964918892486 0.027266373289128759 -0.010834376016529326 -0.0053291012149846266 -0.00098389304447132789 0.022745597762703768 -0.012805797686387907 -0.0032001493027861184 0.01524552972439245
leaf_weight=0.33488870167638696 0.41926725862595127 0.57562368143135323 0.2463961120729391 0.56138446353588811 0.3332333496746287 0.35511260260273125 1.1827279601711778 0.5035696690028999 0.54499380323613866 1.5138478710432535 2.0408665785762428 0.87062179611484669 0.54276186960260009 2.6566938370133357
leaf_count=56 1916 96 10794 2818 33 874 66 14 133 727 473 494 377 898
internal_value=0.00340404 0.00510894 0.00698132 0.00254078 -0.0096853 0.00557718 0.0198575 0.0002601 0.00775077 0.00930402 0.0108466 0.00485338 0.017923 0.0103035
internal_weight=12.682 12.2627 11.3539 9.33268 0.908857 8.77129 2.02119 0.838458 8.41618 8.16979 7.62479 5.04116 2.58363 4.17054
internal_count=19769 17853 17724 17588 129 14770 136 70 13896 3102 2969 2119 850 1625
is_linear=0
shrinkage=0.05


Tree=248
num_leaves=15
num_cat=0
split_feature=6 2 5 3 29 7 23 23 28 3 12 5 23 7
split_gain=0.247074 0.167141 0.300828 0.276518 0.229167 0.196398 0.29199 0.247248 0.302103 0.211559 0.185434 0.210198 0.141406 0.103512
threshold=4.9339566026354147 2.4414009612931857 1.7500000000000002 1.2424533248940004 0.35330032829664554 4.2507480497034171 0.35087609290579891 0.72778012617792631 0.10676162245444802 1.4978661367769956 0.87500000000000011 3.5833333333333335 0.48274579741104501 3.485136146926791
decision_type=2 2 2 2 2 2 2 2 2 2 2 2 2 2
left_child=1 2 -1 -4 12 6 13 8 -8 -7 11 -10 -5 -6
right_child=-2 -3 3 4 5 9 7 -9 10 -11 -12 -13 -14 -15
leaf_value=0.020967420818623669 -0.014613650444012022 -0.012493983236152105 -0.017655036526645931 -0.0033653308802325263 -0.0064396425105816045 0.017953551994090312 0.0063706164815801776 0.007128193789770006 -0.032835910867141022 -0.0099881202529197213 0.0051153780888245686 0.0048507381915834256 0.019647341353686246 0.014479034584384043
leaf_weight=1.9455813282474945 0.76514380017852168 0.29410857148468572 0.54388581136095027 0.52301726928089953 0.17607130441774632 1.1981315865614304 0.53869607843557865 0.6521129764453234 1.6550014268973425 0.23421544600932964 0.15179576049558807 0.1584447077311778 2.0156430905294656 1.0411403727430295
leaf_count=130 2010 5 13193 561 310 125 155 506 1442 61 25 54 1154 64
internal_value=0.00323369 0.00556464 0.00706925 0.00221421 0.0052601 -0.000730595 -0.00597568 -0.0130146 -0.0187976 0.0111566 -0.0255184 -0.0289894 0.015295 0.00991347
internal_weight=11.893 11.1278 10.8337 8.88816 8.34427 5.80561 4.37326 3.15605 2.50394 1.43235 1.96524 1.81345 2.53866 1.21721
internal_count=19795 17785 17780 17650 4457 2742 2556 2182 1676 186 1521 1496 1715 374
is_linear=0
shrinkage=0.05


Tree=249
num_leaves=15
num_cat=0
split_feature=19 5 27 5 25 25 23 27 7 6 25 13 23 6
split_gain=0.255261 0.18556 0.268519 0.222008 0.181909 0.164913 0.498057 0.333753 0.346814 0.316183 0.265383 0.250777 0.12521 0.119236
threshold=7.5000000000000009 1.7500000000000002 0.65030391795162357 3.5833333333333335 1.2424533248940004 1.8688348091416842 0.48502956425772725 0.047316813222543073 4.321497902261858 3.699446240432394 2.602003343538398 4.5000000000000009 0.32304519422201738 5.2724682103148881
decision_type=2 2 2 2 2 2 2 2 2 2 2 2 2 2
left_child=-1 4 5 -4 -2 9 10 -8 11 -3 -7 -9 -12 -6
right_child=1 2 3 -5 13 6 7 8 -10 -11 12 -13 -14 -15
leaf_value=0.019826168829615607 -0.0059734204931420074 -0.010562833985930697 -0.0217662354065709 0.0054949887810873234 0.019522493950967629 -0.010311769913640381 0.01067086820575093 -0.033201509979361173 0.0077133584943050648 0.020451355339015136 -0.005184232795106253 0.0062639331122489638 0.022121709216033202 -0.0055615071679769937
leaf_weight=0.81109309359453519 0.76089704922742152 0.50497789435530815 1.7466636904489408 0.55951929278307933 1.5566347041167317 0.35952895677814956 0.36616290919505479 1.6472719418372892 0.37829472644989426 1.3737951511279787 0.11015813868834801 0.14287918526679266 1.5367213644319688 0.12409112870136585
leaf_count=152 121 4379 4726 666 61 668 595 6259 36 339 146 9 1215 586
internal_value=0.00241174 -0.000378527 -0.0038811 -0.0154907 0.00962966 0.00181509 -0.00346199 -0.015709 -0.0221254 0.0113418 0.0120882 -0.0289355 0.0190267 0.0162867
internal_weight=11.9787 11.1676 8.72597 2.30618 2.44162 6.41979 4.54102 2.53461 2.16845 1.87877 2.00641 1.79015 1.64688 1.68073
internal_count=19958 19806 19038 5392 768 13646 8928 6899 6304 4718 2029 6268 1361 647
is_linear=0
shrinkage=0.05


Tree=250
num_leaves=15
num_cat=0
split_feature=19 12 27 5 7 5 23 30 25 2 6 29 6 6
split_gain=0.249382 0.187356 0.221663 0.389179 0.390745 0.471017 0.215916 0.194897 0.165528 0.157139 0.215005 0.108266 0.112101 0.09972
threshold=7.5000000000000009 0.87500000000000011 0.32316875326443079 1.7500000000000002 4.321497902261858 3.5833333333333335 0.34083864606854386 2.3678296146362654 3.0677824455408698 2.4414009612931857 5.2724682103148881 0.34144929990966583 3.6785681060026527 4.9339566026354147
decision_type=2 2 2 2 2 2 2 2 2 2 2 2 2 2
left_child=-1 2 7 9 5 6 -5 11 -9 10 -4 -2 -13 -6
right_child=1 -3 3 4 13 -7 -8 8 -10 -11 -12 12 -14 -15
leaf_value=0.018577309718367917 0.019283425879700687 0.015210223700692235 0.018553549540633707 -0.0013637055870939479 0.0087354530504229252 0.0093905133360462148 -0.035569822191629984 -0.017010874909424791 0.0077029080750312716 -0.0099641260457122866 -0.0095847021993092987 -0.011662228968894676 0.0093139979713987332 -0.0083061041492050926
leaf_weight=0.77900854899780725 1.194297482902128 0.48303481820767125 1.5489661583051186 0.64010390348062429 1.3366760983699348 0.45387756661511947 2.057260958616439 0.48847473070736658 0.45164150460777819 0.22050706014670129 0.23130645787659876 0.29634280899085741 0.27518958479072353 0.41971052961343946
leaf_count=158 1209 71 70 1581 145 170 7893 4505 655 66 637 1396 41 1217
internal_value=0.00127643 -0.00161207 -0.0038106 -0.0082673 -0.0150163 -0.023446 -0.0300167 0.00672812 -0.0072874 0.00777444 0.0127652 0.0141268 -0.0020624 0.00312716
internal_weight=10.8764 10.0974 9.61435 6.90841 4.90763 3.15124 2.69736 2.70595 0.940116 2.00078 1.78027 1.76583 0.571532 1.75639
internal_count=19814 19656 19585 11779 11006 9644 9474 7806 5160 773 707 2646 1437 1362
is_linear=0
shrinkage=0.05


Tree=251
num_leaves=15
num_cat=0
split_feature=14 0 27 30 7 3 7 5 27 23 12 14 29 7
split_gain=0.220507 0.142462 0.243408 0.179535 0.143168 0.123949 0.143354 0.134144 0.25202 0.217329 0.216686 0.193271 0.185735 0.154379
threshold=0.05552986400791847 1.4978661367769956 0.96556199512184226 3.0543831793934033 3.2922444060077729 1.4978661367769956 4.4186017428302957 1.7500000000000002 0.32316875326443079 0.35087609290579891 0.87500000000000011 0.058516247000031857 0.31360927477617201 4.0181259238190483
decision_type=2 2 2 2 2 2 2 2 2 2 2 2 2 2
left_child=1 -1 4 -4 -3 6 7 -2 -9 13 11 -11 -13 -10
right_child=5 2 3 -5 -6 -7 -8 8 9 10 -12 12 -14 -15
leaf_value=-0.01712084745553832 0.015908808446158905 -0.00708281867970723 -0.021421687901578716 0.0075779326045298349 0.015357092248978372 -0.011047782410659786 0.017839503338191422 0.008694895961844985 -0.0085994196305180341 0.0072345343787402518 0.0091225165775095356 0.0053704294920595029 -0.026190499600277879 0.015916954245315803
leaf_weight=1.4948899479342128 0.46546877035871137 0.34653970903445985 0.61950180916937814 0.19343511378883704 1.2729063173774191 0.26826789834922227 1.0431933586951343 2.8461079608910023 0.27750051008524712 0.1661358927221962 0.22539933188818384 0.1965795682745014 2.0220567470423703 0.56807146320352331
leaf_count=14686 82 79 95 57 736 265 66 1844 327 8 32 396 1086 13
internal_value=-0.000225795 -0.008726 -8.17963e-05 -0.0141476 0.00968447 0.00441234 0.00613701 0.00226857 -0.000779691 -0.00878298 -0.0147106 -0.0189929 -0.0225944 0.00757118
internal_weight=12.0061 3.92727 2.43238 0.812937 1.61945 8.07878 7.81051 6.76732 6.30185 3.45574 2.61017 2.38477 2.21864 0.845572
internal_count=19772 15653 967 152 815 4119 3854 3788 3706 1862 1522 1490 1482 340
is_linear=0
shrinkage=0.05


Tree=252
num_leaves=15
num_cat=0
split_feature=13 19 25 30 30 27 25 30 29 2 5 30 0 14
split_gain=0.337031 0.244485 0.313037 0.233803 0.276191 0.445009 0.225661 0.182047 0.167935 0.148114 0.142247 0.102162 0.0799327 0.0745748
threshold=4.5000000000000009 7.5000000000000009 3.0201273556387074 2.374575816842496 2.3552523625041273 0.53670502298940892 3.1567740231385479 1.6214223009987723 0.2621043250291295 2.4414009612931857 3.5833333333333335 2.2449409540871765 1.8688348091416842 0.99615729292963973
decision_type=2 2 2 2 2 2 2 2 2 2 2 2 2 2
left_child=1 9 3 4 5 -3 -4 -7 -5 -1 13 -9 -8 -10
right_child=-2 2 6 8 -6 7 12 11 10 -11 -12 -13 -14 -15
leaf_value=0.018767796273904354 0.018526324284709319 -0.026268636093383799 0.016496377559884576 0.0034417166920621012 0.015886762409951811 -0.010243357329751165 -0.013201431802412955 0.015710406515215269 -0.028149601647895896 -0.007455013088250236 0.0022946045606072412 -0.0052994132814721661 0.0055308446007618162 -0.00037443258191131618
leaf_weight=0.59881588933057806 0.61081072385422963 0.99665219434427932 1.114714181330555 0.39681953629065025 0.5397960059494834 0.54062404011438081 0.63906964125203547 1.3771084724842237 2.6595482838142752 0.16530878888443112 0.32062721467264044 0.2254347356870311 0.19910178039754101 0.28788632575833606
leaf_count=90 105 3689 1009 3402 208 406 2147 1097 6320 15 380 253 141 652
internal_value=-0.00321579 -0.00609123 -0.00861355 -0.0130117 -0.00276024 -0.0090292 0.00673209 0.00479456 -0.0205063 0.0120847 -0.0235392 0.0118543 -0.00816356 -0.0262188
internal_weight=10.6723 10.0615 9.29738 7.3445 3.67962 3.13982 1.95289 2.14317 3.66488 0.764125 3.26806 1.60254 0.838171 2.94743
internal_count=19914 19809 19704 16407 5653 5445 3297 1756 10754 105 7352 1350 2288 6972
is_linear=0
shrinkage=0.05


Tree=253
num_leaves=15
num_cat=0
split_feature=2 25 0 6 5 14 30 30 6 6 29 23 23 14
split_gain=0.231505 0.255443 0.180518 0.159703 0.203045 0.332463 0.166899 0.192965 0.149556 0.121197 0.10427 0.0800394 0.195979 0.0936197
threshold=1.7005986908310777 3.1567740231385479 2.3502401828962087 5.2724682103148881 1.7500000000000002 0.29647069744014076 3.1182523740259862 1.5970786018174881 3.9574317443096203 2.9384588441731685 0.86907878334579924 0.68495520895672579 0.72587618214390781 0.095309232221516896
decision_type=2 2 2 2 2 2 2 2 2 2 2 2 2 2
left_child=1 3 -2 4 -1 6 7 -6 -4 -9 11 13 -13 -11
right_child=2 -3 8 -5 5 -7 -8 9 -10 10 -12 12 -14 -15
leaf_value=0.024167809135370644 -0.019799631298745804 -0.013581816138372949 0.014442146151670924 -0.010292677131280683 -0.0084193448229259657 -0.016929689925552154 -0.007072003760589772 -0.005690423310409325 -0.0098709200834520214 0.0027067682664061177 -0.005016886601532722 -0.012703062308368011 0.012723791221129155 0.022097883221614236
leaf_weight=1.1834106804162701 0.77296133089203134 0.56431340167068889 0.43420500704087317 0.25454792151595107 0.44846080995421012 0.50622889610622213 0.74708973365454756 0.25416922328008684 0.22581813478882395 1.0711779840345341 0.17088818932529637 0.37764958201262266 0.70546299889451802 3.7118135523414821
leaf_count=112 542 2123 18 842 530 2572 2916 7320 206 1469 352 171 566 170
internal_value=0.00345858 0.00631864 -0.0108882 0.00869733 0.0101838 0.00565615 0.00899823 0.0114632 0.00518851 0.0138409 0.015355 0.0165927 0.00201602 0.0189741
internal_weight=11.4282 9.99521 1.43298 9.4309 9.17635 7.99294 7.48671 6.73962 0.660023 6.29116 6.03699 5.8661 1.08311 4.78299
internal_count=19909 19143 766 17020 16178 16066 13494 10578 224 10048 2728 2376 737 1639
is_linear=0
shrinkage=0.05


Tree=254
num_leaves=15
num_cat=0
split_feature=6 6 6 29 29 13 14 14 7 14 5 6 12 5
split_gain=0.194991 0.26179 0.258522 0.279575 0.219716 0.198272 0.198064 0.174142 0.135162 0.115437 0.123361 0.113266 0.0947222 0.11066
threshold=3.7226998520434811 4.0231389717980077 3.3408608595458582 0.45253659677927999 0.55560933634505771 4.5000000000000009 0.14488015981396343 0.29992276023777087 3.7087654965137542 0.99615729292963973 3.5833333333333335 4.9339566026354147 0.87500000000000011 1.7500000000000002
decision_type=2 2 2 2 2 2 2 2 2 2 2 2 2 2
left_child=2 5 3 -1 8 -2 12 11 -4 10 -5 -8 13 -3
right_child=1 6 4 9 -6 -7 7 -9 -10 -11 -12 -13 -14 -15
leaf_value=0.01069022747341891 -0.023252443401129152 0.0034585651282685419 -0.01309473404277961 -0.021554604951803742 0.024312599936183787 0.0074753452897735467 0.020260021779224344 -0.0078995974409176075 0.0098626024338261311 0.0046190178803481247 0.0053021073234187721 -0.0052268154142249452 0.0085074571068630023 -0.013808318342037725
leaf_weight=1.4803822735702854 1.0772568307613708 0.91490820412400387 0.38712344655641606 1.071309301690462 1.7993963513301876 0.17543105967342842 1.5389509268670734 0.27723547118512204 0.24593225958960829 0.3185260857258071 0.11684257560409594 0.10395435412647192 0.20578348301933136 1.664227557717368
leaf_count=8186 766 731 620 5840 665 17 72 126 12 742 2 4 56 1979
internal_value=0.00260345 -0.00342678 0.00873372 -0.00153459 0.0181167 -0.0175411 0.00274701 0.0121841 -0.00359809 -0.013019 -0.0176974 0.0172799 -0.00525969 -0.0084282
internal_weight=11.3773 5.95775 5.41951 2.98706 2.43245 1.25269 4.70506 1.92014 0.633056 1.50668 1.18815 1.64291 2.78492 2.57914
internal_count=19818 3751 16067 14770 1297 783 2968 202 632 6584 5842 76 2766 2710
is_linear=0
shrinkage=0.05


Tree=255
num_leaves=15
num_cat=0
split_feature=23 4 25 5 7 27 25 19 30 23 25 28 13 5
split_gain=0.180117 0.270249 0.18335 0.151193 0.187594 0.251803 0.161375 0.149279 0.102489 0.0924717 0.0922993 0.0921527 0.0875098 0.0908844
threshold=0.57528489523283732 4.2500000000000009 2.4414009612931857 1.7500000000000002 4.0181259238190483 0.68549830705002357 3.0677824455408698 7.5000000000000009 3.3177900677670569 0.79577174533440986 3.1132683346437333 0.69446547917170809 4.5000000000000009 3.5833333333333335
decision_type=2 2 2 2 2 2 2 2 2 2 2 2 2 2
left_child=3 2 9 -1 6 -6 7 -5 -3 -2 -8 -4 13 -9
right_child=1 8 11 4 5 -7 10 12 -10 -11 -12 -13 -14 -15
leaf_value=0.0078979565606743848 0.019101410162444959 -0.017476559923212918 -0.0086255084054435369 0.0053896633346408873 0.012583610545245644 -0.013921518343734833 0.011143591833454224 -0.02919737632605169 0.0056352140142099513 -0.0022238321606901472 -0.0082229098742631953 0.0069385966241371499 0.0030437016498338168 0.0017051655538607589
leaf_weight=1.0561224811362988 3.1146126529323515 0.5116833820757164 0.93509773535276941 0.12032797303982135 1.300621758762645 0.49201664130487177 0.35828046709070793 1.3096091902525584 0.14114863451504789 0.35854663568693457 0.19078319251070752 0.88924176676391653 0.064704268239438645 0.14729901511509513
leaf_count=399 4240 346 3482 14 107 589 180 7060 50 1325 896 1145 5 69
internal_value=0.00213226 0.00748206 0.0114317 -0.00437712 -0.0085632 0.00292877 -0.015937 -0.021272 -0.0120934 0.0168949 0.0034501 -0.00126844 -0.0246816 -0.0266506
internal_weight=10.9901 5.95033 5.2975 5.03976 3.98364 1.79264 2.191 1.64194 0.652832 3.47316 0.549064 1.82434 1.52161 1.45691
internal_count=19907 10588 10192 9319 8920 696 8224 7148 396 5565 1076 4627 7134 7129
is_linear=0
shrinkage=0.05


Tree=256
num_leaves=15
num_cat=0
split_feature=4 0 6 6 28 27 3 3 30 6 27 29 29 28
split_gain=0.196404 0.268211 0.153493 0.110866 0.139432 0.38027 0.205647 0.113599 0.111101 0.106333 0.15012 0.145936 0.138124 0.120588
threshold=4.2500000000000009 2.3502401828962087 3.9574317443096203 5.2724682103148881 0.82004012759363809 0.70520450683630642 1.2424533248940004 1.4978661367769956 3.8086306038254105 4.0231389717980077 0.32316875326443079 0.29769850097992484 0.64611839773130109 0.28819328626491741
decision_type=2 2 2 2 2 2 2 2 2 2 2 2 2 2
left_child=3 -2 -3 4 5 6 -1 9 -6 10 13 -12 -13 -8
right_child=1 2 -4 -5 8 -7 7 -9 -10 -11 11 12 -14 -15
leaf_value=-0.01222901383765649 -0.021975622097319573 0.016263000699575342 -0.0089909463873633199 -0.0092877364199123839 0.019342356897249811 -0.0180573890141849 0.0012759493677326347 -0.0075868720666037023 -0.0042334158104835595 0.018587973694232273 0.0092014923156544578 -0.019590327129994346 0.0054493939423883777 0.019804943900353825
leaf_weight=0.32296286919392603 0.63246227559193424 0.47736814501695335 0.20157966139868222 0.22706558782647412 2.0420537764184705 0.76131741829476585 2.0364244621255243 0.17714630396244491 0.22230184406816977 2.358859042155018 0.28687845119065958 0.70853881701100341 0.29321046946370188 0.77440975813351531
leaf_count=11127 635 20 132 1295 797 1992 1296 585 464 180 483 463 251 138
internal_value=0.00395863 -0.00979976 0.00787583 0.0064421 0.00761284 0.00343521 0.0077602 0.0102073 0.01644 0.0116472 0.00479148 -0.00637169 -0.0132003 0.0102383
internal_weight=11.5226 1.31141 0.678948 10.2112 9.9841 7.71975 6.95843 6.63547 2.26436 6.45832 4.09946 1.28863 1.00175 2.81083
internal_count=19858 787 152 19071 17776 16515 14523 3396 1261 2811 2631 1197 714 1434
is_linear=0
shrinkage=0.05


Tree=257
num_leaves=15
num_cat=0
split_feature=6 14 5 27 30 7 23 30 30 27 26 27 25 30
split_gain=0.159483 0.162452 0.280208 0.218197 0.19516 0.175918 0.139399 0.191207 0.182827 0.16116 0.114475 0.102505 0.170276 0.118336
threshold=5.2724682103148881 0.19631391732905409 1.7500000000000002 0.96556199512184226 3.0543831793934033 2.9421514417660002 0.71254125320667627 2.8980255883368193 1.5366381219115024 0.31959636280485232 1.5000000000000002 0.087785303612859564 1.8688348091416842 2.3678296146362654
decision_type=2 2 2 2 2 2 2 2 2 2 2 2 2 2
left_child=1 3 -3 5 -5 -1 7 8 -7 -10 -11 -4 13 -13
right_child=-2 2 11 4 -6 6 -8 -9 9 10 -12 12 -14 -15
leaf_value=-0.0077189745309460718 -0.013496792421685999 0.015746606514405594 0.0041702672654657545 -0.018233598577042976 0.0096530185879228261 -0.0052494752274763329 -0.0025331018822513825 -0.0035178747954988515 -0.00087724643005491316 0.028170897108616328 -0.0019757506058431843 0.011817235010833748 -0.02036078473977895 -0.0092901585081998726
leaf_weight=0.40553668017969169 0.36689195453709622 0.45846104808151755 0.52713283744014949 0.52649624892728741 0.26131573485326953 0.27647383336966402 0.79022835133491742 0.6736469700181259 0.55291015881221062 3.1151691294962807 0.20506930802048362 0.4774695967130359 1.4923905295431721 0.25889380109538251
leaf_count=12003 1920 80 471 83 43 41 557 590 480 522 188 344 1896 565
internal_value=0.00302572 0.00480037 -0.00371312 0.00878129 -0.0087582 0.0119977 0.0143739 0.0171032 0.0204838 0.023021 0.0262826 -0.010281 -0.0139319 0.00331974
internal_weight=10.3881 10.0212 3.21435 6.80685 0.787812 6.01903 5.6135 4.82327 4.14962 3.87315 3.32024 2.75589 2.22875 0.736363
internal_count=19783 17863 3356 14507 126 14381 2378 1821 1231 1190 710 3276 2805 909
is_linear=0
shrinkage=0.05


Tree=258
num_leaves=15
num_cat=0
split_feature=19 7 30 25 30 14 14 25 13 25 23 14 14 0
split_gain=0.198245 0.229661 0.240208 0.341584 0.1977 0.163362 0.137676 0.127018 0.107741 0.0998944 0.0850847 0.108368 0.0933784 0.0763893
threshold=7.5000000000000009 3.1919587132661058 2.3945378846289422 2.249904835165133 1.8456444149686246 0.99615729292963973 0.2721087720154029 3.1984648276080736 4.5000000000000009 3.0677824455408698 0.6802189868331423 0.088364332762321349 0.086892997237296751 2.8029010331479989
decision_type=2 2 2 2 2 2 2 2 2 2 2 2 2 2
left_child=13 5 4 8 -3 -2 9 -5 -4 10 12 -12 -6 -1
right_child=1 2 3 7 6 -7 -8 -9 -10 -11 11 -13 -14 -15
leaf_value=0.018876456687395557 -0.023044082521079243 -0.0056570823834267937 -0.021137875649790451 0.010572712117644746 0.00010772452126580343 0.0038595994288427443 -0.006667200740832168 -0.0086275837242717947 0.0046724861126068639 -0.003787944917525972 0.010553312619790256 -0.0095382013306251727 0.026355531240676328 -0.0040051393800426089
leaf_weight=0.60501887137070198 0.99136609375648344 1.2467843199788129 1.7988442103714986 1.8320255032606385 0.40130074809349148 0.43640401919401484 0.19936216591122491 0.37769086514845174 0.10279926180373866 0.21486722074041598 0.3896756125682258 0.30778753338381648 1.5078122647391863 0.08545828377828002
leaf_count=133 13947 322 839 1080 438 1906 94 636 10 268 187 10 25 14
internal_value=-0.000627929 -0.0030693 0.000765137 -0.00703389 0.0081876 -0.0166182 0.0138876 0.00562543 -0.0186132 0.0167046 0.0189757 0.00129119 0.0227718 0.0153505
internal_weight=10.4972 9.80672 8.37895 4.11136 4.26759 1.42777 3.02081 2.20972 1.90164 2.82144 2.60658 0.697463 1.90911 0.690477
internal_count=19909 19762 3909 2565 1344 15853 1022 1716 849 928 660 197 463 147
is_linear=0
shrinkage=0.05


Tree=259
num_leaves=15
num_cat=0
split_feature=29 13 5 2 27 7 5 27 17 0 6 6 23 6
split_gain=0.275974 0.227723 0.193162 0.324971 0.276097 0.390752 0.51532 0.262471 0.206591 0.197554 0.145527 0.144736 0.144152 0.134299
threshold=0.35330032829664554 4.5000000000000009 1.7500000000000002 1.7005986908310777 0.17586961413165766 4.4186017428302957 3.5833333333333335 0.70520450683630642 0.026979536889198557 2.3502401828962087 5.2724682103148881 3.9574317443096203 0.48274579741104501 3.4710683599890517
decision_type=2 2 2 2 2 2 2 2 2 2 2 2 2 2
left_child=12 2 3 10 13 6 8 -7 -6 -5 -2 -11 -1 -4
right_child=1 -3 4 9 5 7 -8 -9 -10 11 -12 -13 -14 -15
leaf_value=-0.0050750855640995527 0.020934386942860404 0.015130012987554073 -0.0080558700955910469 -0.019535662545489548 -0.032872913700372548 0.016568770545600357 0.010306097124834079 -0.012024306946449778 0.0052393193375803674 0.015046129456237303 -0.0063258271872740279 -0.0092473111756409682 0.01726096893108383 0.015701290665875091
leaf_weight=0.45722971952955171 1.1341427018924144 0.44797585543710727 0.18791972757162412 0.76298696568574065 2.6188995140148572 0.78493636583152671 0.46035887543166598 0.52621091880064341 0.11683615669608105 0.42632303957361728 0.14027649291620026 0.20976906074974977 1.9452078616284323 0.58962556141773348
leaf_count=2285 115 86 1865 484 8491 61 170 1231 9 15 100 129 4763 60
internal_value=0.000609378 -0.00385335 -0.00649159 0.00361949 -0.0113687 -0.0157682 -0.0233698 0.00485584 -0.0302785 -0.0100737 0.0164718 0.00627931 0.0127678 0.0086577
internal_weight=10.8087 8.40626 7.95829 2.6735 5.28479 4.50724 3.19609 1.31115 2.73574 1.39908 1.27442 0.636092 2.40244 0.777545
internal_count=19864 12816 12730 843 11887 9962 8670 1292 8500 628 215 144 7048 1925
is_linear=0
shrinkage=0.05


Tree=260
num_leaves=15
num_cat=0
split_feature=28 19 28 23 30 29 25 30 28 29 14 6 6 13
split_gain=0.221868 0.188537 0.157286 0.169945 0.182072 0.220896 0.159145 0.152961 0.175517 0.104718 0.0946022 0.126302 0.166661 0.0827262
threshold=0.92084043453978792 7.5000000000000009 0.30193507888796345 0.68690961221787317 2.8923127545612006 0.62262677342918804 2.8617925509761908 2.2666638780985315 0.17558597387394578 0.86509782207456631 0.2721087720154029 3.9890246936720053 2.9543757604967378 4.5000000000000009
decision_type=2 2 2 2 2 2 2 2 2 2 2 2 2 2
left_child=1 -1 7 4 5 10 13 8 -3 -7 11 12 -4 -5
right_child=-2 2 3 6 -6 9 -8 -9 -10 -11 -12 -13 -14 -15
leaf_value=0.019115963510694833 -0.01320951973894418 0.013222668550120109 0.013101329201214025 -0.019002307660300297 -0.0064841489328874265 -0.0084150211627731144 0.0080797399068636682 -0.018867652374618238 -0.011656252403390268 0.0084336193874330004 -0.0023836356059681336 0.028236305381967388 -0.011349317344660253 0.0042245388353974334
leaf_weight=0.61702323105418777 1.4874174610126836 0.6285557086562219 0.47157818008440777 0.81039095131586669 1.0483419463986363 1.114599774974067 0.35590404805793696 0.77249630674202763 0.29350476857166541 0.6514395845601938 0.24160712412958663 1.3130606643301233 0.34331941227787866 0.092141438508406281
leaf_count=133 1382 862 1390 2578 3243 1568 510 5635 968 713 363 82 316 12
internal_value=0.000130996 0.00351961 0.000374218 0.00408547 0.00796224 0.0121738 -0.00833872 -0.0100152 0.00335912 -0.00139795 0.0197018 0.0221698 0.00222264 -0.0156569
internal_weight=10.2414 8.75396 8.13694 6.44238 5.18395 4.1356 1.25844 1.69456 0.92206 1.76604 2.36957 2.12796 0.814898 0.902532
internal_count=19755 18373 18240 10775 7675 4432 3100 7465 1830 2281 2151 1788 1706 2590
is_linear=0
shrinkage=0.05


Tree=261
num_leaves=15
num_cat=0
split_feature=4 5 3 0 25 6 6 27 23 23 7 25 27 29
split_gain=0.175401 0.2362 0.233124 0.218163 0.18634 0.16655 0.133512 0.109485 0.139882 0.144397 0.141076 0.234585 0.195859 0.103339
threshold=4.2500000000000009 1.7500000000000002 1.2424533248940004 2.3502401828962087 3.1567740231385479 3.9574317443096203 5.2724682103148881 0.69080026041375087 0.68495520895672579 0.72587618214390781 3.9179919320456364 2.249904835165133 0.32316875326443079 0.2621043250291295
decision_type=2 2 2 2 2 2 2 2 2 2 2 2 2 2
left_child=1 6 -3 -2 7 -5 -1 8 10 -10 11 -4 13 -13
right_child=3 2 4 5 -6 -7 -8 -9 9 -11 -12 12 -14 -15
leaf_value=0.022115019323187161 -0.021318127356205412 -0.017355780922653535 -0.012678762507641793 0.015458149809029546 -0.013270306963872972 -0.010103649359879976 -0.0055079148333583936 -0.0047085530762777765 -0.014546961726836023 0.0074341788305840699 0.019803905612921512 -0.0049955133255635917 -0.0093810608735650884 0.019158417557969685
leaf_weight=1.3314698788308295 0.61032285104283868 0.52989785448789817 0.7022538040455405 0.4746878162259236 0.45010650153562881 0.23572071741727996 0.1200266990745148 1.1558717506267155 0.45074744105204423 0.64986505090246283 2.0563115236418525 0.10896603730861887 0.28657972562473322 1.5853691120178153
leaf_count=119 615 13902 939 21 838 134 50 1160 240 633 122 283 461 277
internal_value=0.00233689 0.00493625 0.000677491 -0.0103495 0.00386377 0.00602818 0.0185158 0.00648791 0.00906831 -0.00420762 0.0123472 0.0028073 0.0107089 0.0163275
internal_weight=10.7482 9.42747 7.97597 1.32073 7.44607 0.710409 1.4515 6.99596 5.84009 1.10061 4.73948 2.68317 1.98091 1.69434
internal_count=19794 19024 18855 770 4953 155 169 4115 2955 873 2082 1960 1021 560
is_linear=0
shrinkage=0.05


Tree=262
num_leaves=15
num_cat=0
split_feature=30 16 2 13 27 27 5 7 5 14 25 27 7 30
split_gain=0.208725 0.183908 0.154895 0.140347 0.145679 0.275737 0.143495 0.188676 0.248164 0.124262 0.121878 0.108087 0.0856082 0.0824817
threshold=2.2666638780985315 1.0000000180025095e-35 0.89587973461402759 4.5000000000000009 0.3420094825155105 0.38562485961776977 1.7500000000000002 4.4186017428302957 3.5833333333333335 0.23226975964619209 2.1383330595080281 0.78129250347981716 2.9421514417660002 3.2217446902566684
decision_type=2 2 2 2 2 2 2 2 2 2 2 2 2 2
left_child=2 3 9 4 -2 -6 10 8 -8 12 13 -11 -1 -7
right_child=1 -3 -4 -5 5 6 7 -9 -10 11 -12 -13 -14 -15
leaf_value=-0.0044937956101871882 -0.023126789114567375 0.011784353564522924 -0.0061283073822895962 0.0092734907850110081 0.013981871980434938 -0.012426626996704817 -0.027465482467419502 0.0034085367646542542 0.0064099800719858383 -0.012342916938698864 0.012173925492790784 0.0085800468514598913 0.017560317162629489 0.0063977903288780433
leaf_weight=0.098527523394978611 0.78004491535352816 0.45635537384077896 0.87630018574031954 0.24919915501959611 0.65079346029551732 0.63325923389766126 1.4430215563148752 0.70380610201755178 0.27832962867250888 0.35315458523245968 0.51717223360265052 0.21341120563920413 2.6298132248423371 0.15429113103891723
leaf_count=3299 6164 104 647 26 533 135 5984 993 139 815 374 50 693 45
internal_value=0.000374874 -0.00537077 0.00793138 -0.00843059 -0.010652 -0.00454536 -0.0100506 -0.0155021 -0.0216454 0.0122269 0.00241198 -0.00401563 0.0157722 -0.00722273
internal_weight=10.0375 5.86627 4.17121 5.40992 5.16072 4.38067 3.72988 2.42516 1.72135 3.29491 1.30472 0.566566 2.72834 0.78755
internal_count=20001 14497 5504 14393 14367 8203 7670 7116 6123 4857 554 865 3992 180
is_linear=0
shrinkage=0.05


Tree=263
num_leaves=15
num_cat=0
split_feature=2 27 30 0 29 27 0 30 23 27 23 12 25 19
split_gain=0.17467 0.255406 0.274779 0.20364 0.128959 0.128169 0.0911472 0.0719622 0.085125 0.148112 0.0812616 0.0652025 0.0647761 0.0664029
threshold=0.89587973461402759 0.28752038980169214 2.6578760701179731 2.3502401828962087 0.82240404523013233 0.49329925435954708 2.524928003624769 1.6703303154069353 0.6802189868331423 0.68549830705002357 0.78261446167440485 0.87500000000000011 3.7494348669884658 1.5000000000000002
decision_type=2 2 2 2 2 2 2 2 2 2 2 2 2 2
left_child=1 2 -1 5 7 -2 -5 -3 -9 10 -10 -6 13 -7
right_child=3 4 -4 6 11 12 -8 8 9 -11 -12 -13 -14 -15
leaf_value=-0.021295975521524457 0.0055329616584401421 -0.0031482837968533797 0.0085350599769086453 0.014203041178531437 -0.01187023418877892 0.0029480792991282397 -0.0063741462333908429 0.015169522713475226 -0.015266037932790225 0.011079988567807401 0.0046573086092961879 0.0055807408222078745 0.0028839096616520617 -0.02151604917886869
leaf_weight=0.86588348844713869 0.21820033068502276 0.47411145176124581 0.60001109178642764 0.44982593923486991 0.42945981552043111 0.062584771076217849 0.1435504249711812 3.8633626193068267 0.48267912081689679 0.64659131034954953 0.21971941701394826 0.12541781936306506 0.089685557681605022 1.8025244654801318
leaf_count=4206 331 727 2695 102 1439 12 138 5501 1040 742 698 29 191 1929
internal_value=-2.823e-05 0.00386543 -0.0105761 -0.00902223 0.00824941 -0.014902 0.0083488 0.0105323 0.0120832 0.000549252 -0.00995891 -0.00687344 -0.0182835 -0.0199527
internal_weight=10.4736 7.70724 1.46589 2.76637 6.24134 2.173 0.593376 5.68646 5.21235 1.34899 0.702399 0.554878 1.95479 1.86511
internal_count=19780 17077 6901 2703 10176 2463 240 8708 7981 2480 1738 1468 2132 1941
is_linear=0
shrinkage=0.05


Tree=264
num_leaves=15
num_cat=0
split_feature=23 25 23 32 7 28 3 7 30 13 7 28 30 19
split_gain=0.397449 0.197471 0.225318 0.216307 0.139019 0.120522 0.119782 0.106795 0.0916889 0.0879394 0.0862247 0.0858813 0.0785438 0.0750159
threshold=0.47453067244967734 2.6735537653587347 0.53244461467683091 0.15476190476190479 2.9421514417660002 0.824547970038222 1.2424533248940004 4.9313016842975577 2.1008871883792914 4.5000000000000009 4.9313016842975577 0.68369523948441524 3.7717056119895491 7.5000000000000009
decision_type=2 2 2 2 2 2 2 2 2 2 2 2 2 2
left_child=5 3 8 4 -2 9 -6 12 -3 10 13 -4 -8 -1
right_child=1 2 11 -5 6 -7 7 -9 -10 -11 -12 -13 -14 -15
leaf_value=0.0030399582550616876 -0.0029065838730536605 -0.0058138510218046927 -0.018175231875080432 -0.004989153144458032 -0.004572969113840834 0.0022399261076834266 0.025672013229504805 -0.0037033953973915797 0.015230847827357112 0.0042779781927834446 0.0036905000216837869 0.0010124723629033501 -0.0028319941224627062 -0.023383011182856395
leaf_weight=0.064352126792073361 0.44527991562006297 0.12473852260541241 0.73028209498636421 0.82308928125394221 0.10966596560535924 0.87171032983474095 2.9075717348184762 0.10325913456290425 0.8040504900641281 0.093449645501095691 0.088578897470142581 0.7288464653918254 0.059178342800805583 1.4899110359049246
leaf_count=2 5193 154 3028 2288 660 873 394 318 727 22 5 1265 18 4881
internal_value=0.00229805 0.00843536 -0.00258557 0.0137405 0.0181525 -0.0116681 0.0210914 0.0229065 0.0108556 -0.0169174 -0.0192855 -0.0120766 0.0245328 -0.0215272
internal_weight=9.44396 6.83596 2.38792 4.44804 3.62496 2.608 3.17968 3.07001 0.928789 1.73629 1.64284 1.45913 2.96675 1.55426
internal_count=19828 14045 5174 8871 6583 5783 1390 730 881 4910 4888 4293 412 4883
is_linear=0
shrinkage=0.05


Tree=265
num_leaves=15
num_cat=0
split_feature=6 6 27 5 6 2 0 25 13 0 16 25 30 7
split_gain=0.17395 0.139385 0.165854 0.138608 0.1363 0.12243 0.340266 0.117866 0.103329 0.101625 0.100906 0.0971758 0.0908706 0.0873379
threshold=3.7226998520434811 4.0231389717980077 0.70520450683630642 1.7500000000000002 5.2724682103148881 0.89587973461402759 2.3502401828962087 2.4414009612931857 4.5000000000000009 2.1383330595080281 1.0000000180025095e-35 2.8617925509761908 1.6925026597870694 2.2442411583132738
decision_type=2 2 2 2 2 2 2 2 2 2 2 2 2 2
left_child=5 8 7 4 9 13 12 -3 10 -4 -2 -9 -7 -1
right_child=1 2 3 -5 -6 6 -8 11 -10 -11 -12 -13 -14 -15
leaf_value=-0.0058229345011185903 -0.022541323951741618 0.014114593346320738 0.017321943098452201 -0.016722482674608512 -0.010115105132308903 0.0040288751116705551 0.015073019965087043 -0.012155648683493125 0.0050476328638105342 -0.0057750803675383827 0.0042226689833720181 0.0066399275897815052 -0.021171101931424043 0.012459404447765931
leaf_weight=0.16861730262053276 0.95270771406535437 1.3168124641240413 0.52568819653242804 0.91436740935250782 0.24859294565430901 0.10076450078895482 0.45920343941543251 0.41869805613578126 0.11213016510009755 0.1231590760871768 0.092038017697632313 0.45379129075263336 0.72442671652834179 3.490770217534191
leaf_count=10740 748 262 33 1673 713 46 18 93 15 4 8 176 1106 4172
internal_value=0.000512077 -0.00542126 8.15149e-05 -0.00878477 0.00385356 0.00657308 -0.00441192 0.0078728 -0.015667 0.0120942 -0.0192715 -0.00405456 -0.0175725 0.0105481
internal_weight=10.1018 5.15799 4.00111 1.81181 0.89744 4.94378 1.28439 2.1893 1.15688 0.648847 1.04475 0.872489 0.825191 3.65939
internal_count=19807 3725 2954 2423 750 16082 1170 531 771 37 756 269 1152 14912
is_linear=0
shrinkage=0.05


Tree=266
num_leaves=15
num_cat=0
split_feature=29 30 28 28 6 27 0 16 2 13 5 30 29 29
split_gain=0.259938 0.132765 0.119519 0.172551 0.122165 0.118188 0.111784 0.09113 0.0860347 0.0733408 0.0680186 0.0653449 0.060862 0.0550615
threshold=0.79534143875311358 3.062678130647996 0.30193507888796345 0.087726770076810442 3.1881110137345856 0.52725915249477417 2.3502401828962087 0.067897455357501565 0.89587973461402759 4.5000000000000009 1.7500000000000002 1.6703303154069353 0.65007171909127703 0.5914265478164733
decision_type=2 2 2 2 2 2 2 2 2 2 2 2 2 2
left_child=1 2 3 4 -1 -2 7 9 11 -7 -3 12 -4 -5
right_child=5 10 8 13 -6 6 -8 -9 -10 -11 -12 -13 -14 -15
leaf_value=-0.0067694415666487585 0.0077154022361232855 0.0056271915884813714 -0.0089800319392014834 -0.014895360952459023 0.016586873722373021 -0.019077974983517543 0.0047614068998147541 0.0047953658135904895 -0.0054964253836894154 0.0036325821100144299 -0.011966235394242915 0.015328892953829039 0.0068791790549789268 0.0017153258130621638
leaf_weight=0.1931027806140263 0.21372342525694454 0.12641386338509619 0.204562138097799 0.69694748343249535 0.61617122029156235 2.2400393167954475 0.37003983150680131 0.10598465841030691 0.12234412962197883 0.078276975429616757 0.61390429381333422 4.1364326532137738 0.23940790976030257 0.44205580233699493
leaf_count=2102 403 18 371 3878 84 3387 220 37 325 16 3685 4259 273 759
internal_value=0.0014496 0.00634342 0.00865291 -0.0013813 0.0103525 -0.00915783 -0.0121416 -0.0153587 0.0123232 -0.0174475 -0.00745485 0.0136988 -0.00158653 -0.0106606
internal_weight=10.3994 7.39134 6.65102 1.94828 0.809274 3.00806 2.79434 2.4243 4.70275 2.31832 0.740318 4.5804 0.44397 1.139
internal_count=19817 15754 12051 6823 2186 4063 3660 3440 5228 3403 3703 4903 644 4637
is_linear=0
shrinkage=0.05


Tree=267
num_leaves=15
num_cat=0
split_feature=6 7 6 25 7 8 14 0 13 23 30 14 3 14
split_gain=0.181851 0.172855 0.330132 0.182326 0.190321 0.168907 0.127347 0.119926 0.138764 0.11643 0.108248 0.0933955 0.0612681 0.0579199
threshold=5.2724682103148881 3.9674747795034579 3.4916335344891389 0.89587973461402759 2.9421514417660002 2.3629177160699819 0.30744191542908988 2.3502401828962087 4.5000000000000009 0.47733982948708442 1.5366381219115024 0.25684626211028377 1.2424533248940004 0.99615729292963973
decision_type=2 2 2 2 2 2 2 2 2 2 2 2 2 2
left_child=1 2 3 -1 -5 6 10 8 13 -6 -3 -11 -12 -4
right_child=-2 5 7 4 9 -7 -8 -9 -10 11 12 -13 -14 -15
leaf_value=-0.0094364235281360603 -0.014160758378907283 -0.0040553218339541086 -0.023402207009019002 -0.0057862215524718819 -0.0047555081880978371 -0.0087906882957492338 -0.0055859601234005607 0.0060438398571601003 0.0057899931088644246 0.022051993886596212 -0.0028454057565660894 -0.0037264021932523414 0.020494103712399233 0.0017156189893922258
leaf_weight=0.49029452520767192 0.38974147145518223 0.20697150869091396 1.3325595877761314 0.65531701318332158 0.1649727615867963 0.20965643452336724 0.22200491817056889 0.13704633316956449 0.13067901146132488 2.0584777100325486 0.060213496468350391 0.10244891957245261 3.0892868393057142 0.11068248944775394
leaf_count=2646 1929 10 1821 11241 241 187 61 10 13 878 103 182 246 127
internal_value=0.00324784 0.00534857 -0.00082597 0.00763864 0.0121117 0.0122041 0.0150855 -0.0144829 -0.017924 0.017378 0.0174212 0.0200376 0.0194697 -0.0215621
internal_weight=9.36035 8.97061 5.18248 3.47151 2.98122 3.78813 3.57848 1.71097 1.57392 2.3259 3.35647 2.16093 3.1495 1.44324
internal_count=19695 17766 17159 15188 12542 607 420 1971 1961 1301 359 1060 349 1948
is_linear=0
shrinkage=0.05


Tree=268
num_leaves=15
num_cat=0
split_feature=29 28 28 13 28 6 28 29 29 30 30 30 6 14
split_gain=0.215378 0.212987 0.171586 0.153165 0.17462 0.31073 0.302161 0.121572 0.111243 0.108126 0.101007 0.0955406 0.0963368 0.0799976
threshold=0.30179375804375813 0.32268354953415196 0.084669945883770747 4.5000000000000009 0.82004012759363809 4.5033188460601865 0.89727157876980923 0.31360927477617201 0.86907878334579924 3.3177900677670569 1.7501243067603773 3.8086306038254105 5.2724682103148881 0.1162330617881263
decision_type=2 2 2 2 2 2 2 2 2 2 2 2 2 2
left_child=-1 2 -2 4 5 7 11 -3 -7 10 -8 12 -6 -4
right_child=1 3 13 -5 6 8 9 -9 -10 -11 -12 -13 -14 -15
leaf_value=-0.017527745473656511 -0.0080451133273064385 0.0052373038619154579 -0.003538804224347632 0.01340298212378912 0.022092132081286225 0.014364497777369195 0.0038083773448908502 -0.019852196782875271 -0.0072801670492741253 0.0066934079355047129 -0.016276585126079275 -0.004683648721308711 -0.0041020409436594921 0.020623385201381191
leaf_weight=0.70142233920819386 0.18570857652650641 0.14004230580621957 0.093498871539395512 0.3844067208119667 1.1515911294520722 0.7251988173529752 0.41357156166850506 2.7673311418545836 0.16877342086809222 0.35220423401824508 1.3662708935462431 0.10263574463442626 0.08932222631847242 1.4767052064271409
leaf_count=5958 985 167 2337 85 740 46 133 6051 251 357 1347 335 297 699
internal_value=-0.00110842 0.00167971 0.0136685 -0.00232888 -0.00467883 -0.0109441 0.00308783 -0.0176126 0.00859186 -0.00768844 -0.0119184 0.0161722 0.0192175 0.0183676
internal_weight=10.1187 9.41726 1.75591 7.66135 7.27694 3.80135 3.4756 2.90737 0.893972 2.13205 1.77984 1.34355 1.24091 1.5702
internal_count=19788 13830 4021 9809 9724 6515 3209 6218 297 1837 1480 1372 1037 3036
is_linear=0
shrinkage=0.05


Tree=269
num_leaves=15
num_cat=0
split_feature=19 7 27 6 30 7 6 24 21 0 2 5 6 3
split_gain=0.186812 0.235269 0.165333 0.155281 0.289659 0.222928 0.191683 0.202753 0.111318 0.0997209 0.0919646 0.0857295 0.0984079 0.0646253
threshold=7.5000000000000009 3.3630845931548374 0.047316813222543073 4.1764197098782452 2.8923127545612006 4.4186017428302957 5.2724682103148881 0.24568965517241384 0.77500000000000013 2.3502401828962087 2.4414009612931857 3.5833333333333335 2.4542651661319983 1.2424533248940004
decision_type=2 2 2 2 2 2 2 2 2 2 2 2 2 2
left_child=10 2 -2 4 13 -5 7 8 -7 -6 -1 12 -4 -3
right_child=1 3 11 5 9 6 -8 -9 -10 -11 -12 -13 -14 -15
leaf_value=0.019068336560479519 0.0055660653068666001 -0.0034482339056943752 0.00018757144788233962 -0.018323900117434577 -0.015990916368699933 -0.0044774323785512736 -0.012179785056085603 -0.0075964664324423758 0.023338876559115158 0.0059862959137123089 -0.0047338646917807776 0.0032533766282439843 -0.026018698029013757 0.014454929938768677
leaf_weight=0.61457481415709381 0.38725865912010737 0.18780667253668104 0.41222292495297086 0.92991814249171545 0.72006165727498217 0.097453196183778346 0.31826948029265612 0.38985294563462958 0.8781854521948842 0.13507064804434776 0.09956362983211875 0.12322928327648686 1.1644411844788463 3.3545316667564293
leaf_count=134 1214 419 9460 268 402 63 1776 55 34 3 15 160 5488 414
internal_value=-0.000371042 -0.00293059 -0.0144713 0.00188253 0.00706592 -0.00638044 0.00458564 0.0119903 0.0197004 -0.0111639 0.0149242 -0.019407 -0.0217533 0.0129556
internal_weight=9.81244 9.0983 2.08715 7.01115 4.39747 2.61368 1.68376 1.36549 0.975639 0.855132 0.714138 1.69989 1.57666 3.54234
internal_count=19905 19756 16322 3434 1238 2196 1928 152 97 405 149 15108 14948 833
is_linear=0
shrinkage=0.05


Tree=270
num_leaves=15
num_cat=0
split_feature=13 5 28 29 7 5 6 28 30 16 28 29 6 7
split_gain=0.189456 0.21624 0.272841 0.218288 0.234357 0.225888 0.190431 0.187559 0.130318 0.104277 0.0939635 0.113812 0.09246 0.0847535
threshold=4.5000000000000009 1.7500000000000002 0.18807107369059814 0.44477936942124968 3.7087654965137542 3.5833333333333335 4.5033188460601865 0.89727157876980923 3.3177900677670569 0.038446036121673098 0.53337659528444747 0.34144929990966583 3.7517567920960846 3.1919587132661058
decision_type=2 2 2 2 2 2 2 2 2 2 2 2 2 2
left_child=1 7 13 4 -4 6 9 -1 -9 -5 11 -6 -7 -3
right_child=-2 2 3 5 10 12 -8 8 -10 -11 -12 -13 -14 -15
leaf_value=0.019762875183958001 0.016080655563456871 -0.0047976130161347906 -0.016602922113099026 -0.032227266657268952 0.0069459500429619363 0.01198078943959399 0.00010662300376583941 -0.0081125349202048318 0.011311500649248922 0.0028888577741777947 0.014159923541455425 -0.012846597691161234 -0.0077588853025435519 0.012811395349631775
leaf_weight=0.68684079294507627 0.49869736435357559 0.39230549728290398 0.48554732262323375 1.6557167910992809 0.68441614227958758 0.31655871655311774 0.623000827562464 1.6028929001713548 0.31271854575334135 0.061219060793518909 0.98879097890858247 0.31245065226357838 0.18270709370153781 1.067443570736941
leaf_count=119 100 4546 5237 7187 84 22 886 647 92 5 40 40 668 218
internal_value=-0.000592206 -0.00294411 -0.00741396 -0.0122678 -0.000479359 -0.0197309 -0.0246555 0.00751421 -0.00214955 -0.0303727 0.00770365 -0.00258438 0.0044001 0.00805249
internal_weight=9.87131 9.37261 6.77016 5.31041 2.47121 2.8392 2.33994 2.60245 1.91561 1.71694 1.98566 0.996867 0.499266 1.45975
internal_count=19891 19791 18933 14169 5401 8768 8078 858 739 7192 164 124 690 4764
is_linear=0
shrinkage=0.05


Tree=271
num_leaves=15
num_cat=0
split_feature=30 6 7 23 30 14 28 5 12 0 14 3 28 25
split_gain=0.133698 0.13087 0.133067 0.164188 0.346923 0.201981 0.174709 0.151051 0.0926463 0.0926064 0.0781003 0.0764439 0.0767849 0.163052
threshold=1.8456444149686246 5.2724682103148881 3.1919587132661058 0.6802189868331423 2.839658921357886 0.25341851857701325 0.68369523948441524 1.7500000000000002 0.87500000000000011 2.4414009612931857 0.28675108229089447 2.524928003624769 0.36571598056200483 2.249904835165133
decision_type=2 2 2 2 2 2 2 2 2 2 2 2 2 2
left_child=8 2 7 4 5 11 -5 -2 10 -8 -1 12 13 -4
right_child=1 -3 3 6 -6 -7 9 -9 -10 -11 -12 -13 -14 -15
leaf_value=-0.016919234951936209 0.0083139111083291774 -0.011840406882010891 -0.010142923684438653 -0.014762268807928408 -0.0081811769860541984 -0.0041527719546140636 0.012652211387444557 -0.014515017239921804 0.0063542253813056787 -0.0069859711303848814 0.0033908964634975849 -0.0032259138310810698 0.027011221923376939 0.013292498518131874
leaf_weight=1.0642847502250568 0.39303763752104515 0.30670765166178249 0.29083158595540304 0.71159200635497633 1.0969827114838606 0.59555821076355631 0.77374225058520096 0.77736209871716078 0.14538061060011376 0.14695913903415203 0.23877285243997892 0.065071280812844523 2.238948710940349 1.016805404572551
leaf_count=1445 62 1732 142 467 547 147 105 14311 24 3 280 3 405 192
internal_value=0.000921718 0.00355436 0.00537299 0.00795668 0.011736 0.017503 -0.00411726 -0.00655034 -0.00957654 0.00751243 -0.0133412 0.0212001 0.0222592 0.00594356
internal_weight=9.86204 8.4136 8.10689 6.93649 5.3042 4.20722 1.63229 1.1704 1.44844 0.920701 1.30306 3.61166 3.54659 1.30764
internal_count=19865 18116 16384 2011 1436 889 575 14373 1749 108 1725 742 739 334
is_linear=0
shrinkage=0.05


Tree=272
num_leaves=15
num_cat=0
split_feature=13 30 16 25 4 7 5 29 25 23 14 0 14 14
split_gain=0.168522 0.150025 0.202804 0.256234 0.161242 0.186609 0.228343 0.15421 0.171291 0.136784 0.0966554 0.101814 0.093001 0.0764017
threshold=4.5000000000000009 2.2666638780985315 1.0000000180025095e-35 2.8617925509761908 9.5000000000000018 4.4186017428302957 3.5833333333333335 0.59522452082315269 2.6735537653587347 0.43101128847354081 0.19411523636542327 0.89587973461402759 0.99615729292963973 0.056920056398945658
decision_type=2 2 2 2 2 2 2 2 2 2 2 2 2 2
left_child=1 7 3 4 5 6 12 8 13 -10 -5 -12 -3 -1
right_child=-2 2 -4 10 -6 -7 -8 -9 9 -11 11 -13 -14 -15
leaf_value=-0.0037481897484828498 0.015177958441404439 -0.031491172510012586 0.011058270327675238 -0.0059955344344991002 0.0048531541329823527 0.0021345851103743703 0.0055062155272929784 -0.0057520821732420409 0.0091427776074714997 -0.013922104975889719 0.016001130812380856 -0.0061521349717407773 -0.00050036063483134758 0.019465146178513748
leaf_weight=0.080795341364136131 0.46007744717644605 1.9397396812433969 0.41830662149004627 0.63530811967211753 0.35317680388106953 0.60126173451862985 0.23529806664555497 1.698150579151388 0.25216374198885194 0.46447817320927243 0.72656148610121818 0.12981357225726242 0.29940351993354841 1.4492797253933529
leaf_count=1544 99 8541 84 3057 71 715 93 2506 140 703 422 108 1236 489
internal_value=-0.000796565 -0.00298716 -0.00786944 -0.0110745 -0.0172592 -0.0203661 -0.0248743 0.00387558 0.0106829 -0.00520805 0.00436316 0.0111379 -0.0287811 0.0172424
internal_weight=9.74381 9.28374 5.33887 4.92056 3.42888 3.0757 2.47444 3.94487 2.24672 0.716642 1.49168 0.856375 2.23914 1.53008
internal_count=19808 19709 14327 14243 10656 10585 9870 5382 2876 843 3587 530 9777 2033
is_linear=0
shrinkage=0.05


Tree=273
num_leaves=15
num_cat=0
split_feature=7 27 6 28 27 14 18 14 3 7 27 25 23 28
split_gain=0.160771 0.180906 0.15759 0.193616 0.197544 0.159948 0.151371 0.13943 0.116686 0.0965138 0.155737 0.154669 0.100215 0.13912
threshold=3.1717757263905457 0.9731042786738352 5.2724682103148881 0.81560773893833771 0.70520450683630642 0.29647069744014076 2.1070023807705716 1.0000000180025095e-35 1.4978661367769956 3.9179919320456364 0.18540965766646897 2.249904835165133 0.68495520895672579 0.55505760190641473
decision_type=2 2 2 2 2 2 2 2 2 2 2 2 2 2
left_child=6 2 3 4 5 7 -1 -2 -5 10 11 -9 -11 -14
right_child=1 -3 -4 8 -6 -7 -8 9 -10 12 -12 -13 13 -15
leaf_value=-0.016571400346926748 -0.0086400357548268095 -0.012188982615778169 -0.011222740093984726 -0.0018168375160275742 -0.01266861773304042 -0.01101546189103335 0.0081070277309696678 -0.0084026518564736218 0.023910963665856131 0.02049631738139469 -0.010128507095236175 0.016614583919210512 -0.011054065503218032 0.011653009553111188
leaf_weight=1.0610654589032726 0.2422643285447047 0.57513638659020205 0.2858397756335761 0.37972732851630997 0.71818936542967993 0.27758647147766158 0.19287610874744121 0.19310668815160148 1.3149430052726527 1.9869150187914786 0.71096338789720892 0.89171087811701 0.40220478025730688 0.30001585517311469
leaf_count=15782 1097 386 1404 88 482 263 38 17 66 70 99 14 15 22
internal_value=0.00124408 0.00405097 0.0065246 0.0084605 0.00273265 0.00668446 -0.0108628 0.00946571 0.0196112 0.0118407 0.00145763 0.010267 0.0164997 -0.000206181
internal_weight=9.53254 8.2786 7.70347 7.41763 5.72296 5.00477 1.25394 4.72718 1.69467 4.48492 1.79578 1.08482 2.68914 0.702221
internal_count=19843 4023 3637 2233 2079 1597 15820 1334 154 237 130 31 107 37
is_linear=0
shrinkage=0.05


Tree=274
num_leaves=15
num_cat=0
split_feature=14 0 6 3 23 28 14 25 30 28 5 30 18 27
split_gain=0.196208 0.152409 0.130079 0.124337 0.0931033 0.203919 0.094421 0.101979 0.0955754 0.095517 0.0912669 0.0848093 0.0819651 0.0732691
threshold=1.0000000180025095e-35 2.3502401828962087 3.9574317443096203 1.4978661367769956 0.68690961221787317 0.58370185314148093 0.29647069744014076 3.1132683346437333 1.6480770926468293 0.824547970038222 3.5833333333333335 3.306159024072342 2.868115076893853 0.044029917771881803
decision_type=2 2 2 2 2 2 2 2 2 2 2 2 2 2
left_child=1 10 -3 4 6 -6 7 8 -2 -8 12 13 -1 -10
right_child=3 2 -4 -5 5 -7 9 -9 11 -11 -12 -13 -14 -15
leaf_value=-0.018107481967898114 -0.0047435311409753152 0.015105607443921615 -0.0083321479056495604 -0.0095651650292700244 -0.01408239534604382 0.010912532927051579 -0.011650411123414041 -0.005254520821713099 -0.0035366327141742315 0.0078302985565877701 0.0032970214341458237 -0.0035360354114418544 0.0042681996672960989 0.019408628664944833
leaf_weight=1.6807234588053468 0.14547586838989435 0.4595539798028766 0.18503018755654921 0.22732257685152024 0.61928214481622468 0.6638013784559007 0.30060365399958744 0.19165506604576865 0.074121293689131895 0.28348107472265838 0.41881716049465456 0.16769975221177436 0.0932318263221531 3.7884223166729498
leaf_count=14645 29 20 209 259 878 307 1792 86 52 174 651 89 18 521
internal_value=0.00240805 -0.00704223 0.00740224 0.00694526 0.0087862 -0.00203544 0.0114613 0.0136591 0.0153747 -0.00322112 -0.0122768 0.0168996 -0.0158168 0.0183315
internal_weight=9.29922 2.83736 0.644584 6.46187 6.23454 1.28308 4.95146 4.36737 4.17572 0.584085 2.19277 4.03024 1.77396 3.86254
internal_count=19730 15543 229 4187 3928 1185 2743 777 691 1966 15314 662 14663 573
is_linear=0
shrinkage=0.05


Tree=275
num_leaves=15
num_cat=0
split_feature=6 5 14 29 14 5 3 13 14 14 7 23 28 29
split_gain=0.156294 0.110181 0.287044 0.242874 0.162442 0.149372 0.127464 0.105736 0.0822873 0.10021 0.115249 0.102438 0.0916325 0.0739432
threshold=5.2724682103148881 1.7500000000000002 0.29647069744014076 0.9931910576958104 0.056920056398945658 3.5833333333333335 1.4978661367769956 4.5000000000000009 0.11903714941306653 0.14488015981396343 3.1919587132661058 0.68341035338708578 0.70430789804050009 0.30179375804375813
decision_type=2 2 2 2 2 2 2 2 2 2 2 2 2 2
left_child=1 3 4 -1 5 7 8 -3 12 -10 -11 13 -6 -12
right_child=-2 2 -4 -5 6 -7 -8 -9 9 10 11 -13 -14 -15
leaf_value=0.020854863755764758 -0.012379692148226616 -0.018526544722113958 -0.017608427061108847 -0.0067423166800611323 0.021030799766773037 0.0084972906307207545 -0.0084505868696580343 0.00544554039764239 -0.0074099840134637263 -0.0079727090207726056 -0.0012065744595110232 -0.0050367557473359739 -0.0038093636272109204 0.017051854614169734
leaf_weight=1.7074647182889742 0.32560095930921384 0.76177632064513889 0.53648020005812203 0.57111610891297449 1.5776523981503485 0.36664481094157964 0.19465531713603912 0.12198320310562849 0.51350048787298908 0.22728403836686117 0.52318111213389862 0.33535481093167607 0.11477123870008643 2.0762869287245849
leaf_count=140 1951 13542 2845 16 289 130 105 17 129 523 14 22 44 54
internal_value=0.00458739 0.00627199 0.00248981 0.0139911 0.00612355 -0.00662861 0.00956329 -0.0140834 0.011441 0.00489624 0.00819487 0.0111549 0.0185571 0.0140628
internal_weight=9.95375 9.62815 7.34957 2.27858 6.81309 1.2504 5.56269 0.88376 5.36803 3.67561 3.16211 2.93482 1.69242 2.59947
internal_count=19821 17870 17714 156 14869 13689 1180 13559 1075 742 613 90 333 68
is_linear=0
shrinkage=0.05


Tree=276
num_leaves=15
num_cat=0
split_feature=13 5 29 28 14 28 25 16 28 28 25 30 14 29
split_gain=0.156118 0.14164 0.207202 0.171574 0.148458 0.102269 0.217135 0.192745 0.112 0.30062 0.0780017 0.0720419 0.0719203 0.0862086
threshold=4.5000000000000009 1.7500000000000002 0.76379584099976716 0.89727157876980923 0.28916283568923556 0.30193507888796345 3.0201273556387074 0.077075245101965825 0.38383087070168082 0.5462682864368259 3.1132683346437333 1.7501243067603773 0.1162330617881263 0.2621043250291295
decision_type=2 2 2 2 2 2 2 2 2 2 2 2 2 2
left_child=1 3 4 -1 5 6 7 -3 12 -10 -8 -11 13 -7
right_child=-2 2 -4 -5 -6 8 10 -9 9 11 -12 -13 -14 -15
leaf_value=0.018664598188713997 0.015458447541178975 -0.022496552959281484 -0.020308754082968377 -0.0029603193572896296 -0.015262805591230836 0.0087021890823994526 0.01442387968457232 0.0076962420873948169 -0.017799707956859645 -0.0042431211563128844 -0.0054226748173831236 0.012770718737700706 0.018229852042384663 -0.010046799044919695
leaf_weight=0.61869975984336578 0.46611536160344336 0.77085198155123069 0.81951401593596518 1.5974770732473187 0.43374594476654227 0.22246579883494655 0.49557033999644773 0.18117615953087807 0.61410651961045948 0.2927782143171952 0.11822894999568234 1.4498020332390522 0.99151528356469498 0.24061768916556048
leaf_count=110 91 5227 3850 722 2488 448 239 8 2133 268 556 2782 52 835
internal_value=0.000258046 -0.00203145 -0.00557322 0.00700304 -0.000818353 0.00255747 -0.00593934 -0.0157515 0.00655721 -0.000872976 0.0096097 0.00940732 0.0140467 -0.00124812
internal_weight=9.31267 8.84655 6.63037 2.21618 5.81086 5.37711 1.56583 0.952028 3.81129 2.35669 0.613799 1.74258 1.4546 0.463083
internal_count=19809 19718 18886 832 15036 12548 6030 5235 6518 5183 795 3050 1335 1283
is_linear=0
shrinkage=0.05


Tree=277
num_leaves=15
num_cat=0
split_feature=13 19 7 30 14 5 7 2 7 14 30 2 14 14
split_gain=0.184633 0.144483 0.160724 0.265359 0.29026 0.394154 0.168116 0.183951 0.14881 0.149337 0.114098 0.0851564 0.0850829 0.0778022
threshold=4.5000000000000009 7.5000000000000009 4.0622605259338789 1.7828545130964766 0.25159249160243785 3.5833333333333335 4.0181259238190483 2.3502401828962087 4.1728935973770644 0.1476094510282788 1.502499797912533 2.4414009612931857 0.29992276023777087 0.20357668927109343
decision_type=2 2 2 2 2 2 2 2 2 2 2 2 2 2
left_child=1 11 3 10 5 6 7 -5 13 -10 -3 -1 -11 -4
right_child=-2 2 8 4 -6 -7 -8 -9 9 12 -12 -13 -14 -15
leaf_value=0.01617190582276893 0.015949167765874087 -0.0073400131418402655 0.017214869701133128 -0.034617550167407293 0.0038302256835063119 0.0097070842794798953 0.0031177882732288257 0.00087126111441837367 -0.011977991823821475 0.013331907954752765 0.014307476963581887 -0.0052721897445259566 -0.0058568042685094423 -0.0044513956359496804
leaf_weight=0.47670538740930979 0.48799889918882478 0.19335823393180263 0.81014205927522231 1.9602497486558843 1.1997640752804271 0.35562466134524573 0.22330307691208862 0.36151030466135115 1.2302248191426772 0.5717353946311049 0.72423744410502877 0.11249508848413825 0.20878910376268323 0.092234075779742852
leaf_count=93 102 415 80 13187 2794 158 46 13 1960 19 855 14 46 22
internal_value=-0.000476882 -0.00299412 -0.00520884 -0.00996692 -0.0148794 -0.021616 -0.0274964 -0.030493 0.0034398 -0.00426439 0.00829696 0.0113364 0.00779242 0.0138245
internal_weight=9.00837 8.52037 7.93117 5.01805 4.10045 2.90069 2.54506 2.32176 2.91313 2.01075 0.917596 0.5892 0.780524 0.902376
internal_count=19804 19702 19595 17468 16198 13404 13246 13200 2127 2025 1270 107 65 102
is_linear=0
shrinkage=0.05


Tree=278
num_leaves=15
num_cat=0
split_feature=14 14 5 25 30 25 14 23 5 4 16 6 25 13
split_gain=0.319855 0.114807 0.173834 0.16632 0.124144 0.106551 0.125702 0.109069 0.0865936 0.104443 0.104799 0.0795851 0.0784857 0.0760814
threshold=0.05552986400791847 0.22448775294267295 1.7500000000000002 2.740319461670996 2.8923127545612006 2.3502401828962087 0.29647069744014076 0.67878796347532877 3.5833333333333335 9.5000000000000018 0.036506651930943761 3.7517567920960846 3.0201273556387074 4.5000000000000009
decision_type=2 2 2 2 2 2 2 2 2 2 2 2 2 2
left_child=8 3 -3 4 -2 7 -7 -4 9 10 13 -10 -5 -1
right_child=1 2 5 12 -6 6 -8 -9 11 -11 -12 -13 -14 -15
leaf_value=-0.021757874390907761 0.018952738599856772 0.013651334995688519 -0.020403061919254045 -0.010404645566346137 -0.0044445863124806919 0.0099024812373293483 -0.010601635626642208 0.0037207027972648039 0.010956115188207603 0.0035804336261731533 0.0039300090174157285 -0.007429196949617552 0.0054573624714998933 0.0031761736312219653
leaf_weight=1.7913181299055634 2.6482429559418965 0.37499014940112863 0.66907173867707603 0.52179768269161264 0.27912320123414236 0.88515635230305612 0.26541498548112941 0.28101042596745174 0.27822599185674324 0.38431407516691241 0.20135195908369485 0.17357438995713892 0.70262506219432908 0.082763409940525778
leaf_count=14783 441 83 1117 144 199 140 1346 591 19 145 36 663 139 11
internal_value=0.000884453 0.00677186 -0.00151489 0.011048 0.0161582 -0.0077518 0.00244226 -0.0150188 -0.010822 -0.013763 -0.0170944 0.00364077 -0.00294095 -0.0199348
internal_weight=9.53898 6.62743 2.47564 4.15179 2.92737 2.10065 1.15057 0.950082 2.91155 2.45975 2.07543 0.4518 1.22442 1.87408
internal_count=19857 4200 3277 923 640 3194 1486 1708 15657 14975 14830 682 283 14794
is_linear=0
shrinkage=0.05


Tree=279
num_leaves=15
num_cat=0
split_feature=27 24 0 6 28 25 23 25 28 6 12 6 30 18
split_gain=0.186203 0.148968 0.104622 0.11054 0.0856624 0.120299 0.241565 0.190266 0.162023 0.190112 0.112336 0.100426 0.111191 0.0990651
threshold=0.92484732959158478 1.0000000180025095e-35 2.3502401828962087 3.9574317443096203 0.63979010587579721 1.8688348091416842 0.48502956425772725 2.602003343538398 0.047262926722907446 4.0857123850075974 0.87500000000000011 5.2724682103148881 3.4731331151338662 2.1070023807705716
decision_type=2 2 2 2 2 2 2 2 2 2 2 2 2 2
left_child=1 4 -2 -4 5 -1 7 -7 -8 10 13 12 -6 -10
right_child=2 -3 3 -5 11 6 8 -9 9 -11 -12 -13 -14 -15
leaf_value=0.012980223308957713 -0.015677069681767138 -0.0067855079140127636 0.012465406350164257 -0.008821353928713754 0.02017294741350377 -0.0091285069221459913 0.0080284572988553512 0.016719950012735602 -0.027786571705628971 0.0037771644299507052 0.0039823491220929924 -0.0053602721361593287 -0.0036590336418572708 0.0032885136215095689
leaf_weight=1.0225322908788692 1.0188798164765565 1.3199190412295818 0.32988150417804707 0.19872416266480286 1.8570520830633093 0.29651085875184469 0.30920189495168449 1.2432841510478736 1.1127696026227338 0.64439576843642488 0.098405737604480126 0.12000358847672021 0.26105506143790069 0.0702151684090494
leaf_count=2672 1263 2897 17 155 2018 655 601 1351 6156 255 18 562 1112 4
internal_value=0.00215201 0.0052494 -0.0100676 0.0039272 0.00807073 0.00307631 -0.00176313 0.0101081 -0.0105382 -0.0152444 -0.0222728 0.01452 0.0170042 -0.0252806
internal_weight=9.90283 8.35535 1.54749 0.528606 7.03543 4.79732 3.77478 1.5398 2.23499 1.92579 1.28139 2.23811 2.11811 1.18298
internal_count=19736 18301 1435 172 15404 11712 9040 2006 7034 6433 6178 3692 3130 6160
is_linear=0
shrinkage=0.05


Tree=280
num_leaves=15
num_cat=0
split_feature=13 5 9 29 25 14 0 7 5 7 25 23 14 29
split_gain=0.149383 0.132465 0.233983 0.219985 0.293014 0.214721 0.153277 0.147049 0.106917 0.231214 0.222879 0.104771 0.104416 0.0800529
threshold=4.5000000000000009 1.7500000000000002 1.0000000180025095e-35 0.40492945346980941 2.6735537653587347 0.22448775294267295 2.3502401828962087 3.9674747795034579 3.5833333333333335 4.2507480497034171 3.0677824455408698 0.67878796347532877 0.056920056398945658 0.86907878334579924
decision_type=2 2 2 2 2 2 2 2 2 2 2 2 2 2
left_child=1 2 -1 4 5 12 -4 -8 9 10 -5 -7 -3 -11
right_child=-2 3 6 8 -6 11 7 -9 -10 13 -12 -13 -14 -15
leaf_value=0.015961334131629746 0.014653591749647275 -0.0045752587164246596 -0.017602022101236816 -0.029258135445793622 -0.014823227028285146 -0.013954507561624117 0.014634089409114193 -0.009571181699417397 0.003889729050193285 0.0083826442373929298 0.0034211582841726196 0.0070723324546305326 0.021125398160260916 -0.0084686775836392107
leaf_weight=1.2562819175655013 0.43343930513947349 0.10051167922063076 0.46523543971989056 1.5035662126346103 0.61530967068438247 0.41237614950796331 0.44636283428553725 0.22065619716067886 0.38648873161491781 0.78503040725263407 0.41629116109197628 0.22571471302035206 1.5151032539306468 0.2021049740305898
leaf_count=165 100 4216 520 7943 2493 726 32 122 654 179 1370 360 235 748
internal_value=-0.000441182 -0.00266045 0.00581527 -0.00629882 0.00338923 0.0113892 -0.00764825 0.00568865 -0.013562 -0.016284 -0.0234273 -0.00673977 0.0183886 0.002407
internal_weight=8.98447 8.55103 2.38854 6.1625 2.86902 2.25371 1.13225 0.667019 3.29348 2.90699 1.91986 0.638091 1.61561 0.987135
internal_count=19863 19763 839 18924 8030 5537 674 154 10894 10240 9313 1086 4451 927
is_linear=0
shrinkage=0.05


Tree=281
num_leaves=15
num_cat=0
split_feature=23 6 7 23 16 21 28 27 30 29 7 7 6 3
split_gain=0.193866 0.249249 0.128854 0.0992301 0.0640072 0.0636159 0.0652827 0.212057 0.0663628 0.0434903 0.0581361 0.271392 0.0461781 0.0424126
threshold=0.45642458671999692 4.9339566026354147 2.9421514417660002 0.82584065313341914 0.027207162672390661 0.77500000000000013 0.30193507888796345 0.087785303612859564 3.6166217800193383 0.98924328910830006 3.9674747795034579 4.1728935973770644 2.5756249388690775 1.2424533248940004
decision_type=2 2 2 2 2 2 2 2 2 2 2 2 2 2
left_child=4 2 -2 5 9 -4 7 -7 13 10 12 -12 -1 -8
right_child=1 -3 3 -5 -6 6 8 -9 -10 -11 11 -13 -14 -15
leaf_value=0.0012733928992099161 -0.0068317609783786828 -0.015068133509594926 -0.0038954496364165488 -0.0053607742456735028 0.0051389219061281459 0.0136411786587416 -0.0015796799994026703 -0.012566519035601978 -0.0037326752018625961 0.0033363337044286915 0.013979802509639209 -0.015219876182467488 -0.020278439661701557 0.017353843207491278
leaf_weight=0.15665007201767023 0.57973236785335291 0.43092113984630476 0.16792024185451726 0.36027978955780771 0.11418750096345309 0.56338097342404558 0.14614440579259724 0.52846504726176136 0.083970480764037236 0.072856520947425341 0.51475668174225553 0.69194496677482675 0.88621365339758995 3.9874519929858252
leaf_count=3126 10684 1539 469 171 28 105 435 507 72 17 40 442 1735 506
internal_value=0.00063896 0.00492061 0.00811336 0.0103796 -0.00932508 0.0120828 0.0131254 0.00101292 0.015466 -0.0113689 -0.0127253 -0.00207332 -0.0180025 0.0165071
internal_weight=9.28488 6.84827 6.41735 5.83761 2.43661 5.47733 5.30941 1.09185 4.21757 2.32242 2.24957 1.2067 1.04286 4.1336
internal_count=19876 14488 12949 2265 5388 2094 1625 612 1013 5360 5343 482 4861 941
is_linear=0
shrinkage=0.05


Tree=282
num_leaves=15
num_cat=0
split_feature=19 6 30 6 14 5 2 14 30 13 5 4 14 30
split_gain=0.13422 0.124022 0.212805 0.139092 0.10541 0.109327 0.0905698 0.0831645 0.124901 0.121101 0.168042 0.103316 0.08429 0.0842546
threshold=7.5000000000000009 3.3638997243535007 1.7666480653774166 3.7226998520434811 0.99615729292963973 3.5833333333333335 2.4414009612931857 0.22051435730853819 2.3678296146362654 4.5000000000000009 1.7500000000000002 4.2500000000000009 0.29395165705006993 3.0543831793934033
decision_type=2 2 2 2 2 2 2 2 2 2 2 2 2 2
left_child=6 2 -2 -3 5 -4 -1 9 12 10 11 -5 -9 -10
right_child=1 3 4 7 -6 -7 -8 8 13 -11 -12 -13 -14 -15
leaf_value=0.017622581998823376 0.0078354466129304592 0.0095578238351766188 -0.02547871935321987 0.011715219394009442 0.0022497260960671057 0.0039886021850223394 -0.0050862947948506513 0.016893035770810971 -0.013548433591352464 0.00848812740486477 -0.016979649768791728 -0.0083586513356862843 -0.0047703555701129469 0.0061299267557028978
leaf_weight=0.54297275273711321 0.50096439664321213 2.1062400191729012 1.0083213578772072 0.56766020926806993 0.33539408368915236 0.085709325969219097 0.10805111401714385 0.61065448895169516 0.37258872029678969 0.2170980474911629 1.8880959266397215 0.19182605213882198 0.12618056162182256 0.16634792318291147
leaf_count=144 1056 1227 11977 67 1831 1 12 19 138 38 2591 647 76 53
internal_value=-7.57622e-05 -0.00242995 -0.0109453 0.00134877 -0.0180433 -0.0223679 0.0130557 -0.00387413 0.00456538 -0.00784141 -0.0111404 0.00477607 0.0125726 -0.00743812
internal_weight=8.8281 8.17708 1.93039 6.24669 1.42942 1.09403 0.651024 4.14045 1.27577 2.86468 2.64758 0.759486 0.736835 0.538937
internal_count=19877 19721 14865 4856 13809 11978 156 3629 286 3343 3305 714 95 191
is_linear=0
shrinkage=0.05


Tree=283
num_leaves=15
num_cat=0
split_feature=25 25 13 29 5 2 30 29 17 6 6 6 5 30
split_gain=0.12347 0.0888766 0.116264 0.126308 0.16561 0.137342 0.115862 0.157326 0.136712 0.0888025 0.0746508 0.068734 0.178355 0.098423
threshold=3.1132683346437333 2.8617925509761908 4.5000000000000009 0.26604932155414585 1.7500000000000002 1.7005986908310777 1.920624962899782 0.40492945346980941 0.020033064723987238 4.5033188460601865 3.2109335079208243 4.4288206438694759 3.5833333333333335 2.3678296146362654
decision_type=2 2 2 2 2 2 2 2 2 2 2 2 2 2
left_child=1 2 3 -1 5 -5 7 -6 11 -9 -3 12 13 -8
right_child=-2 10 -4 4 6 -7 8 9 -10 -11 -12 -13 -14 -15
leaf_value=0.011269317559297729 -0.0099373108310119307 -0.0044416443276942491 0.014469599174765159 0.014678351311851421 0.013871032378735835 -0.0065234565608423131 -0.0042980274321129403 -0.014697896692241606 0.007575119100441759 0.0059285566533139166 0.015445686975843281 0.00080577408906957733 0.0072032036934061103 -0.026862627786263096
leaf_weight=0.67479073382105337 0.80288276478791054 0.12387233533536335 0.40626357193104912 0.92229007406285635 0.53086546555459857 0.52834059164433711 1.1765704505048704 0.41428788463792898 0.17815363104455162 0.15366109457909261 1.3463801171072871 0.51345969301178218 0.17935163639867813 1.345585142725781
leaf_count=4234 2597 1568 91 184 307 437 2033 1203 21 75 645 677 28 5689
internal_value=0.00236623 0.00445343 0.00137478 -0.00122318 -0.00406062 0.00744542 -0.00845551 0.00347204 -0.0122292 -0.00889539 0.0126504 -0.0148634 -0.0172547 -0.0205452
internal_weight=9.29676 8.49387 7.02362 6.61736 5.94257 1.45063 4.49193 1.09881 3.39312 0.567949 1.47025 3.21497 2.70151 2.52216
internal_count=19789 17192 14979 14888 10654 621 10033 1585 8448 1278 2213 8427 7750 7722
is_linear=0
shrinkage=0.05


Tree=284
num_leaves=15
num_cat=0
split_feature=4 5 14 29 14 12 5 6 28 0 6 14 23 6
split_gain=0.12533 0.135086 0.178089 0.148633 0.165253 0.244326 0.213473 0.167941 0.15615 0.10296 0.101652 0.0987443 0.0958768 0.094206
threshold=4.2500000000000009 1.7500000000000002 0.29647069744014076 0.40492945346980941 0.23010151916197541 0.87500000000000011 3.5833333333333335 4.5033188460601865 0.17558597387394578 2.3502401828962087 5.2724682103148881 0.047870854918830016 0.6802189868331423 3.9574317443096203
decision_type=2 2 2 2 2 2 2 2 2 2 2 2 2 2
left_child=1 10 3 11 5 6 7 8 -5 -2 -1 -3 -13 -11
right_child=9 2 -4 4 -6 -7 -8 -9 -10 13 -12 12 -14 -15
leaf_value=0.017712694074245999 -0.017403216801308397 -0.0064583655101106644 -0.015820155048077579 0.001591844685172426 0.010149243306796715 0.012467147546817825 0.0077268933144008277 0.003899379783821023 -0.02814631205376722 0.011463186869234887 -0.0053870129770480588 0.016628727975631419 -0.0031164728687347195 -0.0082671018938052059
leaf_weight=1.1863818321871793 0.46557509506010397 0.14787131629839168 0.45765790139375884 0.41509791694852705 0.81810980660634403 0.33939718075998815 0.39868100689818664 0.39467693731148745 1.4052406100641972 0.32225858385208994 0.1176652785106852 2.0222679787275415 0.42149672931145676 0.18386738336994313
leaf_count=115 635 6115 2908 1230 180 96 558 841 6467 19 56 337 147 122
internal_value=0.00137414 0.00372722 0.00016666 0.00330901 -0.0029446 -0.00822185 -0.0136149 -0.0186648 -0.023205 -0.0102123 0.014195 0.0106951 0.0133071 0.00356554
internal_weight=9.09625 8.12454 6.8205 6.36284 3.7712 2.95309 2.6137 2.21502 1.82034 0.971701 1.30405 2.59164 2.44376 0.506126
internal_count=19826 19050 18879 15971 9372 9192 9096 8538 7697 776 171 6599 484 141
is_linear=0
shrinkage=0.05


Tree=285
num_leaves=15
num_cat=0
split_feature=14 13 5 7 0 19 27 27 29 6 7 6 14 5
split_gain=0.168944 0.227674 0.0912575 0.122346 0.231794 0.176032 0.115195 0.103716 0.179477 0.0848235 0.0668874 0.057107 0.0487778 0.218453
threshold=0.22051435730853819 4.5000000000000009 3.5833333333333335 4.4186017428302957 2.3502401828962087 7.5000000000000009 0.70520450683630642 0.17586961413165766 0.2621043250291295 3.7517567920960846 3.6785812731335512 3.9574317443096203 0.29647069744014076 1.7500000000000002
decision_type=2 2 2 2 2 2 2 2 2 2 2 2 2 2
left_child=1 2 3 4 5 -1 -5 10 -9 -4 -7 -6 -2 -14
right_child=12 -3 9 6 11 7 -8 8 -10 -11 -12 -13 13 -15
leaf_value=0.0060087007731236645 0.011551018153014132 0.014195776086669413 0.012116779335898531 0.01245915062132023 0.012535465332126575 -0.0078316404381436958 -0.0072449643444526092 0.0037207168641872862 -0.026672897775474227 -0.0070906941422555119 0.0089170698765686941 -0.0047835547821639263 0.013463689405439497 -0.01460885703237709
leaf_weight=0.27132357168011445 1.7958626840215859 0.41036880030878808 0.32089209733749147 0.41393215934658634 0.36024515028111626 0.18387088322708711 0.62455150184450758 0.30340097643693331 2.5112725052070459 0.16446321567309496 0.2107732375161504 0.094175182326580398 0.36771253822371375 0.40981999736209196
leaf_count=17 314 94 20 47 18 3496 1360 2347 8437 680 5 12 84 2866
internal_value=-0.000433717 -0.00498002 -0.00839623 -0.0103755 -0.0137435 -0.0177748 0.0028681 -0.0207353 -0.0232802 0.00521633 0.0010934 0.00812506 0.00842718 -0.00122721
internal_weight=8.44266 5.86927 5.4589 4.97355 3.93506 3.48064 1.03848 3.20932 2.81467 0.485355 0.394644 0.45442 2.5734 0.777533
internal_count=19797 16533 16439 15739 14332 14302 1407 14285 10784 700 3501 30 3264 2950
is_linear=0
shrinkage=0.05


Tree=286
num_leaves=15
num_cat=0
split_feature=28 5 14 7 14 30 27 30 23 6 6 23 29 30
split_gain=0.152859 0.168571 0.164801 0.180183 0.134538 0.133376 0.131464 0.0929664 0.0935453 0.085245 0.126633 0.117528 0.0795543 0.075184
threshold=0.9172857092698391 1.7500000000000002 0.20029180888290785 4.321497902261858 1.0000000180025095e-35 3.3177900677670569 0.70520450683630642 2.6578760701179731 0.67878796347532877 3.6785681060026527 2.9543757604967378 0.66856559533419568 0.83788720337633393 2.6697368473953866
decision_type=2 2 2 2 2 2 2 2 2 2 2 2 2 2
left_child=1 -1 4 7 -3 -2 9 8 -4 10 -6 -11 -5 -9
right_child=5 2 3 12 6 -7 -8 13 -10 11 -12 -13 -14 -15
leaf_value=0.017454498289802872 -0.01577777931737042 -0.0070032561261702533 -0.024102271020312 0.01286933937797043 0.010282474874572844 0.0066044809031465899 -0.0072462553710517397 0.0095494512075160378 0.0015549326920376166 0.021546536598073519 -0.010146348167837346 -0.0015927761087426381 -0.0062056933794090822 -0.0075736691304881922
leaf_weight=0.79225585345648131 1.1631231395035682 0.8603236596378564 0.83837644899358588 0.47810808580834407 0.52648847074760918 0.31096110015778311 0.33597182082803545 0.24024384104086483 0.29787867859113248 1.5267273596748512 0.50818375444578123 0.53487074785107314 0.13137952930628671 0.33752317305970791
leaf_count=347 1138 13957 1198 11 412 305 135 26 517 114 153 57 21 1473
internal_value=0.000700014 0.003852 0.000145214 -0.00859813 0.00560823 -0.0102951 0.00963626 -0.014951 -0.0197968 0.0127899 0.000193408 0.0169838 0.00745658 0.00108615
internal_weight=8.88242 7.40833 6.61608 2.32351 4.29257 1.47408 3.43224 1.71402 1.13626 3.09627 1.03467 2.0616 0.609488 0.577767
internal_count=19864 18421 18074 3246 14828 1443 871 3214 1715 736 565 171 32 1499
is_linear=0
shrinkage=0.05


Tree=287
num_leaves=15
num_cat=0
split_feature=6 13 28 4 25 6 29 6 30 7 30 16 25 30
split_gain=0.166685 0.121265 0.127569 0.216615 0.180203 0.169651 0.0971677 0.0777763 0.077005 0.112047 0.0911316 0.0726094 0.0666737 0.0645627
threshold=3.7226998520434811 4.5000000000000009 0.61943791155752825 4.2500000000000009 1.8688348091416842 5.2724682103148881 0.25820768859100324 4.0857123850075974 2.9195744691195489 2.9421514417660002 1.6703303154069353 0.027207162672390661 3.1132683346437333 2.3678296146362654
decision_type=2 2 2 2 2 2 2 2 2 2 2 2 2 2
left_child=6 2 4 5 13 7 -1 -4 9 -8 -11 -6 -12 -2
right_child=1 -3 3 -5 11 -7 8 -9 -10 10 12 -13 -14 -15
leaf_value=-0.00694131246299046 0.010714879927567377 0.010447393197510283 -0.003877865667702297 -0.01520656162220997 -0.023387466557079108 -0.0099754125073027704 -0.0041856651715611896 0.016341518022584361 -0.0017316379602164884 -0.0041317462648568981 0.020026576000529903 0.0029655252597993484 -0.0027996974407846296 -0.0060759840257619113
leaf_weight=0.23926434897111937 0.33373195205808759 0.27727757862885472 0.17905543271035673 0.45841768686886997 1.1450191843276796 0.2457205030273143 0.37735520532936639 1.5582968766650536 0.79440155708425653 0.14187876156529489 2.3361825712132718 0.062924418132752069 0.10466360751843229 0.16483937018188044
leaf_count=5081 118 83 194 746 841 1232 6354 305 3720 93 711 7 156 191
internal_value=0.0018792 -0.00439182 -0.00722048 0.000764245 -0.0147057 0.00831614 0.00831582 0.0136023 0.0105436 0.0134433 0.0164684 -0.0212933 0.0185186 0.00481341
internal_weight=8.41903 4.42528 4.14801 2.44149 1.70651 1.98307 3.99375 1.73735 3.75448 2.96008 2.58272 1.20794 2.44085 0.498571
internal_count=19832 3717 3634 2477 1157 1731 16115 499 11034 7314 960 848 867 309
is_linear=0
shrinkage=0.05


Tree=288
num_leaves=15
num_cat=0
split_feature=29 28 25 29 30 29 27 5 12 7 2 2 29 30
split_gain=0.16145 0.114227 0.122753 0.170711 0.096039 0.0829179 0.0756984 0.1117 0.113415 0.102412 0.175385 0.0616498 0.0592657 0.0534187
threshold=0.79534143875311358 0.30193507888796345 3.0201273556387074 0.26604932155414585 3.1925755270793883 0.55560933634505771 0.52725915249477417 1.7500000000000002 0.87500000000000011 3.2922444060077729 2.4414009612931857 0.89587973461402759 0.73261981074481086 1.6703303154069353
decision_type=2 2 2 2 2 2 2 2 2 2 2 2 2 2
left_child=1 2 3 -1 11 -4 -2 9 -9 -8 -11 13 -6 -3
right_child=6 4 5 -5 12 -7 7 8 -10 10 -12 -13 -14 -15
leaf_value=0.0071720110544669273 0.0076485967666531296 -0.00088479830712351196 -0.0057937757023476802 -0.018137804850612817 -0.0085481018018025295 0.014329465627870762 -0.0097219524478462886 -0.020855136883692556 0.0051528973305346535 0.014230088468347547 -0.010447424272584419 -0.0036909285780809217 0.0066199061942442423 0.017315807308866126
leaf_weight=0.41873959276131223 0.20558019200370869 0.34148225319847902 0.12790099860512771 0.64425638179807265 0.44059369615604271 0.45942376018319919 0.46425616747637888 0.68135263229169107 0.11758044493035413 1.0869498335669048 0.2431743275892585 0.079197434375487208 0.22299890349222551 3.2419696372159592
leaf_count=3075 392 649 793 3270 2349 172 84 2840 37 608 70 350 274 4854
internal_value=0.00421297 0.00842746 -0.00198845 -0.00952401 0.0120281 0.00905798 -0.00463582 -0.0074672 -0.0162908 0.000885378 0.00717108 0.0146447 -0.0025356 0.0157668
internal_weight=8.77546 5.97656 1.65032 1.063 4.32624 0.587325 2.79889 2.59331 0.798933 1.79438 1.33012 3.66265 0.663593 3.58345
internal_count=19817 15786 7310 6345 8476 965 4031 3639 2877 762 678 5853 2623 5503
is_linear=0
shrinkage=0.05


Tree=289
num_leaves=15
num_cat=0
split_feature=27 16 28 28 27 4 14 27 14 13 27 7 7 2
split_gain=0.347734 0.132369 0.109059 0.137868 0.197465 0.128764 0.116568 0.104359 0.0963691 0.0927436 0.0775829 0.0728245 0.0665623 0.0642563
threshold=0.4146735317505254 0.038446036121673098 0.89727157876980923 0.824547970038222 0.70520450683630642 9.5000000000000018 0.2437749274761104 0.087785303612859564 1.0000000180025095e-35 4.5000000000000009 0.084672118404747795 3.9674747795034579 5.3234555491048932 1.7005986908310777
decision_type=2 2 2 2 2 2 2 2 2 2 2 2 2 2
left_child=1 7 3 4 6 13 8 10 -2 -9 -1 -7 -5 -4
right_child=2 -3 5 12 -6 11 -8 9 -10 -11 -12 -13 -14 -15
leaf_value=-0.0090058894790312448 -0.0060302918285701727 0.0052475405027427851 -0.0004257067153896686 0.017607854989206011 -0.014883427723337485 0.012821197670195864 -0.008562865150912263 -0.029030374205489509 0.014040471151966542 0.002933268044952796 0.0088283406603599669 -0.0058594150233704356 -0.003690101165106516 -0.018415039022008594
leaf_weight=0.21525871408539377 0.1627978299582663 0.11681506887543935 0.79979890460458569 1.1040117237760112 0.66809056106762899 0.34846176384235139 0.24122495042252001 1.2470389352124582 1.6847808406018883 0.062073571607470401 0.22409645206039386 0.12170269713897142 0.079640859261416952 0.55771523425391933
leaf_count=2130 3688 9 1206 1014 2166 32 750 7433 343 3 76 119 282 518
internal_value=-0.00542515 -0.0196819 0.00141192 0.00572637 -0.00127014 -0.00662565 0.00649285 -0.0226507 0.0107753 -0.0269008 -9.56992e-05 0.00728923 0.0151412 -0.0124926
internal_weight=7.63351 1.86528 5.76823 3.94055 2.75689 1.82768 2.0888 1.74847 1.84758 1.30911 0.439355 0.470164 1.18365 1.35751
internal_count=19769 9651 10118 8243 6947 1875 4781 9642 4031 7436 2206 151 1296 1724
is_linear=0
shrinkage=0.05


Tree=290
num_leaves=15
num_cat=0
split_feature=6 7 14 2 29 29 14 30 27 3 5 29 30 23
split_gain=0.211862 0.135918 0.162222 0.172853 0.105109 0.199948 0.0770149 0.0764898 0.0663514 0.0641946 0.0578928 0.0550545 0.0549544 0.0436419
threshold=4.9339566026354147 2.9421514417660002 0.29647069744014076 2.4414009612931857 0.33348402652200126 0.26604932155414585 0.99615729292963973 1.365693133521547 0.084672118404747795 1.2424533248940004 1.7500000000000002 0.25820768859100324 3.8086306038254105 0.84235802164942808
decision_type=2 2 2 2 2 2 2 2 2 2 2 2 2 2
left_child=1 6 3 4 5 11 -1 -6 -9 -10 -4 -3 13 -11
right_child=-2 2 10 -5 7 -7 -8 8 9 12 -12 -13 -14 -15
leaf_value=-0.013273359912861216 -0.013138824368494666 -0.0034474388971289177 0.0045911638909935833 -0.0097093173005462392 -0.0040410889769607579 -0.014110891492331074 0.0047350400027883974 -0.003621003624389765 -0.00320099605200068 0.019196264987834052 -0.013083612080335316 0.015322034800917823 -0.0028167100543407507 -0.0019678051584682793
leaf_weight=0.44717747915461803 0.63995943142299427 0.11401182126428444 0.1009837097954005 0.22103810124099244 0.11869049740380422 0.44604292511371568 0.34084705315308383 0.075855911981761781 0.087691138253717216 5.0422010729221256 0.34929042198177729 0.4424293032402602 0.05915240032118152 0.070649851758844195
leaf_count=12990 2023 460 25 5 26 270 1835 43 688 920 477 27 25 27
internal_value=0.00397588 0.00667792 0.00890753 0.0110709 0.0129889 -0.00107092 -0.00719226 0.0153387 0.0163396 0.0171599 -0.00868718 0.0117322 0.0179678 0.0186297
internal_weight=8.55602 7.91606 7.12804 6.67776 6.45672 1.00248 0.788025 5.45424 5.33555 5.25969 0.450274 0.556441 5.172 5.11285
internal_count=19841 17818 2993 2491 2486 757 14825 1729 1703 1660 502 487 972 947
is_linear=0
shrinkage=0.05


Tree=291
num_leaves=15
num_cat=0
split_feature=23 25 29 16 25 23 29 5 13 28 30 24 6 7
split_gain=0.123036 0.167018 0.134679 0.12747 0.117066 0.100091 0.0739917 0.0718451 0.0879647 0.0645208 0.0576152 0.0486598 0.0428398 0.0368194
threshold=0.55852813495839204 3.0201273556387074 0.9931910576958104 0.027207162672390661 2.4414009612931857 0.79301493834839409 0.55560933634505771 1.7500000000000002 4.5000000000000009 0.69944231694040671 2.769258691108281 0.24568965517241384 5.2724682103148881 2.3604267806426207
decision_type=2 2 2 2 2 2 2 2 2 2 2 2 2 2
left_child=1 3 4 7 5 11 -3 -1 -9 10 -6 12 13 -2
right_child=2 6 -4 -5 9 -7 -8 8 -10 -11 -12 -13 -14 -15
leaf_value=0.0010774557162545838 -0.0015176851479061495 -0.0052448373466860501 -0.0090632384993174914 0.008022357275605246 -0.012551782672329169 -0.0035094923194825913 0.013500479066520561 -0.018440758006950508 0.0044474068193419997 0.0058715202850822008 0.0040136685256951026 -0.0026046931680102046 -0.0021857675218364971 0.020205812291298652
leaf_weight=0.60471592469321089 0.065925529489335832 0.14572276785838756 0.36655661336953915 0.19066297245444719 0.49208940345988572 0.3454512006055096 0.65411997039007019 1.8860741531046867 0.097452376270666607 0.66315823866557366 0.22723905709938208 0.053890954042685624 0.04564615719982601 2.1591955424727303
leaf_count=288 3151 613 136 50 2339 1402 718 6888 14 1404 1319 84 294 1180
internal_value=0.00170081 -0.00452905 0.00665069 -0.00980698 0.00958449 0.0142949 0.00906873 -0.0129901 -0.0162025 -0.00169461 -0.00802793 0.0172005 0.0183232 0.0192912
internal_weight=7.9979 3.57875 4.41915 2.77891 4.0526 2.67011 0.799843 2.58824 1.98353 1.38249 0.719328 2.32466 2.27077 2.22512
internal_count=19880 8571 11309 7240 11173 6111 1331 7190 6902 5062 3658 4709 4625 4331
is_linear=0
shrinkage=0.05


Tree=292
num_leaves=15
num_cat=0
split_feature=13 16 30 27 14 7 28 14 14 14 2 27 27 29
split_gain=0.160932 0.138818 0.107362 0.235439 0.165087 0.14745 0.13014 0.143727 0.0977594 0.0940565 0.0907778 0.0904349 0.0882861 0.0851844
threshold=4.5000000000000009 1.0000000180025095e-35 2.374575816842496 0.3694223390840064 0.1162330617881263 4.4186017428302957 0.824547970038222 0.058516247000031857 0.056920056398945658 0.22051435730853819 2.4414009612931857 0.94270999098238928 0.70520450683630642 0.6187574228028504
decision_type=2 2 2 2 2 2 2 2 2 2 2 2 2 2
left_child=1 2 3 4 -1 6 7 8 -4 11 -3 -5 -7 -6
right_child=-2 10 5 9 13 12 -8 -9 -10 -11 -12 -13 -14 -15
leaf_value=-0.0086406214860165979 0.014253980877762746 0.015701509535471603 -0.0095083142529933506 -0.017216681552442572 0.018981195697408703 0.010824681523895027 -0.00074514901027965795 -0.027599885897642142 0.010353367156314859 0.0041509212059139284 -0.0057681332823690508 0.0036157339281222322 -0.0065325154639589633 -0.0042748987808921427
leaf_weight=0.20313392036507449 0.42187812921474765 0.45661528885830183 0.22822607549915197 1.2928540818203376 1.3402676670766593 0.49796950120071393 1.1000629800919339 1.1187662857112171 0.25496386867871479 0.52583588783272706 0.12531942501664162 0.28577072921189017 0.51900066358666663 0.090964431108659372
leaf_count=2341 103 95 8219 2721 623 45 1100 2409 3 501 16 305 1257 128
internal_value=-0.00157683 -0.00389246 -0.00609695 0.000183333 0.0111456 -0.0111116 -0.0158637 -0.0219692 0.000886429 -0.00917799 0.0103545 -0.0135058 0.0031196 0.0163527
internal_weight=8.46163 8.03975 7.45782 3.73883 1.63437 3.71899 2.70202 1.60196 0.48319 2.10446 0.581935 1.57862 1.01697 1.43123
internal_count=19866 19763 19652 6619 3092 13033 11731 10631 8222 3527 111 3026 1302 751
is_linear=0
shrinkage=0.05


Tree=293
num_leaves=15
num_cat=0
split_feature=4 6 14 6 0 5 6 17 3 8 25 14 23 30
split_gain=0.188012 0.171218 0.164725 0.176963 0.116775 0.096622 0.0940215 0.0832395 0.0797155 0.0759419 0.0483926 0.0457471 0.0433525 0.0385484
threshold=4.2500000000000009 3.1881110137345856 0.29647069744014076 5.2724682103148881 2.3502401828962087 1.7500000000000002 3.9574317443096203 0.051930911451727665 1.2424533248940004 2.8146337265085291 3.3497501700808394 0.99615729292963973 0.84235802164942808 3.8086306038254105
decision_type=2 2 2 2 2 2 2 2 2 2 2 2 2 2
left_child=1 5 3 8 -2 11 -6 -7 -3 10 12 -1 13 -10
right_child=4 2 -4 -5 6 7 -8 -9 9 -11 -12 -13 -14 -15
leaf_value=-0.0045370619937095368 -0.01760226033298283 -0.0044697979904258006 -0.0082984661975372114 -0.0088940556134191728 0.011842270082451431 -0.016855917541814692 -0.0079804704386092339 0.0048599969290399588 0.018899196852096956 -0.0040856775760071632 -0.0017214461829867305 0.010582133849863291 -0.0019343011181595421 -0.0020015555471208169
leaf_weight=0.11456280048514578 0.47715126113871509 0.098026382262730638 0.35730459969363426 0.21418172369885713 0.33490665361750871 0.61889181331258669 0.17772329843865009 0.10726172500289977 5.0100235602689054 0.087816717999657956 0.15785847627284955 0.26792474277317524 0.085800732122606749 0.041357229742061352
leaf_count=6 649 1922 565 1328 18 14094 135 7 813 192 93 64 31 15
internal_value=0.0046831 0.00765172 0.0107754 0.0130328 -0.00984614 -0.00642409 0.00423735 -0.012691 0.0151298 0.0161311 0.0170621 0.00604744 0.0178258 0.0184256
internal_weight=8.15079 7.16101 6.05237 5.69506 0.989781 1.10864 0.51263 0.726154 5.48088 5.38286 5.29504 0.382488 5.13718 5.05138
internal_count=19932 19130 4959 4394 802 14171 153 14101 3066 1144 952 70 859 828
is_linear=0
shrinkage=0.05


Tree=294
num_leaves=15
num_cat=0
split_feature=13 27 28 4 6 23 6 23 14 30 16 30 14 6
split_gain=0.139873 0.125393 0.181253 0.207059 0.140212 0.116575 0.113738 0.0961438 0.0819777 0.101275 0.0818953 0.0740446 0.0724253 0.069625
threshold=4.5000000000000009 0.38562485961776977 0.82004012759363809 4.2500000000000009 5.2724682103148881 0.61862383613355332 4.4288206438694759 0.32304519422201738 0.22448775294267295 2.6578760701179731 1.0000000180025095e-35 3.8086306038254105 0.26555728142207846 3.2983662569885674
decision_type=2 2 2 2 2 2 2 2 2 2 2 2 2 2
left_child=1 5 6 4 11 7 10 -1 -9 -10 -3 13 -7 -4
right_child=-2 2 3 -5 -6 12 -8 8 9 -11 -12 -13 -14 -15
leaf_value=-0.0060584050631150386 0.01475123810931963 -0.020721536015607726 0.00055327039641748274 -0.011073327710041716 -0.0080479697756796493 -0.012907748592480639 0.0014303174096755242 0.016426147417786575 -0.011178121323453834 0.0089572411103240254 0.0037289436788633702 -0.003339916396980148 0.0051659667048961104 0.021922501232053984
leaf_weight=0.23364862589664781 0.43267991745960976 1.6704073164149806 0.53997287707409236 0.84695526591576697 0.19058591647080891 0.4080454253796687 0.76780714078290646 1.6066967678425501 0.27514936039597149 0.24746809268026482 0.080437131226062664 0.17313431079321606 0.2231394196637666 0.94519645712762212
leaf_count=1490 101 6991 689 775 1170 3340 363 2959 417 274 7 495 708 123
internal_value=0.000239397 -0.00204435 -0.00631328 0.00258227 0.0105289 0.00510951 -0.0138626 0.00959396 0.0126987 -0.00202277 -0.018651 0.0148882 -0.00726834 0.0175021
internal_weight=8.64132 8.20864 5.2145 2.69584 1.84889 2.99415 2.51865 2.36296 2.12931 0.522617 1.75084 1.6583 0.631185 1.48517
internal_count=19902 19801 10613 3252 2477 9188 7361 5140 3650 691 6998 1307 4048 812
is_linear=0
shrinkage=0.05


Tree=295
num_leaves=15
num_cat=0
split_feature=6 29 30 0 0 6 27 30 2 27 3 30 28 30
split_gain=0.10999 0.127931 0.136856 0.103092 0.250693 0.148075 0.104946 0.0728157 0.0595886 0.0609401 0.0637992 0.0385271 0.0415011 0.0308005
threshold=5.2724682103148881 0.30973942003438765 2.7890386329963035 0.89587973461402759 1.4978661367769956 3.3408608595458582 0.9731042786738352 3.1832118886033336 0.89587973461402759 0.084672118404747795 1.7005986908310777 3.306159024072342 0.83305235594070148 1.6480770926468293
decision_type=2 2 2 2 2 2 2 2 2 2 2 2 2 2
left_child=1 2 -1 8 -5 -6 -7 -8 9 -3 11 13 -13 -11
right_child=-2 3 -4 4 5 6 7 -9 -10 10 -12 12 -14 -15
leaf_value=-0.016447035253638515 -0.012066261994742802 -0.0048137453899632695 0.0070943108180311788 -0.018020813541562548 -0.0084778675314462499 0.01923201119112819 -0.010388071948669272 0.0072848987057082442 -0.0051085983730545965 0.00010435377242771548 -0.004651569955900256 -0.0068037479048822158 0.0060306462856601697 0.014732808041124765
leaf_weight=0.5689819877992458 0.3144335610127208 0.10464305476682501 0.29773432586034687 0.53967645310001477 0.32400219811393061 0.81984060289414606 0.23397617600858212 0.16932440991513431 0.10875242910981331 0.40351416191253964 0.10168158788269455 0.20904804440601754 0.31544479580520601 3.947310071934794
leaf_count=3705 1921 965 2477 1644 16 66 4 7 393 719 328 1145 472 6065
internal_value=0.00168149 0.00347383 -0.00889186 0.00584291 -0.00267977 0.00764553 0.0138088 -0.00306436 0.00914885 0.0102438 0.0113128 0.0123808 -0.000192245 0.0136492
internal_weight=8.45836 8.14393 0.866716 7.27721 2.08682 1.54714 1.22314 0.403301 5.19039 5.08164 4.977 4.87532 0.524493 4.35082
internal_count=19927 18006 6182 11824 1737 93 77 11 10087 9694 8729 8401 1617 6784
is_linear=0
shrinkage=0.05


Tree=296
num_leaves=15
num_cat=0
split_feature=0 3 2 25 27 28 14 25 13 29 6 25 25 29
split_gain=0.186325 0.110926 0.104932 0.120348 0.0964601 0.121908 0.130916 0.115581 0.110598 0.0839551 0.0606163 0.0566256 0.0587496 0.07832
threshold=0.89587973461402759 1.7005986908310777 1.7005986908310777 2.249904835165133 0.53670502298940892 0.38383087070168082 0.22448775294267295 3.0677824455408698 4.5000000000000009 0.62262677342918804 5.2724682103148881 3.1567740231385479 1.0000000180025095e-35 0.25820768859100324
decision_type=2 2 2 2 2 2 2 2 2 2 2 2 2 2
left_child=4 -2 -3 -4 5 6 9 -8 -7 11 -6 12 -1 -14
right_child=1 2 3 -5 10 8 7 -9 -10 -11 -12 -13 13 -15
leaf_value=-0.0027450300479509291 -0.018070502260591422 0.01024334909022425 -0.014966998536102283 0.0059123246819988377 0.012676857000486805 -0.0170506085080534 -0.014977347150880577 0.0070654870950624706 0.0062636099669574341 -0.0055607403076715321 -0.0044553228948200491 -0.0037618521722501321 -0.0033055400220771067 0.019129017286789049
leaf_weight=0.15876344544790422 0.64186677561247085 0.509527534325798 0.57417329102599957 0.49926065968384137 2.6718656181476494 0.56083966904714078 0.46503921809949123 0.24141972838788206 0.14300132024800405 0.18275699260834688 0.097789412551719468 0.079203362931821064 0.14861589626048033 1.5411827778093536
leaf_count=924 2042 198 239 462 4408 2676 1497 223 25 1184 747 484 2476 2324
internal_value=0.00116909 -0.00896273 0.000296591 -0.00708802 0.00549038 -0.000360384 0.00466985 -0.00771842 -0.0114177 0.00996485 0.0110505 0.0128333 0.0146153 0.0166606
internal_weight=8.51531 2.22483 1.58296 1.07343 6.29048 3.52082 2.81698 0.706459 0.703841 2.11052 2.76966 1.92777 1.84856 1.6898
internal_count=19909 2941 899 701 16968 11813 9112 1720 2701 7392 5155 6208 5724 4800
is_linear=0
shrinkage=0.05


Tree=297
num_leaves=15
num_cat=0
split_feature=6 7 1 6 14 7 30 32 28 25 23 30 23 28
split_gain=0.109315 0.0973179 0.139353 0.11475 0.100837 0.124938 0.11772 0.123471 0.108784 0.117655 0.119889 0.0947341 0.0751157 0.0607945
threshold=5.2724682103148881 4.4186017428302957 0.89587973461402759 4.1764197098782452 0.22448775294267295 2.8826989324710106 2.8980255883368193 0.29459980713596917 0.83305235594070148 3.0677824455408698 0.67878796347532877 2.2602776356749144 0.64436863630038521 0.31932752040909712
decision_type=2 2 2 2 2 2 2 2 2 2 2 2 2 2
left_child=1 3 -3 4 5 -1 7 13 9 10 -6 -9 -8 -7
right_child=-2 2 -4 -5 8 6 12 11 -10 -11 -12 -13 -14 -15
leaf_value=-0.0084380471220015345 -0.011483917925003799 0.020410706171428587 -0.0038364587062108633 -0.01016715333532541 -0.021050063125385359 0.00024819788290762448 -0.010935846279691038 -0.010509219135119019 0.0081766741826467589 0.0060891096193728461 0.0043001034775471212 0.0080336975588919616 0.0058215591942097911 0.020755322738042693
leaf_weight=0.30556472920221711 0.29473768313664539 0.72738254046998896 0.49130419974244433 0.84438339434643683 0.73447031543969366 0.44127831163984987 0.36202892002324905 0.38519138259994168 0.3278701461113086 0.26958645429067474 0.241430866419023 0.39623181729609769 0.43585139766037173 1.876269532402034
leaf_count=11803 1931 77 120 522 1722 561 450 193 230 371 810 233 269 529
internal_value=0.00246273 0.00422705 0.0133123 0.00102707 0.00392259 0.00752781 0.0102472 0.0138365 -0.00489019 -0.0104395 -0.0157763 -0.00187512 -0.00363542 0.0181024
internal_weight=8.13358 7.83884 1.21869 6.62016 5.77577 4.20242 3.89685 3.09897 1.57336 1.24549 0.975901 0.781423 0.79788 2.31755
internal_count=19821 17890 197 17693 17171 14038 2235 1516 3133 2903 2532 426 719 1090
is_linear=0
shrinkage=0.05


Tree=298
num_leaves=15
num_cat=0
split_feature=5 28 32 23 6 29 29 28 29 19 28 7 28 14
split_gain=0.134998 0.193115 0.22565 0.132437 0.109175 0.113488 0.102769 0.106914 0.104971 0.0940749 0.0595497 0.058132 0.0541534 0.0374518
threshold=1.7500000000000002 0.32268354953415196 0.87500000000000011 0.72778012617792631 5.2724682103148881 0.9931910576958104 0.30179375804375813 0.047262926722907446 0.59522452082315269 7.5000000000000009 0.98171116168917061 4.0181259238190483 0.084669945883770747 0.1162330617881263
decision_type=2 2 2 2 2 2 2 2 2 2 2 2 2 2
left_child=4 6 3 9 5 10 7 -2 12 -3 -1 -4 -8 -14
right_child=1 2 11 -5 -6 -7 8 -9 -10 -11 -12 -13 13 -15
leaf_value=0.019484247258927393 0.007785799206634185 0.0039256276735876033 -0.0041137913171121355 0.0026808047678195993 -0.0076332876920052126 -0.0041442379640367795 -0.0029733579639683043 -0.012625008259283688 -0.0052596212735025504 -0.022132310440566159 -0.0020863145512396114 0.01148710421518574 -0.0018589742227077125 0.019501844067841365
leaf_weight=1.1438512581771645 0.2571968874137841 0.085074171191082626 0.32269158238761964 0.51971344568426037 0.1771548002725466 0.41733610397204746 0.062105924359229792 0.49323121442591855 0.24779970224165015 2.1242215832465376 0.16568998619914044 0.551865303626073 0.047548412531341344 1.0036601609267561
leaf_count=126 672 23 2134 1784 690 12 720 3237 1420 6884 3 192 1485 447
internal_value=-0.000650237 -0.00448012 -0.0105195 -0.016308 0.00842966 0.0122725 0.00589513 -0.00517803 0.0116075 -0.0202183 0.0170334 0.00660698 0.0160741 0.0181004
internal_weight=7.61914 5.71511 3.60357 2.72901 1.90403 1.72688 2.11154 0.750428 1.36111 2.2093 1.30954 0.874557 1.11331 1.05121
internal_count=19829 18998 11017 8691 831 141 7981 3909 4072 6907 129 2326 2652 1932
is_linear=0
shrinkage=0.05


Tree=299
num_leaves=15
num_cat=0
split_feature=7 13 7 6 23 29 19 5 24 7 30 29 6 32
split_gain=0.17295 0.174657 0.0974216 0.160132 0.15338 0.167308 0.12676 0.105136 0.0925163 0.0779415 0.0744553 0.058346 0.0670122 0.0576097
threshold=3.2162712959246451 4.5000000000000009 4.4186017428302957 4.9339566026354147 0.32710114721250966 0.31360927477617201 7.5000000000000009 3.5833333333333335 0.24568965517241384 2.2536425212125786 2.7890386329963035 0.34945905981723996 4.1764197098782452 0.41428571428571431
decision_type=2 2 2 2 2 2 2 2 2 2 2 2 2 2
left_child=9 2 4 8 11 10 -7 -8 -4 -1 -6 -2 -13 -11
right_child=1 -3 3 -5 5 6 7 -9 -10 13 -12 12 -14 -15
leaf_value=-0.0055235770696505024 -0.0064794379378608838 0.011821124255180311 0.016019287366891868 -0.01037434984859294 -0.0067852432097974501 0.0042050929019251965 -0.023416323572916561 0.0034372170723529169 -0.005377462841127896 0.014884773071215393 0.011221253706875633 0.012460840652947487 -0.0051901257692755559 -0.0027220847756518466
leaf_weight=0.19538673223979675 0.20857050068207161 0.33124212306574907 0.69335612816939807 0.59377001867414947 0.15329101353381736 0.21259126457152966 2.7457452504623916 0.14388417845475476 0.15506514536536997 1.2575232599125454 0.31914438759758923 0.63400430158048948 0.14402887733740499 0.24230680283335448
leaf_count=11974 104 94 80 1845 215 34 1244 15 37 3158 123 134 15 899
internal_value=-0.00236717 -0.00613435 -0.00867149 0.00179376 -0.011708 -0.0156741 -0.01918 -0.0215393 0.0113151 0.00876302 0.00473847 0.00331851 0.008112 0.0120892
internal_weight=8.02991 6.33469 6.00345 1.44219 4.56126 3.57466 3.10222 2.88963 0.848421 1.69522 0.472435 0.986604 0.778033 1.49983
internal_count=19971 3940 3846 1962 1884 1631 1293 1259 117 16031 338 253 149 4057
is_linear=0
shrinkage=0.05


Tree=300
num_leaves=15
num_cat=0
split_feature=6 28 4 0 14 14 27 23 23 29 29 27 23 23
split_gain=0.115558 0.119277 0.130794 0.25657 0.112195 0.129793 0.0911194 0.140051 0.153168 0.112077 0.0852761 0.0770279 0.0565372 0.0790244
threshold=5.2724682103148881 0.84105050196587416 4.2500000000000009 2.3502401828962087 0.27808882026540188 1.0000000180025095e-35 0.70520450683630642 0.48502956425772725 0.60309736223146893 0.33738955921583991 0.62262677342918804 0.084672118404747795 0.6802189868331423 0.72587618214390781
decision_type=2 2 2 2 2 2 2 2 2 2 2 2 2 2
left_child=1 4 -3 -4 5 -1 7 9 -9 -7 11 -11 -10 -14
right_child=-2 2 3 -5 -6 6 -8 8 12 10 -12 -13 13 -15
leaf_value=-0.010699134849416083 -0.011742289296801402 0.018108596784423722 -0.016481932706544692 0.013616939917425791 -0.01183770223450145 -0.0042747515105340094 -0.0073223429182253446 -0.012923778537233206 0.010787196038428879 -0.0029577583981065937 -0.0020339565308687404 0.024719637203006808 -0.010152171323888785 0.0067121831663201452
leaf_weight=0.48091323266800134 0.30358653203302299 1.3928059534224533 0.43416642386819138 0.41415346891153604 0.58751426799267381 0.22236427652751434 0.32446017470329014 0.53162227489519898 1.2213722392498314 0.061367991896986385 0.22915686102896859 1.2406065717445924 0.37945715959153847 0.45039644844814575
leaf_count=12805 1963 907 114 25 2840 122 141 226 176 23 83 96 90 224
internal_value=0.00255856 0.00435156 0.0120171 -0.00237047 1.27897e-05 0.00307383 0.00613395 0.00832428 -2.82256e-05 0.0161694 0.0196543 0.0226969 0.0064542 -0.00233306
internal_weight=8.27394 7.97036 2.24113 0.84832 5.72923 5.14172 4.6608 4.33634 2.58285 1.7535 1.53113 1.30197 2.05123 0.829854
internal_count=19835 17872 1046 139 16826 13986 1181 1040 716 324 202 119 490 314
is_linear=0
shrinkage=0.05


Tree=301
num_leaves=15
num_cat=0
split_feature=14 5 7 18 6 7 27 7 29 30 3 28 20 29
split_gain=0.195392 0.325518 0.149298 0.143389 0.120518 0.116585 0.0712395 0.0698357 0.0590618 0.0610079 0.0565113 0.044388 0.0480843 0.0458743
threshold=0.19411523636542327 1.7500000000000002 4.321497902261858 2.0428572558591904 4.1764197098782452 2.9421514417660002 0.71548159889961538 4.4186017428302957 0.9931910576958104 2.8980255883368193 1.4978661367769956 0.31932752040909712 2.0000000000000004 0.5914265478164733
decision_type=2 2 2 2 2 2 2 2 2 2 2 2 2 2
left_child=4 -2 3 -3 5 -1 7 -6 9 11 -11 13 -13 -7
right_child=1 2 -4 -5 6 8 -8 -9 -10 10 -12 12 -14 -15
leaf_value=-0.0082136047864982114 0.012469530091428524 -0.028445130904650187 0.001565312112747824 0.0045125069683088536 -0.0064429041394365675 -0.0069631840920917941 -0.011624317540416691 0.010087476446958262 -0.002846436983958112 -0.0075769941799797656 0.0070670140605962606 0.017803035487894501 -0.0026763515208132328 0.0066450872983618214
leaf_weight=0.29964925070919468 0.3316526715643705 1.2114646387030914 0.53593404771527287 0.09902770398184646 0.2727969989723531 0.2020106762993249 0.92061250924280102 0.40605891779705416 0.41375654190778721 0.38343272991494348 0.26687562428196543 2.058531060480846 0.053196392953395732 0.27759326890418379
leaf_count=11936 85 3289 35 8 204 583 2238 70 11 560 76 721 1 99
internal_value=-0.00226226 -0.0122517 -0.0195128 -0.0250795 0.00292644 0.00716928 -0.00628695 0.00356378 0.00992373 0.0118405 -0.000926635 0.0144103 0.0165928 8.10333e-05
internal_weight=7.73259 2.17808 1.84643 1.31049 5.55451 3.95505 1.59947 0.678856 3.6554 3.24164 0.650308 2.59133 2.11173 0.479604
internal_count=19916 3417 3332 3297 16499 13987 2512 274 2051 2040 636 1404 722 682
is_linear=0
shrinkage=0.05


Tree=302
num_leaves=15
num_cat=0
split_feature=13 28 28 23 25 29 16 30 30 29 23 2 6 6
split_gain=0.143435 0.120581 0.186101 0.241006 0.277322 0.15904 0.131321 0.0975744 0.0837945 0.0620302 0.05448 0.0491466 0.0470216 0.0717156
threshold=4.5000000000000009 0.10676162245444802 0.61943791155752825 0.34083864606854386 1.8688348091416842 0.76379584099976716 1.0000000180025095e-35 2.3617987141939172 3.4411679435429128 0.33738955921583991 0.47733982948708442 0.89587973461402759 4.4288206438694759 3.3408608595458582
decision_type=2 2 2 2 2 2 2 2 2 2 2 2 2 2
left_child=1 10 3 7 9 8 -6 -3 11 -5 -1 -4 13 -7
right_child=-2 2 5 4 6 12 -8 -9 -10 -11 -12 -13 -14 -15
leaf_value=-0.0046323674050429238 0.012815659311182224 0.011595704695184721 0.016124203517591234 0.010595220411130174 -0.029510985974280469 -0.0089586211623793061 0.0039537269486671382 -0.0078314814789497752 -0.0048407358322920552 -0.0060061458709159783 0.011943314159820544 -0.003045815927399349 -0.012567684659512073 0.0056904709210755626
leaf_weight=0.10034656461073144 0.36631141326506611 0.60333883213513706 1.1500491501412855 0.37589091306324496 1.7119798662050127 0.3830981833053787 0.085671014501713105 0.20978217785250308 0.23044103005724981 0.13131145932715071 0.58763467568974193 0.064313036888961395 0.61344567213473045 1.1105856220776784
leaf_count=880 100 720 1528 875 7159 939 8 1121 1214 1198 1849 149 1974 295
internal_value=-0.00259662 -0.00480548 -0.00704416 -0.0142886 -0.020563 0.00105717 -0.027073 0.0050286 0.010418 0.0051639 0.0082136 0.014192 -0.00664848 -0.000152556
internal_weight=7.7242 7.35789 6.66991 3.11797 2.30485 3.55193 1.79765 0.813121 1.4448 0.507202 0.687981 1.21436 2.10713 1.49368
internal_count=20009 19909 17180 11081 9240 6099 7167 1841 2891 2073 2729 1677 3208 1234
is_linear=0
shrinkage=0.05


Tree=303
num_leaves=15
num_cat=0
split_feature=6 7 6 24 14 7 5 25 2 25 20 3 29 30
split_gain=0.119984 0.0694415 0.181841 0.103996 0.0832464 0.159166 0.135287 0.127955 0.100751 0.0676733 0.045766 0.0446004 0.0401562 0.0365197
threshold=4.9339566026354147 4.4186017428302957 4.1764197098782452 0.24568965517241384 0.22448775294267295 2.9421514417660002 1.7500000000000002 3.0677824455408698 2.4414009612931857 1.8688348091416842 1.0000000180025095e-35 1.2424533248940004 0.25820768859100324 2.8980255883368193
decision_type=2 2 2 2 2 2 2 2 2 2 2 2 2 2
left_child=1 2 4 -3 5 10 -6 9 11 -8 -1 -7 -13 -14
right_child=-2 3 -4 -5 6 8 7 -9 -10 -11 -12 12 13 -15
leaf_value=-0.012845303597221788 -0.011726141253638953 0.017094443600041035 -0.01359801450751455 -0.005542080003700287 0.010519373073744351 -0.0031084833708845193 0.0012296246449814566 0.006718365410874276 -0.0058111629451646747 -0.020040451700234083 0.0037517707006468632 -0.0024207514250890157 0.016700129598355967 0.0015111858275693919
leaf_weight=0.33667899951774405 0.5385984931913298 0.69083082040015131 0.74483491905994004 0.17024074985238258 0.2659799227840266 0.066215722721722936 0.34134217981659254 0.26232914034335408 0.25258410722017277 0.65855759147859771 0.08076665922999382 0.089493775461960801 2.8645042616878986 0.6783948655114499
leaf_count=11955 2041 106 475 45 73 1095 1060 395 5 1632 3 167 538 284
internal_value=0.00128161 0.00348467 0.000943649 0.0120459 0.00448572 0.00758631 -0.00387262 -0.0102148 0.0108748 -0.0157952 -0.00925274 0.0130086 0.01391 0.0147646
internal_weight=8.04135 7.50275 6.64168 0.861072 5.89685 4.36864 1.52821 1.26223 3.95119 0.9999 0.417446 3.69861 3.63239 3.5429
internal_count=19874 17833 17682 151 17207 14047 3160 3087 2089 2692 11958 2084 989 822
is_linear=0
shrinkage=0.05


Tree=304
num_leaves=15
num_cat=0
split_feature=20 5 13 27 4 5 27 28 25 6 25 25 25 6
split_gain=0.135305 0.136435 0.13948 0.11229 0.119238 0.110788 0.105956 0.218976 0.202854 0.0839785 0.118173 0.0723126 0.0677481 0.0663563
threshold=1.0000000180025095e-35 1.7500000000000002 4.5000000000000009 0.92484732959158478 9.5000000000000018 3.5833333333333335 0.32316875326443079 0.30193507888796345 3.0201273556387074 4.4288206438694759 0.89587973461402759 3.1132683346437333 3.1132683346437333 5.2724682103148881
decision_type=2 2 2 2 2 2 2 2 2 2 2 2 2 2
left_child=1 3 5 13 -5 6 7 8 -3 10 -8 -12 -10 -1
right_child=-2 2 -4 4 -6 -7 9 -9 12 -11 11 -13 -14 -15
leaf_value=0.01787893020353612 0.012415275353516345 -0.020385868161495648 0.009574235703059571 -0.010611941435570871 0.0093818156229487845 0.0057594757456557455 -0.00017774802272353012 0.014168459732072146 0.011979244822065258 -0.00024088910238249849 -0.026820301209911343 0.00050151141697615061 -0.0057624044740745284 -0.0037254879022982166
leaf_weight=0.55381277017659147 0.47474271038663562 0.66254175932010617 0.25273519847542036 0.87252184107092012 0.29947413758782204 0.40698608527964086 0.63854244700849072 0.478118839195531 0.40376733160155709 0.68352540088881131 1.5009890788812752 0.22805195364139752 0.12766144560305293 0.078986006481954973
leaf_count=60 122 6416 47 312 141 679 1624 445 267 966 6621 1092 714 304
internal_value=-0.00176647 -0.00410509 -0.00778521 0.00573343 -0.00353576 -0.0100627 -0.0121942 -0.000984869 -0.0107451 -0.0165777 -0.0198221 -0.0243534 0.00673752 0.0145522
internal_weight=7.66246 7.18771 5.38292 1.80479 1.172 5.13018 4.7232 1.67209 1.19397 3.05111 2.36758 1.72904 0.531429 0.632799
internal_count=19810 19688 18871 817 453 18824 18145 7842 7397 10303 9337 7713 981 364
is_linear=0
shrinkage=0.05


Tree=305
num_leaves=15
num_cat=0
split_feature=23 0 25 16 28 23 29 27 2 27 29 28 29 6
split_gain=0.156737 0.129019 0.0848393 0.0769223 0.0749853 0.326908 0.0879503 0.0632095 0.096929 0.0934945 0.0576437 0.0558624 0.0538674 0.0536609
threshold=0.47733982948708442 0.89587973461402759 3.0201273556387074 0.027207162672390661 0.5462682864368259 0.63265403391783048 0.55963857585955001 0.94659307106218493 2.4414009612931857 0.49329925435954708 0.25820768859100324 0.38383087070168082 0.67763127502902631 4.5033188460601865
decision_type=2 2 2 2 2 2 2 2 2 2 2 2 2 2
left_child=2 4 3 13 5 6 10 9 -9 -3 -2 -12 -7 -1
right_child=1 7 -4 -5 -6 12 -8 8 -10 -11 11 -13 -14 -15
leaf_value=-0.018705087231990557 -0.0032652807701714056 0.0054954498717403044 0.004013772930663218 0.0044170043841464781 0.012936543419597601 -0.01811757509423054 -0.0049203535342512393 0.010854663652174265 -0.0081103040145138316 -0.016143056052412969 0.019346388402537315 -0.0024555834787682216 0.0024250799533838442 0.001542151307275878
leaf_weight=1.4273690922243534 0.069357266366296577 0.13604390112311626 0.35894690680265728 0.096608477004337945 1.6953013827927632 0.74716292588971089 0.17610299150209119 0.42906263454165128 0.32277990450893412 0.75865480496827331 1.2178321609496832 0.10089793342228848 0.12964329370470296 0.21221538369263715
leaf_count=4659 1321 66 749 31 3426 4261 848 379 86 1781 886 303 618 418
internal_value=-0.00154557 0.00287711 -0.0107383 -0.0141405 0.0071799 0.000584197 0.0120604 -0.00656069 0.00273075 -0.0116889 0.0153729 0.0173387 -0.0154064 -0.016493
internal_weight=7.87798 5.78284 2.09514 1.73619 4.1363 2.441 1.56419 1.64654 0.751843 0.894699 1.38809 1.31873 0.876806 1.63958
internal_count=19832 13975 5857 5108 11663 8237 3358 2312 465 1847 2510 1189 4879 5077
is_linear=0
shrinkage=0.05


Tree=306
num_leaves=15
num_cat=0
split_feature=14 0 25 27 14 28 27 27 14 6 5 18 28 23
split_gain=0.165731 0.134533 0.115777 0.128667 0.0975943 0.120208 0.106646 0.105186 0.0863089 0.0850431 0.0763842 0.0597079 0.0538879 0.0459682
threshold=1.0000000180025095e-35 2.3502401828962087 2.740319461670996 0.17586961413165766 0.16646440015866479 0.53337659528444747 0.71030952737934605 0.047316813222543073 0.26416805702315976 3.9574317443096203 3.5833333333333335 2.868115076893853 0.69944231694040671 0.4794481826621973
decision_type=2 2 2 2 2 2 2 2 2 2 2 2 2 2
left_child=1 10 4 13 6 7 -2 -6 -9 -3 11 -1 -5 -4
right_child=2 9 3 12 5 -7 -8 8 -10 -11 -12 -13 -14 -15
leaf_value=-0.017752871314038292 0.018684719754081862 0.013020193128692119 0.012213347532136324 -0.014177924678348958 0.00663821179963376 0.00960910555177053 -0.0043727992870496888 -0.018398341924749418 0.0034833809332129265 -0.0066160289228781345 0.0027517768537227935 0.0032737794362023872 0.0030321002229982551 -0.0039492300075784238
leaf_weight=1.5375402549174739 1.692542886076126 0.37677605205681164 0.38477962328852289 0.89099318536500483 0.2695890635623075 0.91949904372609115 0.21428937065752496 0.57351796291118262 0.24904161062249841 0.14217657825338392 0.36122007418998681 0.070007467176765092 0.20179113645099278 0.084562701295453735
leaf_count=14680 422 20 74 697 221 715 76 174 1379 217 673 18 205 222
internal_value=0.00103758 -0.00786493 0.00566861 -0.00411252 0.00961126 0.000754815 0.0154806 -0.00772958 -0.0134971 0.00682656 -0.0127325 -0.0159328 -0.0110697 0.00859542
internal_weight=7.96833 2.48772 5.48061 1.56213 3.91848 2.01165 1.90683 1.09215 0.82256 0.518953 1.96877 1.60755 1.09278 0.469342
internal_count=19793 15608 4185 1198 2987 2489 498 1774 1553 237 15371 14698 902 296
is_linear=0
shrinkage=0.05


Tree=307
num_leaves=15
num_cat=0
split_feature=7 16 5 27 2 13 14 7 8 14 25 7 7 5
split_gain=0.11009 0.122872 0.116407 0.150124 0.144191 0.12119 0.1165 0.0933853 0.0916921 0.0845743 0.0745215 0.131783 0.0659049 0.0584675
threshold=4.0622605259338789 1.0000000180025095e-35 3.5833333333333335 0.087785303612859564 2.3502401828962087 4.5000000000000009 0.99615729292963973 5.3234555491048932 2.829000207460211 0.30744191542908988 0.89587973461402759 3.7087654965137542 3.1919587132661058 1.7500000000000002
decision_type=2 2 2 2 2 2 2 2 2 2 2 2 2 2
left_child=1 2 3 12 5 6 10 8 9 -2 11 -5 -1 -8
right_child=7 -3 -4 4 -6 -7 13 -9 -10 -11 -12 -13 -14 -15
leaf_value=-0.00593051366417836 0.014630159861974822 0.0098925984115497342 0.0079954048607322106 -0.013039466694968567 0.0059351066120454203 0.0056968301638008582 0.0090778499535578826 -0.0078046013602275062 -0.0065270278367250446 -0.0048476834648567713 -0.025350725475082776 0.0091615042192462453 0.011144841268756433 -0.0067796421415366589
leaf_weight=0.13302861919339637 2.2143728203482183 0.38051306485431258 0.33024303758247686 0.32614418306582305 0.33626213541720051 0.12829693034291256 0.22147035249508917 0.18483661453228695 0.14783359733564783 0.17434672400850093 1.8677687456267333 0.38581462179945447 0.49251935667416546 0.15659522524219927
leaf_count=2155 325 86 167 2200 11 15 39 1775 133 49 11058 47 45 1765
internal_value=-0.00010478 -0.00442522 -0.00727764 -0.00986074 -0.0134975 -0.0165492 -0.0187097 0.00660904 0.0095692 0.0121975 -0.0215927 -0.00268468 0.00609914 0.00235622
internal_weight=7.48005 4.75866 4.37814 4.0479 3.42235 3.08609 2.95779 2.72139 2.53655 2.38872 2.57973 0.711959 0.625548 0.378066
internal_count=19870 17588 17502 17335 15135 15124 15109 2282 507 374 13305 2247 2200 1804
is_linear=0
shrinkage=0.05


Tree=308
num_leaves=15
num_cat=0
split_feature=6 7 8 23 30 16 0 23 23 30 27 28 13 30
split_gain=0.0871026 0.119846 0.201046 0.102012 0.173029 0.131058 0.0989894 0.11105 0.120201 0.108818 0.126668 0.095961 0.0793706 0.07928
threshold=5.2724682103148881 4.4186017428302957 1.377709388886337 0.34083864606854386 1.7118144397363062 1.0000000180025095e-35 2.3502401828962087 0.67878796347532877 0.6802189868331423 2.6578760701179731 0.38562485961776977 0.68369523948441524 4.5000000000000009 2.8793213169290244
decision_type=2 2 2 2 2 2 2 2 2 2 2 2 2 2
left_child=1 3 -3 13 -5 6 7 9 -9 -6 -11 12 -10 -1
right_child=-2 2 -4 4 5 -7 -8 8 11 10 -12 -13 -14 -15
leaf_value=0.012585896393919341 -0.011203412531988654 0.020482687385315532 -0.0086963865149494498 0.010265877213359011 -0.023838440364180265 0.008261536620229791 0.0063578670362237008 0.011491980729380184 -0.018353958054852668 0.0096157791006014869 -0.011332122344155964 0.0045054650542825456 0.0042840025270116568 -0.0057781054449458549
leaf_weight=1.0551623724967383 0.28582430763935907 0.84467478928854667 0.20770159971289104 0.78401466208902082 1.3176937919523664 0.32802640256704751 0.16818900033831585 0.29413769874884099 0.53960572006309326 0.43247394567060826 0.46810228280338606 0.51130453283406041 0.093461268581449986 0.15859820065963948
leaf_count=2038 1891 105 112 815 4178 79 8 55 4168 1849 2553 931 10 1012
internal_value=0.00103142 0.00282347 0.0132925 -0.000576153 -0.0039231 -0.00807413 -0.010897 -0.0128855 -0.000775938 -0.0180571 -0.00150605 -0.00781783 -0.0144351 0.00866018
internal_weight=7.48897 7.20315 1.05238 6.15077 4.93701 4.15299 3.82497 3.65678 1.43851 2.21827 0.900576 1.14437 0.633067 1.21376
internal_count=19804 17913 217 17696 14646 13831 13752 13744 5164 8580 4402 5109 4178 3050
is_linear=0
shrinkage=0.05


Tree=309
num_leaves=15
num_cat=0
split_feature=14 3 28 28 30 0 2 14 23 30 5 30 30 18
split_gain=0.228141 0.0868577 0.0791742 0.109983 0.0882824 0.067033 0.0661654 0.0618646 0.0705659 0.0673075 0.0608069 0.0593108 0.0546805 0.0510466
threshold=1.0000000180025095e-35 1.4978661367769956 0.30193507888796345 0.10676162245444802 2.8923127545612006 2.3502401828962087 2.4414009612931857 0.23226975964619209 0.69004243947828292 2.0659283047419472 3.5833333333333335 2.7890386329963035 2.3678296146362654 2.868115076893853
decision_type=2 2 2 2 2 2 2 2 2 2 2 2 2 2
left_child=5 2 3 -2 7 10 -7 8 -4 -10 13 -5 -9 -1
right_child=1 -3 4 11 -6 6 -8 12 9 -11 -12 -13 -14 -15
leaf_value=-0.017034962760718114 0.0078481225806895545 -0.0077639511730341519 0.020514912824578971 -0.014560010562289486 -0.0022115492411612604 0.0098193249486993733 -0.0069895599141437479 0.0071399201391480586 0.0083309447161418696 -0.0082283437869459693 0.0021144414030877688 0.0040026839660119492 -0.0069191785031343239 0.0029547288034811503
leaf_weight=1.5203920538507421 0.65808268892510546 0.17755531534260161 1.7169853278717266 0.46085558619120093 0.70790811004439991 0.27949320193329175 0.15186802072003047 0.46220359175617876 0.2000588969376621 0.2562954559125501 0.34148047889357247 0.11488092732133737 0.31869388136396992 0.062758833868428954
leaf_count=14756 656 283 218 750 951 79 153 586 41 58 671 339 360 17
internal_value=0.000896267 0.00658605 0.00833502 -0.00169876 0.0113548 -0.00966791 0.00315274 0.0143428 0.0174577 -0.00023319 -0.0126369 -0.0106665 0.000738806 -0.0154055
internal_weight=7.42951 5.07352 4.89596 1.23382 3.66215 2.35599 0.431361 2.95424 2.17334 0.456354 1.92463 0.575737 0.780897 1.58315
internal_count=19918 4242 3959 1745 2214 15676 232 1263 317 99 15444 1089 946 14773
is_linear=0
shrinkage=0.05


Tree=310
num_leaves=15
num_cat=0
split_feature=13 28 5 27 16 6 6 14 14 7 30 25 2 5
split_gain=0.121313 0.108217 0.110403 0.141107 0.100263 0.0948542 0.112327 0.0905512 0.141548 0.0851766 0.0771523 0.0763163 0.0730057 0.0631335
threshold=4.5000000000000009 0.10676162245444802 1.7500000000000002 0.96556199512184226 1.0000000180025095e-35 5.2724682103148881 3.2983662569885674 0.19631391732905409 0.1162330617881263 4.4186017428302957 3.062678130647996 2.602003343538398 0.89587973461402759 3.5833333333333335
decision_type=2 2 2 2 2 2 2 2 2 2 2 2 2 2
left_child=1 -1 3 5 7 6 12 8 13 -9 -5 -10 -3 -4
right_child=-2 2 4 10 -6 -7 -8 9 11 -11 -12 -13 -14 -15
leaf_value=0.0089705189777174749 0.012858461916679654 0.0076353477171172621 -0.014508695989383239 -0.014693727492081241 0.0072407034949554198 -0.0063511159759305118 0.019826149424174738 -0.022022532081252159 -0.0053828588569063557 0.0016809706918480161 0.0052623439758341332 0.010902585807311207 -0.0095951537566062797 0.0027328672733960171
leaf_weight=0.62431378347059752 0.35890251302043896 0.1801544786794691 1.2297771337476322 0.4045018367578449 0.16903834894765157 0.14311255284474089 0.79326010070508346 1.1552761540046956 0.38151255601928802 0.29754209314705793 0.12545007970766164 0.98828127051501724 0.34153970266925171 0.33348936143011076
leaf_count=2674 101 57 12507 53 28 609 62 2729 158 24 52 111 11 665
internal_value=-0.00111696 -0.00330549 -0.00551081 0.00325204 -0.00923233 0.00993952 0.0136901 -0.0110937 -0.00367805 -0.0184618 -0.00961786 0.00600935 -0.00253756 -0.0111993
internal_weight=7.52615 7.16725 6.54294 1.98802 4.55492 1.45807 1.31495 4.38588 2.93306 1.45282 0.529952 1.36979 0.521694 1.56327
internal_count=19841 19740 17066 844 16222 739 130 16194 13441 2753 105 269 68 13172
is_linear=0
shrinkage=0.05


Tree=311
num_leaves=15
num_cat=0
split_feature=2 30 30 25 29 30 30 23 14 27 27 0 23 25
split_gain=0.0966728 0.092501 0.218801 0.123382 0.237755 0.0813921 0.0800997 0.0726547 0.0671092 0.0535528 0.0467566 0.0448409 0.0499499 0.0398123
threshold=0.89587973461402759 2.381204734820658 2.7890386329963035 2.6735537653587347 0.5914265478164733 3.306159024072342 3.3177900677670569 0.47157354738430385 0.043279996662310256 0.49329925435954708 0.42716629974761561 2.3502401828962087 0.56656821439453664 3.7494348669884658
decision_type=2 2 2 2 2 2 2 2 2 2 2 2 2 2
left_child=1 3 -3 7 -5 -4 9 10 -9 -2 -1 13 -13 -11
right_child=6 2 5 4 -6 -7 -8 8 -10 11 -12 12 -14 -15
leaf_value=-0.0078023303580327446 0.003823927206864287 -0.015326334380170845 0.012360998581800117 -0.015837239668267254 0.011745550014152381 -0.004510117452159873 0.0063382692448976669 -0.0030127001578038031 0.019739256134049692 -0.016218956231861082 0.0057559349130254078 0.0076133550092367707 -0.0068245253303687251 0.0023025153631620466
leaf_weight=0.19121202355108868 0.1542802305364156 0.89548541868816789 1.0224256192001346 0.59988675477507036 0.56300380558741381 0.46962267080778008 0.2402793004993099 0.098852338768438019 1.3273509016635214 1.3900005394744992 0.37581055730970547 0.23519501318514802 0.17360350819581072 0.072727158705219952
leaf_count=773 325 4368 4383 1102 757 2380 278 2127 702 1719 531 60 142 188
internal_value=0.000110298 0.00360582 -0.00315268 0.0082469 -0.00322691 0.00737186 -0.00692681 0.0137826 0.0175705 -0.0100749 -0.000877558 -0.0121533 0.000989986 -0.0147371
internal_weight=7.80974 5.54365 2.38753 3.15612 1.16289 1.49205 2.26609 1.99323 1.4262 2.02581 0.567023 1.87153 0.408799 1.46273
internal_count=19835 17123 11131 5992 1859 6763 2712 4133 2829 2434 1304 2109 202 1907
is_linear=0
shrinkage=0.05


Tree=312
num_leaves=15
num_cat=0
split_feature=29 25 30 5 13 23 30 6 6 27 5 7 19 30
split_gain=0.0861889 0.160524 0.153084 0.133039 0.200982 0.145649 0.0883055 0.0812236 0.0863548 0.114621 0.0764879 0.126977 0.0881565 0.0649885
threshold=0.45253659677927999 2.6735537653587347 2.381204734820658 1.7500000000000002 4.5000000000000009 0.34083864606854386 2.5186166447254852 5.2724682103148881 3.2983662569885674 0.9731042786738352 3.5833333333333335 4.5314614791380778 7.5000000000000009 3.1832118886033336
decision_type=2 2 2 2 2 2 2 2 2 2 2 2 2 2
left_child=1 2 -1 7 5 -5 -3 8 -2 -10 11 12 -7 -11
right_child=3 6 -4 4 -6 10 -8 -9 9 13 -12 -13 -14 -15
leaf_value=0.019160726004540607 -0.0038040747966803846 -0.014408502061648482 -0.0025613445395968656 0.0035204975887078299 0.010747741633385344 0.002919353750579837 0.0049917420336258109 -0.0075060235183996475 0.019606586760653251 -0.010203576178714851 0.0015616960736151151 0.001961007855625912 -0.027947808373133456 0.0066701705442359753
leaf_weight=1.25076587519493 0.50101283536423569 0.39200778881286158 0.93982259628364762 0.61551579067884254 0.29013952604145732 0.06191802467219587 0.34971578832664818 0.17422379686422562 0.78104130248539128 0.23444060143083334 0.27009538147740375 0.33998001764484787 1.2025018750142058 0.15292562381364405
leaf_count=1812 47 1014 4389 1559 92 7 1787 716 65 6 559 699 7139 6
internal_value=0.000705823 0.0063165 0.0119595 -0.00334282 -0.00907114 -0.0137983 -0.0076472 0.00544756 0.00910485 0.0138418 -0.0187316 -0.0214358 -0.0258146 -0.00353584
internal_weight=7.55611 2.93231 2.19059 4.62379 2.78015 2.49001 0.741724 1.84364 1.66942 1.16841 1.8745 1.6044 1.26442 0.387366
internal_count=19897 9002 6201 10895 10055 9963 2801 840 124 77 8404 7845 7146 12
is_linear=0
shrinkage=0.05


Tree=313
num_leaves=15
num_cat=0
split_feature=6 28 30 30 28 30 14 6 28 1 25 3 31 28
split_gain=0.0764765 0.0788816 0.161479 0.109668 0.148031 0.0829082 0.105574 0.148681 0.0628846 0.0601155 0.0565364 0.045827 0.0443038 0.050212
threshold=5.2724682103148881 0.30193507888796345 2.6630943217977836 2.885335451430616 0.96840281502856862 1.5970786018174881 0.27808882026540188 2.9384588441731685 0.824547970038222 1.2424533248940004 3.0201273556387074 1.2424533248940004 3.1800778044445681 0.53337659528444747
decision_type=2 2 2 2 2 2 2 2 2 2 2 2 2 2
left_child=1 2 10 4 5 -3 7 -7 -8 11 -1 -9 13 -13
right_child=-2 3 -4 -5 -6 6 8 9 -10 -11 -12 12 -14 -15
leaf_value=-0.017256598074709372 -0.01020601068935976 -0.0031075684230816511 0.0095017879504366437 -0.0048796910698508675 -0.0095852001741750029 -0.0069111977032006141 -0.010197692961426899 -0.0020765213183711892 0.00631279963906541 -0.0029838175088094162 0.0018556798512042274 0.0069832732891812674 -0.0020800999126656928 0.026135419135970547
leaf_weight=0.62286763731646011 0.25429183294227176 0.51167348212402419 0.38739452841605271 1.2839092814194826 0.22784966962717579 0.15488047956353135 0.24745485951575563 0.060777727635866863 0.17931795192453137 0.062666483857128585 0.27520372292929096 1.5310992160452777 0.04257666418448014 1.6340127116111487
leaf_count=4012 1949 672 2878 4695 71 2735 736 791 119 69 605 303 52 245
internal_value=0.00151572 0.00311962 -0.00545013 0.00549357 0.00871315 0.0112488 0.0133766 0.0158253 -0.00369811 0.0182341 -0.0135078 0.0192446 0.0200461 0.0207717
internal_weight=7.47598 7.22168 1.28547 5.93622 4.65231 4.42446 3.91279 3.48601 0.426773 3.33113 0.898071 3.26847 3.20769 3.16511
internal_count=19932 17983 7495 10488 5793 5722 5050 4195 855 1460 4617 1391 600 548
is_linear=0
shrinkage=0.05


Tree=314
num_leaves=15
num_cat=0
split_feature=4 5 14 6 12 14 25 23 5 29 29 6 30 27
split_gain=0.144176 0.113237 0.124522 0.0751647 0.0682959 0.113494 0.201409 0.137343 0.107981 0.0851069 0.083258 0.0628347 0.0568922 0.0427101
threshold=4.2500000000000009 1.7500000000000002 0.29647069744014076 5.2724682103148881 0.87500000000000011 0.1162330617881263 2.602003343538398 0.66723794770089928 3.5833333333333335 0.30973942003438765 0.40878749628749633 4.0857123850075974 3.1832118886033336 0.084672118404747795
decision_type=2 2 2 2 2 2 2 2 2 2 2 2 2 2
left_child=1 3 4 -1 5 8 7 -7 10 -8 11 -3 -2 -11
right_child=12 2 -4 -5 -6 6 9 -9 -10 13 -12 -13 -14 -15
leaf_value=0.016014974953475678 -0.016041474290283297 -0.0068935688662103067 -0.014143418951925953 -0.0045655996804760983 0.012297871639096221 -0.01441452922517387 -0.004845717833451159 0.0067883883167272931 0.0062572084358880412 -0.0023819451989263198 -0.018477758418059969 0.0090757113009156867 0.003217103197172048 0.017935898966740828
leaf_weight=0.98477587407251099 0.65713893673637347 0.25416395555794202 0.39079705483891292 0.09841468203740078 0.36789598386530986 0.83015027029637189 0.1047355930222692 0.53533370459126672 0.32904236492504413 0.049060937337344401 0.77578646747622315 0.23819794333303435 0.12521492457062777 1.434774187330049
leaf_count=121 646 6293 2872 51 124 307 78 186 565 37 8184 31 132 199
internal_value=-0.000132752 0.00295919 -0.000775523 0.0128511 0.0024965 -0.000368402 0.00502257 -0.00674632 -0.00843396 0.0138369 -0.0133239 0.00173675 -0.0128835 0.0165756
internal_weight=7.17548 6.39313 5.30994 1.08319 4.91914 4.55125 2.95405 1.36548 1.59719 1.58857 1.26815 0.492362 0.782354 1.48384
internal_count=19826 19048 18876 172 16004 15880 807 493 15073 314 14508 6324 778 236
is_linear=0
shrinkage=0.05


Tree=315
num_leaves=15
num_cat=0
split_feature=27 14 28 6 7 30 30 23 28 30 28 25 14 3
split_gain=0.106716 0.103493 0.116648 0.115085 0.0934683 0.089131 0.0834104 0.0802288 0.136335 0.071981 0.0554751 0.0728989 0.0872436 0.0462296
threshold=0.96556199512184226 0.27808882026540188 0.83305235594070148 5.2724682103148881 2.9421514417660002 3.062678130647996 1.5970786018174881 0.68837693805611899 0.68369523948441524 2.9195744691195489 0.28819328626491741 2.249904835165133 0.19307250269339882 1.2424533248940004
decision_type=2 2 2 2 2 2 2 2 2 2 2 2 2 2
left_child=1 3 -3 4 -1 -2 -6 9 -9 10 11 -8 -13 -12
right_child=5 2 -4 -5 6 -7 7 8 -10 -11 13 12 -14 -15
leaf_value=-0.0064140953503078997 -0.015636155389021588 -0.015064907647442153 0.0068522560537397394 -0.0093278229769505738 -0.0047718629777048702 0.0052253835122612682 -0.0078849430458202731 -0.01048014363288057 0.010656897003262384 -0.0017061299188213753 -0.0022779059028623793 -0.0063950222624062098 0.013184125004497407 0.01978775339461504
leaf_weight=0.31260691691306863 0.43861882943770059 0.45608884131002003 0.2842755995616244 0.22694782765529442 0.34612141507659533 0.19550775424727362 0.2075576169803528 0.59399423693889708 0.46471824359650782 0.4520734860811898 0.047642785305243129 0.14323131843002557 0.68382347906299401 2.6954642822215646
leaf_count=12296 466 2813 235 1402 81 218 206 572 109 544 284 236 14 470
internal_value=0.00197244 0.00418334 -0.00754765 0.00644602 0.00830398 -0.00994261 0.00996422 0.0115341 -0.000532341 0.0140786 0.0159293 0.00263796 0.00814904 0.0188983
internal_weight=7.54867 6.91455 0.740364 6.17418 5.94723 0.634127 5.63463 5.28851 1.05871 4.22979 3.77772 1.03461 0.827055 2.74311
internal_count=19946 19262 3048 16214 14812 684 2516 2435 681 1754 1210 456 250 754
is_linear=0
shrinkage=0.05


Tree=316
num_leaves=15
num_cat=0
split_feature=14 14 28 30 6 27 6 30 14 19 29 5 30 27
split_gain=0.140784 0.145259 0.113122 0.146642 0.103492 0.0886432 0.0876077 0.0778405 0.0766316 0.0573832 0.0566289 0.0558813 0.0339874 0.0329642
threshold=0.05552986400791847 0.19631391732905409 0.53337659528444747 2.6578760701179731 3.6785681060026527 0.70520450683630642 2.9543757604967378 3.4149324032555914 0.27015020050567046 1.5000000000000002 0.79127144235468083 3.5833333333333335 1.6925026597870694 0.8559892572075426
decision_type=2 2 2 2 2 2 2 2 2 2 2 2 2 2
left_child=7 4 3 8 6 -6 -2 9 -3 -1 -4 12 -11 -13
right_child=1 2 10 -5 5 -7 -8 -9 -10 11 -12 13 -14 -15
leaf_value=0.0045890013183261533 0.0082922085278042575 -0.02045389332888288 0.010091491816815326 0.0074903549841837591 0.021132566347320511 -0.0034566598163565604 -0.0092359992605754709 0.0057061751231842648 0.0019928028887575308 0.00084867821589831155 -0.0050048282235814834 0.0073900579787804649 -0.016028536748504858 -0.0048953543098980831
leaf_weight=0.10098173277219813 0.41953118486753771 0.6395415447288999 1.0023905684761301 0.29089885415930894 1.3710401973562509 0.13554436319691365 0.43761498152616696 0.37745379021316683 0.28214671674481906 0.22978370873983056 0.19366346090862396 0.17257448239251982 1.4270385140470692 0.10844490889303415
leaf_count=33 428 174 806 942 138 47 159 1585 1296 785 187 9 12650 588
internal_value=0.00194049 0.0065132 -0.00207638 -0.00963155 0.0132811 0.0184239 -0.000811332 -0.00635388 -0.0161212 -0.00972963 0.00648118 -0.0117838 -0.0142494 0.00252858
internal_weight=7.18865 4.77237 2.40864 1.21259 2.36373 1.50658 0.857146 2.41628 0.921688 2.03882 1.19605 1.93784 1.65682 0.281019
internal_count=19827 4177 3405 2412 772 185 587 15650 1470 14065 993 14032 13435 597
is_linear=0
shrinkage=0.05


Tree=317
num_leaves=15
num_cat=0
split_feature=18 30 25 2 25 13 29 5 27 5 14 6 14 2
split_gain=0.141594 0.138674 0.120083 0.119146 0.0957238 0.0968046 0.0747676 0.0771323 0.0743745 0.0707593 0.0637854 0.0611882 0.054832 0.0476313
threshold=1.0000000180025095e-35 2.381204734820658 2.740319461670996 0.89587973461402759 3.0201273556387074 4.5000000000000009 0.2621043250291295 1.7500000000000002 0.17586961413165766 3.5833333333333335 0.043279996662310256 4.5033188460601865 0.23226975964619209 2.4414009612931857
decision_type=2 2 2 2 2 2 2 2 2 2 2 2 2 2
left_child=1 2 3 10 5 6 -3 -8 -4 -9 -1 -6 -12 -2
right_child=13 4 8 -5 11 -7 7 9 -10 -11 12 -13 -14 -15
leaf_value=-0.0035100475293189898 0.015388658502071804 0.002550145155866598 0.0055637346589912477 -0.005929996209044823 0.0084535116598358495 0.0054129107589118855 -0.0015722862026413529 -0.025011264571317682 -0.012326143638309939 0.001198211218883558 0.017507305938107402 -0.0070068201864055355 -0.0012826760977631361 -0.0032160154848265448
leaf_weight=0.17294935636169917 0.44364875447354268 0.23808257111522957 0.17689984585297214 0.56331932158934694 0.55258677303822867 0.12107647513039399 0.7263958166290666 1.3048889279045837 0.78694928113247897 0.19054220788621012 1.3788400987612019 0.15643965165736518 0.30946558272967184 0.065967131755314767
leaf_count=3282 134 3333 364 464 1667 17 405 6531 1629 356 198 556 783 11
internal_value=-0.00180743 -0.0043742 0.00252976 0.00776151 -0.0104169 -0.0138818 -0.0161215 -0.0182927 -0.00788158 -0.0225298 0.0125296 0.00293842 0.0148672 0.0124453
internal_weight=7.18805 6.67844 3.38842 2.42457 3.29001 2.58099 2.45991 2.22183 0.963849 1.49543 1.86126 0.709026 1.68831 0.509616
internal_count=19730 19585 6720 4727 12865 10642 10625 7292 1993 6887 4263 2223 981 145
is_linear=0
shrinkage=0.05


Tree=318
num_leaves=15
num_cat=0
split_feature=28 28 16 13 14 6 5 5 29 0 4 14 6 7
split_gain=0.120146 0.110269 0.094648 0.0752178 0.078793 0.105199 0.183799 0.0886622 0.0909781 0.109428 0.0751231 0.0746237 0.0713043 0.0636287
threshold=0.30193507888796345 0.32268354953415196 0.077075245101965825 4.5000000000000009 0.15368724017436236 4.0231389717980077 1.7500000000000002 3.5833333333333335 0.2621043250291295 1.4978661367769956 4.2500000000000009 0.29992276023777087 4.4288206438694759 3.1717757263905457
decision_type=2 2 2 2 2 2 2 2 2 2 2 2 2 2
left_child=2 -2 -1 4 7 6 -6 8 -3 12 13 -7 -10 -11
right_child=1 3 -4 -5 5 11 -8 -9 9 10 -12 -13 -14 -15
leaf_value=-0.018485185517013832 0.012790567326647601 0.0058208481686683701 0.0049497467416046142 0.009243919249257616 0.010091802029000452 0.012997045412055026 -0.016713793136185245 0.0053585203587216603 -0.023144760499102607 -0.0057116661333151148 -0.0082954914598549825 -0.0053018755939037475 0.00063040176224607133 0.011121552247067009
leaf_weight=0.71181915981185273 0.43384650438554206 0.16542685411548141 0.10951133072376251 0.24168390489649016 0.25246536883059878 1.0668874762095581 0.51189038432096368 0.40584432031573658 1.0806589582063568 0.1237512152063116 0.72888829910834829 0.14819707968445062 0.31054593743397152 0.57997347832042578
leaf_count=7441 478 1239 6 86 74 66 1589 667 6413 20 657 130 716 275
internal_value=-0.00309851 0.000249913 -0.0143585 -0.00250563 -0.00440124 0.00273408 -0.0071583 -0.00823689 -0.0109633 -0.0132116 -0.00131082 0.00937925 -0.0197934 0.0065464
internal_weight=6.87139 6.05006 0.82133 5.61621 5.37453 1.97944 0.764356 3.39509 2.98924 2.82382 1.43261 1.21508 1.3912 0.703725
internal_count=19857 12410 7447 11932 11846 1859 1663 9987 9320 8081 952 196 7129 295
is_linear=0
shrinkage=0.05


Tree=319
num_leaves=15
num_cat=0
split_feature=16 13 5 29 7 5 23 23 23 23 29 28 28 2
split_gain=0.0990174 0.0810251 0.0984072 0.140097 0.135894 0.166723 0.116196 0.0980855 0.0828513 0.131584 0.082862 0.0825721 0.0687354 0.0598243
threshold=1.0000000180025095e-35 4.5000000000000009 1.7500000000000002 0.35330032829664554 4.4186017428302957 3.5833333333333335 0.34083864606854386 0.32304519422201738 0.48274579741104501 0.6802189868331423 0.25820768859100324 0.89727157876980923 0.95463022597029557 2.4414009612931857
decision_type=2 2 2 2 2 2 2 2 2 2 2 2 2 2
left_child=1 2 11 8 5 6 7 -5 -4 10 -10 -1 -13 -2
right_child=13 -3 3 4 -6 -7 -8 -9 9 -11 -12 12 -14 -15
leaf_value=0.013320368965237675 0.015076340904989705 0.0096309841267161606 -0.0076304968321197989 -0.010057336734971008 0.0026483921916166213 0.0059700021444552076 -0.024571518245610029 0.0094667359939984638 -0.0047407952232034001 -0.0085348276886620788 0.016781948942743017 -0.0091581442290579167 0.0057788080399401526 -0.0040806838318323754
leaf_weight=0.38145187200097996 0.43076871981611464 0.25353218906093378 0.3638050057276131 0.244673266506369 0.90742620443870681 0.27305576251910668 1.7185737942173203 0.33141021956987515 0.10365390590516188 0.19262881924908004 1.0608696170119172 0.65588214169201797 0.53206186212128159 0.085733405780047178
leaf_count=73 140 48 2296 1585 1312 171 8699 139 1933 2164 643 520 162 14
internal_value=-0.000467551 -0.00263511 -0.00427581 -0.00731007 -0.0120805 -0.016569 -0.020249 5.45725e-05 0.00322233 0.00813453 0.013561 0.00470544 -0.00288459 0.0113025
internal_weight=7.53553 7.01902 6.76549 5.1961 3.47514 2.56771 2.29466 0.576083 1.72096 1.35715 1.16452 1.5694 1.18794 0.516502
internal_count=19899 19745 19697 18942 11906 10594 10423 1724 7036 4740 2576 755 682 154
is_linear=0
shrinkage=0.05


Tree=320
num_leaves=15
num_cat=0
split_feature=6 28 27 7 16 13 6 23 25 25 14 7 24 28
split_gain=0.0731932 0.0849111 0.105596 0.0907339 0.083384 0.0799285 0.0794248 0.108924 0.191925 0.171489 0.114329 0.105265 0.105072 0.0822224
threshold=5.2724682103148881 0.81560773893833771 0.96556199512184226 3.3630845931548374 1.0000000180025095e-35 4.5000000000000009 4.4288206438694759 0.48502956425772725 2.602003343538398 1.8688348091416842 0.1162330617881263 4.321497902261858 0.24568965517241384 0.68369523948441524
decision_type=2 2 2 2 2 2 2 2 2 2 2 2 2 2
left_child=1 4 3 -3 5 6 7 8 -1 -9 -10 13 -8 -11
right_child=-2 2 -4 -5 -6 -7 12 9 10 11 -12 -13 -14 -15
leaf_value=-0.011358993620161732 -0.01006062073324264 -0.0010529863325527834 -0.0049411898197880633 0.018872621290596067 0.010717092101908868 0.0088889813286141053 0.012288851987942512 0.0051230104930532682 -0.0066045216148011556 -0.026549584966393903 0.016291430537352224 0.0033998622502901354 -0.0079573475985107653 0.001707068397289316
leaf_weight=0.77396088006833019 0.24994335799806311 0.65187957656655759 0.47143344321955272 1.0553368808214143 0.27215347261517298 0.21583050908520807 0.49766094042865905 0.44157499324177241 0.14685327947671567 1.0452876317203275 0.84083992273690455 0.15704912583896646 0.23962727594789612 0.16284425862704655
leaf_count=3414 1960 1228 141 128 64 42 180 2772 1309 7254 334 39 66 879
internal_value=0.001393 0.00301403 0.00936862 0.0136857 -0.000992584 -0.00351071 -0.00569048 -0.00847831 0.000820193 -0.0146067 0.0112771 -0.0204562 0.00491593 -0.0236926
internal_weight=7.22228 6.97233 2.17865 1.70722 4.79368 4.52153 4.3057 3.56841 1.76165 1.80676 0.987693 1.36518 0.737288 1.20813
internal_count=19810 17850 1497 1356 16353 16289 16247 16001 5057 10944 1643 8172 246 8133
is_linear=0
shrinkage=0.05


Tree=321
num_leaves=15
num_cat=0
split_feature=6 25 23 7 25 6 30 30 28 13 28 16 29 14
split_gain=0.0899278 0.0724785 0.0768134 0.0582743 0.124903 0.102634 0.0578 0.061619 0.0545016 0.0515448 0.063622 0.0556998 0.051509 0.0514322
threshold=5.2724682103148881 3.1567740231385479 0.68837693805611899 3.9179919320456364 2.249904835165133 3.699446240432394 1.5366381219115024 3.3271257466900668 0.824547970038222 4.5000000000000009 0.68369523948441524 0.033040458973645444 0.2621043250291295 0.30744191542908988
decision_type=2 2 2 2 2 2 2 2 2 2 2 2 2 2
left_child=1 2 3 4 8 12 -5 13 -1 10 11 -4 -6 -8
right_child=-2 -3 9 6 5 -7 7 -9 -10 -11 -12 -13 -14 -15
leaf_value=-0.012524710771426195 -0.010375657223983094 -0.0067405501027201602 -0.016102170517118718 -0.002374993182644817 -0.0033640400099234943 -0.0061743244135237319 0.018533212882331482 -0.0034832692894927741 0.0021728607981780653 0.0065754703865115033 0.0027346061442819411 0.0035407301953242045 0.015141968496136382 -0.002599756834394471
leaf_weight=0.53040797853105937 0.25954572778982754 0.49749592422165267 0.44554396690205045 0.25878034700144814 0.071683584584206872 0.27554087407736449 1.7499183096697377 0.074681710626464226 0.64719243872548304 0.15111787142814126 0.65709572212927014 0.076051885029301047 1.3810842526298186 0.070248922973405459
leaf_count=5329 1965 1748 3871 12 1611 347 253 27 416 33 920 7 3319 36
internal_value=0.00244352 0.00418095 0.00582845 0.0083231 0.00230029 0.00900687 0.0131434 0.0153511 -0.0071587 -0.00316152 -0.00685498 -0.0127934 0.0132296 0.017085
internal_weight=7.14639 6.88684 6.38935 5.05954 2.90591 1.72831 2.15363 1.89485 1.1776 1.32981 1.17869 0.521596 1.45277 1.82017
internal_count=19894 17929 16181 11350 11022 5277 328 316 5745 4831 4798 3878 4930 289
is_linear=0
shrinkage=0.05


Tree=322
num_leaves=15
num_cat=0
split_feature=14 29 14 2 7 6 0 5 4 6 28 14 14 27
split_gain=0.0786631 0.0707482 0.0764344 0.056083 0.0509783 0.127504 0.0485804 0.0383989 0.132344 0.0490583 0.0344663 0.0372969 0.0889584 0.0324057
threshold=0.052128602168874792 0.30179375804375813 0.058516247000031857 0.89587973461402759 3.3630845931548374 3.5361008724283134 2.0126758453675748 1.7500000000000002 4.2500000000000009 5.2724682103148881 0.084669945883770747 0.16530076646749856 0.11903714941306653 0.49752420639784295
decision_type=2 2 2 2 2 2 2 2 2 2 2 2 2 2
left_child=4 2 -2 10 6 -6 -1 8 9 -7 -3 12 -12 -5
right_child=1 3 -4 13 5 7 -8 -9 -10 -11 11 -13 -14 -15
leaf_value=-0.014564375969052532 0.0064944787643730394 -0.0033264795106034608 -0.011962944357367906 0.0039979699835822778 0.012413338395089322 0.014373551707723229 0.0034240625494345294 -0.011323354567635821 -0.010305558369021126 -0.0035535877481951989 0.0081526763866244713 0.012993604016277752 -0.0084100233358661205 -0.0085308416189095512
leaf_weight=0.45618648205186252 0.14762425227672782 0.070149341051774949 0.34953247125076814 0.13326059183100358 0.41169300118383478 0.4011534698656759 0.07771245603908028 0.53597258969750772 0.42913755524295993 0.075054208340588957 0.93346223444405063 2.2274142741775904 0.4165719757700117 0.19958848453813971
leaf_count=12575 9 248 1449 79 333 25 44 1994 586 52 262 1739 152 255
internal_value=0.0015304 0.00508096 -0.00580511 0.00733321 -0.00466373 0.000603802 -0.0114208 -0.00647239 0.00083512 0.0110548 0.00908543 0.0100023 0.00163806 -0.00427862
internal_weight=6.86451 4.4776 0.497157 3.98045 2.38691 1.85301 0.533899 1.44132 0.905345 0.476208 3.6476 3.57745 1.35003 0.332849
internal_count=19802 4193 1458 2735 15609 2990 12619 2657 663 77 2401 2153 414 334
is_linear=0
shrinkage=0.05


Tree=323
num_leaves=15
num_cat=0
split_feature=6 18 7 25 30 14 5 25 13 2 8 14 30 25
split_gain=0.0828463 0.0548757 0.0682589 0.0844068 0.133091 0.103518 0.111933 0.0994183 0.0788434 0.0768884 0.0547129 0.0532354 0.0696255 0.0513659
threshold=4.9339566026354147 1.0000000180025095e-35 4.4186017428302957 3.0201273556387074 2.3678296146362654 0.058516247000031857 1.7500000000000002 2.740319461670996 4.5000000000000009 1.7005986908310777 1.377709388886337 0.05552986400791847 3.3918004488310562 3.1567740231385479
decision_type=2 2 2 2 2 2 2 2 2 2 2 2 2 2
left_child=1 2 3 4 7 11 -7 9 -8 -1 -4 12 -6 -5
right_child=-2 -3 10 13 5 6 8 -9 -10 -11 -12 -13 -14 -15
leaf_value=0.010781793607029558 -0.0094916654331369411 0.012057282654426411 0.01379254257533496 0.011904933800934412 -0.010303659092033112 0.0048473292521551969 -0.024176269637580988 -0.0085906685651315536 0.0031133719570700454 -0.0063873800676420359 -0.0040720707253670742 0.0086300161751887757 0.0060227764010586313 -0.0035125741929611857
leaf_weight=1.8351581076852315 0.54559165898558593 0.4437294334929901 0.48746919361292373 0.6303017264583558 0.62343929760334071 0.10714721004478633 0.88054695764230906 0.39769825919881885 0.066215005004778504 0.13207393931224931 0.088037092915328685 0.20536545197228406 0.26294230249953898 0.26433344726541463
leaf_count=4248 2041 139 44 892 6341 21 2181 844 7 3 69 9 1305 1646
internal_value=0.00120741 0.00327207 0.000986419 -0.00143625 -0.00438557 -0.0112845 -0.0179065 0.00336707 -0.0216488 0.00786494 0.0102097 0.000612587 -0.00483515 0.00789997
internal_weight=6.97005 6.42446 5.98073 5.40522 4.51059 2.14566 1.05391 2.36493 0.946762 1.96723 0.575506 1.09175 0.886382 0.894635
internal_count=19790 17749 17610 17497 14959 9864 2209 5095 2188 4251 113 7655 7646 2538
is_linear=0
shrinkage=0.05


Tree=324
num_leaves=15
num_cat=0
split_feature=5 13 28 19 5 7 29 25 29 6 29 7 6 2
split_gain=0.173431 0.165019 0.183908 0.114044 0.123065 0.152933 0.148075 0.115716 0.107899 0.114161 0.0708792 0.0539071 0.0528818 0.0470324
threshold=1.7500000000000002 4.5000000000000009 0.10676162245444802 7.5000000000000009 3.5833333333333335 4.321497902261858 0.76379584099976716 1.8688348091416842 0.9931910576958104 5.2724682103148881 0.33738955921583991 3.1919587132661058 3.7226998520434811 2.4414009612931857
decision_type=2 2 2 2 2 2 2 2 2 2 2 2 2 2
left_child=8 2 11 -4 5 7 -7 10 9 13 -5 -2 -6 -1
right_child=1 -3 3 4 12 6 -8 -9 -10 -11 -12 -13 -14 -15
leaf_value=0.01977868305812476 -0.0042836953478440449 0.011313558713718251 0.0063665885597747642 0.0067977002314238318 0.009678703040766113 0.010578515622637407 -0.012220914478913263 -0.027862205848587524 -0.005619843545246775 -0.0058298361619615619 -0.0095723919699406586 0.012102062611661366 -0.0057831396409077206 -0.002380448351789933
leaf_weight=1.0867718143999807 0.15597930627461654 0.29612580136745226 0.14556062570773098 0.38555433777662651 0.24127401818986971 0.56105317046967673 0.30989837172319312 1.5967000803296967 0.35443615015083185 0.13008963899255821 0.29151431057289301 0.44909232922691444 0.13025285836283729 0.047378115355968364
leaf_count=133 2636 98 25 1749 12 34 805 9794 50 667 3150 73 672 1
internal_value=-0.00141867 -0.00625001 -0.00938557 -0.0133034 -0.0153471 -0.0180443 0.000270167 -0.0229992 0.00938658 0.0142176 -0.00175562 0.00784086 0.00399373 0.0181713
internal_weight=6.18168 4.56301 4.26688 3.66181 3.51625 3.14472 0.870952 2.27377 1.61868 1.26424 0.677069 0.605072 0.371527 1.13415
internal_count=19899 19048 18950 16241 16216 15532 839 14693 851 801 4899 2709 684 134
is_linear=0
shrinkage=0.05


Tree=325
num_leaves=15
num_cat=0
split_feature=30 6 13 0 14 2 29 8 7 30 7 14 6 3
split_gain=0.176201 0.0821365 0.08046 0.0785318 0.0940639 0.0639834 0.0557852 0.0459028 0.0441804 0.0421475 0.0433095 0.0815235 0.0294778 0.02501
threshold=2.2085860340546035 5.2724682103148881 4.5000000000000009 2.3502401828962087 0.22051435730853819 2.4414009612931857 0.25820768859100324 2.8146337265085291 4.0181259238190483 3.8086306038254105 3.1717757263905457 0.29647069744014076 4.5033188460601865 1.2424533248940004
decision_type=2 2 2 2 2 2 2 2 2 2 2 2 2 2
left_child=2 5 3 4 12 6 -2 9 -6 10 -8 13 -1 -12
right_child=1 -3 -4 -5 8 -7 7 -9 -10 -11 11 -13 -14 -15
leaf_value=-0.020425038718066821 -0.0043357760953535995 -0.0076321075228715021 0.0061719600042886924 0.0048582632544117606 -0.0056434314814465605 -0.0058062338670998538 -0.0013192839614510476 -0.0037619403214392368 0.0077044591993491417 -0.002789013203233845 -0.0016166575294513617 -0.0043929934006777943 0.00057575850116178611 0.015739732767205607
leaf_weight=1.058941319906239 0.1685648322641099 0.17936275830402326 0.14071736927144218 0.14722890914663356 0.25566443857428556 0.12283842964097846 0.34904310805768535 0.080470892228276969 0.2656743925772389 0.14198943786300322 0.033380737550829376 0.16097802701506214 0.12344301988014184 3.6217682707253971
leaf_count=3442 4456 1512 53 32 779 5 6949 405 23 551 424 166 444 602
internal_value=0.00130317 0.00620614 -0.0087336 -0.0116342 -0.0143291 0.00798711 0.00933706 0.0105696 0.0017518 0.0114958 0.0124284 0.0136987 -0.0189733 0.015268
internal_weight=6.85007 4.8584 1.99167 1.85095 1.70372 4.67903 4.5562 4.38763 0.521339 4.30716 4.16517 3.81613 1.18238 3.65515
internal_count=19843 15070 4773 4720 4688 13558 13553 9097 802 8692 8141 1192 3886 1026
is_linear=0
shrinkage=0.05


Tree=326
num_leaves=15
num_cat=0
split_feature=0 25 30 28 30 16 28 23 14 27 30 14 27 16
split_gain=0.11698 0.100968 0.0955358 0.0915622 0.072837 0.0894666 0.058611 0.0573303 0.0552558 0.0549695 0.0512841 0.0479456 0.0478954 0.0396378
threshold=0.89587973461402759 2.740319461670996 2.6578760701179731 0.7099778471497552 2.3875337925565705 1.0000000180025095e-35 0.82004012759363809 0.6802189868331423 0.06927431435618088 0.49329925435954708 3.3177900677670569 0.20357668927109343 0.68549830705002357 0.59480585214883275
decision_type=2 2 2 2 2 2 2 2 2 2 2 2 2 2
left_child=1 4 3 -3 7 6 -6 8 -1 -2 13 -4 -9 -11
right_child=9 2 11 -5 5 -7 -8 12 -10 10 -12 -13 -14 -15
leaf_value=-0.0018665016006011175 0.0046762250111201924 -0.016870792955850929 -0.0046860103717189074 0.0049771043907113049 -0.011163202308176856 0.009972691508030292 0.0039094148551923015 -0.0078138419518705201 0.01706636072025763 -0.014468713071005213 0.0034564320798282874 0.010256594957650701 0.0063391471338011436 0.0027527470886230974
leaf_weight=0.24086542731447558 0.11499930849572582 0.6214551999452167 0.14834310990380573 0.16042055105572217 0.82661553009438626 0.24853668268769968 0.3775508486412491 0.25961439874839687 1.4425283664120341 1.5500937262271461 0.1411545119685228 0.3718750920443199 0.16892580652506695 0.058218328340444603
leaf_count=2199 83 2113 1905 303 7027 57 793 1290 662 2559 306 375 192 17
internal_value=-0.000431107 0.00366342 -0.00559929 -0.0121107 0.00753233 -0.00104138 -0.00680777 0.0118693 0.0146713 -0.00866663 -0.0109255 0.00571603 -0.00170274 -0.0130289
internal_weight=6.7312 4.86673 1.30209 0.781876 3.56464 1.4527 1.20417 2.11193 1.68339 1.86447 1.74947 0.520218 0.42854 1.60831
internal_count=19881 16916 4696 2416 12220 7877 7820 4343 2861 2965 2882 2280 1482 2576
is_linear=0
shrinkage=0.05


end of trees

feature_importances:
log_fee_rate=479
log_sent=474
log_recv=434
out_service_share=408
tx_anom_mean=348
actor_anom=280
tx_anom_max=274
avg_n_out=273
log_shared_ip_clusters=261
mean_origin_p=259
peel_len_max=179
taint_max=150
log_n_addr=147
log_tx_recv=118
log_counterparties=115
avg_n_in=90
seed_hops=69
peel_share=48
log_lifetime_h=29
ppr_log=28
night_share=24
taint_in_frac=20
unobservable_share=13
log_tx_sent=10
consolidation_share=9
n_origin_ips=9
n_risk_paths=8
top_ip_share=8
log_gap_h=7
country_count=6
in_service_share=1

parameters:
[boosting: gbdt]
[objective: binary]
[metric: average_precision]
[tree_learner: serial]
[device_type: cpu]
[data_sample_strategy: bagging]
[data: ]
[valid: ]
[num_iterations: 600]
[learning_rate: 0.05]
[num_leaves: 15]
[num_threads: 1]
[seed: 26146]
[deterministic: 1]
[force_col_wise: 0]
[force_row_wise: 1]
[histogram_pool_size: -1]
[max_depth: -1]
[min_data_in_leaf: 5]
[min_sum_hessian_in_leaf: 0.001]
[bagging_fraction: 0.8]
[pos_bagging_fraction: 1]
[neg_bagging_fraction: 1]
[bagging_freq: 1]
[bagging_seed: 17184]
[bagging_by_query: 0]
[feature_fraction: 0.8]
[feature_fraction_bynode: 1]
[feature_fraction_seed: 16238]
[extra_trees: 0]
[extra_seed: 17932]
[early_stopping_round: 0]
[early_stopping_min_delta: 0]
[first_metric_only: 0]
[max_delta_step: 0]
[lambda_l1: 0]
[lambda_l2: 1]
[linear_lambda: 0]
[min_gain_to_split: 0]
[drop_rate: 0.1]
[max_drop: 50]
[skip_drop: 0.5]
[xgboost_dart_mode: 0]
[uniform_drop: 0]
[drop_seed: 22793]
[top_rate: 0.2]
[other_rate: 0.1]
[min_data_per_group: 100]
[max_cat_threshold: 32]
[cat_l2: 10]
[cat_smooth: 10]
[max_cat_to_onehot: 4]
[top_k: 20]
[monotone_constraints: ]
[monotone_constraints_method: basic]
[monotone_penalty: 0]
[feature_contri: ]
[forcedsplits_filename: ]
[refit_decay_rate: 0.9]
[cegb_tradeoff: 1]
[cegb_penalty_split: 0]
[cegb_penalty_feature_lazy: ]
[cegb_penalty_feature_coupled: ]
[path_smooth: 0]
[interaction_constraints: ]
[verbosity: -1]
[saved_feature_importance_type: 0]
[use_quantized_grad: 0]
[num_grad_quant_bins: 4]
[quant_train_renew_leaf: 0]
[stochastic_rounding: 1]
[linear_tree: 0]
[max_bin: 255]
[max_bin_by_feature: ]
[min_data_in_bin: 3]
[bin_construct_sample_cnt: 200000]
[data_random_seed: 19884]
[is_enable_sparse: 1]
[enable_bundle: 1]
[use_missing: 1]
[zero_as_missing: 0]
[feature_pre_filter: 1]
[pre_partition: 0]
[two_round: 0]
[header: 0]
[label_column: ]
[weight_column: ]
[group_column: ]
[ignore_column: ]
[categorical_feature: ]
[forcedbins_filename: ]
[precise_float_parser: 0]
[parser_config_file: ]
[objective_seed: 13078]
[num_class: 1]
[is_unbalance: 0]
[scale_pos_weight: 8.3353]
[sigmoid: 1]
[boost_from_average: 1]
[reg_sqrt: 0]
[alpha: 0.9]
[fair_c: 1]
[poisson_max_delta_step: 0.7]
[tweedie_variance_power: 1.5]
[lambdarank_truncation_level: 30]
[lambdarank_norm: 1]
[label_gain: ]
[lambdarank_position_bias_regularization: 0]
[eval_at: ]
[multi_error_top_k: 1]
[auc_mu_weights: ]
[num_machines: 1]
[local_listen_port: 12400]
[time_out: 120]
[machine_list_filename: ]
[machines: ]
[gpu_platform_id: -1]
[gpu_device_id: -1]
[gpu_device_id_list: ]
[gpu_use_dp: 0]
[num_gpu: 1]

end of parameters

pandas_categorical:null
